,1447,1449,1487,2019,2176,2968,3221,3243,4640,4674,4699,4723,4885,4973,5786,6781,7065,7163,7647,7982,8007,8245,8898,9783,10035,10614,11811,11856,12124,12138,12635,13341,13988,14822,14824,15417,20686,21825,24616,26367,28034,28349,29804,30990,34749,39293,61302,61380,61388,61739,62689,63172,114628,124434,133768,139665,141913,143356,144009,145701,149070,149337,157057,160225,163610,164708,165993,176701,177088,178507,179534,179741,184254,184500,184700
2001-03-01,0.02512610920977628,0.0526370393144107,0.026819834988888673,-0.007464764057426474,0.013493154530179338,0.040447664973902946,-0.007634287433817927,0.059009934014971045,-0.0054085482497937655,0.08505045173994988,0.033265204614884795,0.08343466626859718,0.059431327507026815,0.01915775991517479,0.06006204948171045,0.014802575044385384,0.028460262870011944,0.04322712981888888,0.08440594242101068,0.015528001513438248,0.08796692503734921,0.04590762521651378,0.08072070466869567,0.08455787503473422,0.0409655888569893,0.0631285315698763,0.008278254678391307,-0.010433974979170613,0.028934540873827626,0.030921749623619103,0.04324691763864327,0.022587706109611704,0.04589295581617188,0.03286145531911639,0.005068766720143455,0.06064854971294922,,,,,0.028246406450067228,0.016785677409385063,-0.0025398609526589245,0.037522129848832825,,,0.03485248034714628,0.04911850266860134,0.01201622230188092,0.042678694473573815,,0.03630201174610174,0.02489573278182244,-0.009866842558767505,0.026072291445890218,0.03887248789529309,0.07937785861678191,,,,,,,,,,,,,,,,,,
2001-06-01,-0.004462759298950494,0.06196368439640563,-0.00013334649370477577,0.006289216368610418,0.016910079235615025,0.023156867561725462,-0.01714172137280999,0.004739884017634695,-0.0068953542817531575,0.06292913852013814,0.0032147553510084264,0.04469161367127264,0.06393469706249154,0.08460826965293994,0.050213506773637985,0.025384155083756077,0.031060240977822624,0.02570242527168044,0.06293499175792443,0.006160483053286175,0.06984963902160854,0.010150938369646482,0.06969369799227132,0.060233372950696855,0.014718456771667568,0.057328227653626024,0.03914692117773722,-0.0030424328831018753,0.020643156108367575,0.06240811727105012,0.03210506250846917,0.04271719932064576,0.05879567504084348,0.007460694376284726,-0.005513721519336163,0.09246195402618776,,,,,-0.0021792453006568313,-0.012127617127290437,0.026911674815147512,0.01891551141005298,,,0.02034481424433526,0.053258741964496675,-0.00870963083377718,0.022069649685581404,,0.040630030303631604,0.05462906545785444,0.034735744246701575,0.050595575536354624,0.07317705533977766,0.025468634223082737,,,,,,,,,,,,,,,,,,
2001-09-01,0.00708832547128302,0.04068365303779871,-0.0015306843206912438,0.002194880307836698,0.021055301677255178,0.011778929782447696,-0.004592124297761466,0.015657497031216275,-0.00538209270130365,0.05169899053419478,-0.0012611851830593099,0.04354318775349493,0.038077878732087206,0.07159032793532738,0.027275759249326056,0.026380335918040888,0.02540877339676094,0.00594024548001085,0.06645302841423285,-0.004061792563964872,0.05009714200392896,-0.002903234894980422,0.061607790259995514,0.04106107690007702,0.00812685536573777,0.049998043223411406,0.03286786740382604,-0.010212197204155237,0.05006342782404583,0.05272626707467976,0.022188500350839014,0.04000564735678137,0.07946978935577098,0.00495782594750568,-0.0037190373654299065,0.06940312621380429,,,,,0.0026020566583598546,-0.014002627794988405,0.014786883406702896,0.015529937060398008,,,0.045007579904867125,0.05450687195510775,0.00427906484731018,0.01019502615021199,,0.06699005957647577,0.06485100808984716,0.02252961841168021,0.014502242693480896,0.07310444778683448,0.05116384136604812,,0.04155602554785067,,,,,,,,,,,,,,,,
2001-12-01,0.05985871153826387,0.06870820825175178,0.017378905947960793,0.024475761099154662,0.03767295834985346,0.027954109865666196,0.014278561200344698,0.03371914620124865,0.019654300482251297,0.07348848105250302,0.04189595447443339,0.04753540176372231,0.04838983759497737,0.06780862113405317,0.044200544058553455,0.05295129112063492,0.04036299014451325,0.07651594428513535,0.06552155000875624,0.02769621356149949,0.06838345956141781,0.0464738987043442,0.06624327611235314,0.06540991935105384,0.028069129326593223,0.0549170301515845,0.11224008301426203,0.02319454258572693,0.04489068228051529,0.0663446944233785,0.03498353074067376,0.048006198034157246,0.06677511506578432,0.04979520954747908,0.0124461413850394,0.08272138541221294,,,,,0.07369536695209923,0.01474749012869897,0.06526399783991092,0.0485055267516807,,,0.05115824168124496,0.006137663115939304,0.01811114971883104,0.03717592424508196,,0.10280750637120441,0.04678106106206678,0.02368574466864391,0.0589433508477243,0.09991782173796367,0.0583017869403895,,0.06703171576162166,,,,,,,,,,,,,,,,
2002-03-01,0.016021350146766075,0.07192329771149568,0.018164620083624496,0.016406385592168293,0.028092168619926222,0.046289864933547406,0.003947023211710297,0.041986430413346466,0.012344651601399971,0.07949306277808076,0.03757549548644402,0.0595097048028264,0.05227896758321781,0.0584436730735972,0.05620251509212875,0.05629929670021625,0.03580607688801434,0.07701245606853574,0.06393395832801234,0.014260317019724418,0.07178396264858444,0.04172649993945699,0.06204689741980804,0.06362641999079707,0.021345043033077684,0.06592299397833824,0.10982232697417266,0.013015540170115476,0.02605925413624667,0.0487163969715041,0.043389734850016765,0.05592239304661646,0.08059648952879755,0.04185951746861916,0.008241783218830408,0.08430037585833423,,,,,0.017058092895115493,0.009478270076712142,0.08652843493374453,0.05358063803551784,,,0.0515091893286852,-0.005300286628274499,0.017155344193711643,0.024401529773790245,,0.11139897626230036,0.027628926704980593,0.013358714215405321,0.05262224248992213,0.10101117141663708,0.06793565039744826,0.052330502816861794,0.066043755767909,0.05895968413222987,,,,,,,,,,,,,,,
2002-06-01,0.016307832983174717,0.06069138747500242,0.00045058359773746196,0.014043067996009864,0.0078090569952339465,0.016512616622131878,0.009924162323297396,0.01044043132358938,0.007494268595099032,0.06674250510415283,0.01615893493967745,0.04858462714534621,0.04505676070023743,0.04332050367038942,0.04846985131251265,0.05340103397945058,0.03298521377551691,-0.0062514856425709255,0.030625043750565614,0.003125568520533734,0.059883808633787006,0.01893708665418898,0.06174051907767657,0.0657312683907399,0.011538591490753642,0.05715336633304038,0.09681159036715402,0.0144588932135874,0.017072323257882417,0.054028965680469804,0.027945769515079485,0.06898806629650144,0.048345087894059134,0.0440532587698749,-0.0006493984409032738,0.08608877382620511,,,,,0.020250922671962646,0.007399693454800758,0.04788576835921095,0.02053999358715443,,,0.05076432044415385,-0.005091713894287038,0.02680780329999585,0.022578135856024983,0.020045593896576185,0.09338678433525352,0.019784280505308907,0.016962483810462226,0.023331788572930404,0.10786118497959993,0.051222798462840446,0.028683876580601435,0.05286164262796696,0.05884899480989132,,,,,,,,,,,,,,,
2002-09-01,0.016587810611859866,0.07285947479468,0.0036343265861723843,0.007280965710352814,0.027746692010355414,0.029655229770130027,0.04757172131261508,0.037849593331522526,0.012715587694452645,0.06789661778843815,0.02203948800070002,0.05075784082398668,0.06860984129054487,0.04575212562616338,0.04114578231485287,0.05631634501138224,0.04593575751031086,0.06143410856168791,0.05933072169761163,0.003109484410782834,0.06645596819111119,0.04243668121265308,0.07481776991233291,0.07048610175323504,0.015875234880562535,0.0548751854947556,0.11372131861613648,0.02317978596287643,0.017913985331928523,0.09469828456125144,0.06029023845599961,0.07774950491224357,0.06883495591941519,0.043658164558476924,0.004869963876339043,0.08980189643376618,,,,,0.03072947955523915,0.012105045153023603,0.07221953052246177,0.03085419566645672,,,0.08005062380108692,0.002853108310177116,0.03384507117336452,0.02147056506018034,0.025206125960357924,0.14487093060521572,0.034032594230791344,0.04667572846549652,0.07644720807381496,0.1025036709994946,0.10893434453103228,0.034163052817819124,0.05824788199299642,0.05603055351396936,,,,,,,,,,,,,,,
2002-12-01,0.031289782168789436,0.06827324006942911,0.020559801309848347,0.03384992212891879,0.016930139722145437,0.04575039379196458,0.05738089332190305,0.0324213965894951,0.017189871250395707,0.06555996708211807,0.03013975830574388,0.05544550419307203,0.052474379020843696,0.06348121641159302,0.05464933418675652,0.05931327721919431,0.049446412758150565,0.06557640616344514,0.051459970505959574,0.014594602954041835,0.06298780538683832,0.036461358492129815,0.05392328332019388,0.06527585254811342,0.01957647151324021,0.06883163901382088,0.08390167853182925,0.03835250253470269,0.028073493086320647,0.07199281967709535,0.053551222089442484,0.07763596679938622,0.07000755036949907,0.04756388884992607,0.028980884677373708,0.08619040393860815,,,,,0.051106243003252096,0.015521639199678307,0.060412765248587644,0.04688229165719099,,,0.05847038158563987,0.019728187095489833,0.0275170851454609,0.03533989195352906,0.0329173370597267,0.0978769083495517,0.026404563978566213,0.05282955431752465,0.060997432698228826,0.08036629301614669,0.0854114113581859,0.0575964585811451,0.028963067550608325,0.04419340279386073,,0.08590937310780271,,,,,,,,,,,,,
2003-03-01,0.0294913839706635,0.06275207510055174,0.031859532504144854,0.04296613802271253,0.017997464392988046,0.06577776463469996,0.06664863594623219,0.026901211267945487,0.02562489965099106,0.07065632608907824,0.030822456408116105,0.06142234498058897,0.05188081210612609,0.09204327404177008,0.060033880372942966,0.06023704313108758,0.03954882997687105,0.07128434746487605,0.04756662713249051,0.02309061771989523,0.07385718804426747,0.042159428883708855,0.04768558305926966,0.06680994887160227,0.04537998724920035,0.06715051921576222,0.11676497959998355,0.039933345962909705,0.03307184226856108,0.09919520920698732,0.050984175008100284,0.07264825951063986,0.07501970523991004,0.05435418532540881,0.008528083435717418,0.08264081709419573,,,,,0.061779308033982065,0.014351147532888969,0.06468695828741612,0.07754898757466384,,,0.06299969430961017,0.015065720337181912,0.03270182001042393,0.04613679891637543,0.035068084489617526,0.13367696463962864,0.029783855363704384,0.044442232241368444,0.049745643523926714,0.08876957086104056,0.09476444460470568,0.014193119734050637,0.050290848349700476,0.06057782771557383,0.0933245518666226,0.0983203880229227,,,,,,,,,,,,,
2003-06-01,0.025375995770330895,0.06900159369961412,0.015234694976097043,0.05324019780133293,0.0307514474809402,0.0597096072598751,0.06230487826618169,0.028183720218450926,0.008785853305882992,0.06257169358418356,0.017162321052022214,0.0496495168372022,0.05392880403995982,0.07866900992604692,0.04954767004547638,0.05912306537554829,0.04101205772774019,0.07078944740345813,0.04078501715198853,0.05254000752915654,0.06481752661679512,0.03399631397797323,0.061610158884504926,0.059079534517748604,0.02096167181416041,0.05781567991106604,0.11428388246039342,0.037241674978937926,0.006815711421420787,0.08466140659213874,0.06265838000214578,0.07724548702004612,0.06904812431990023,0.048863823736748385,0.009298045232140274,0.0953437147064549,,,,,0.07232309146402244,0.029000052546612122,0.08775021332217266,0.07639895890037075,,,0.05320659713111883,0.01247511810403665,0.019342601040092552,0.03642528003083095,0.036372639799050005,0.12073501734422289,0.03410045561351022,0.05924262416383007,0.058498055508774606,0.10642463466938938,0.08888508785083041,0.060322699960254474,0.04040385611934487,0.05982614777058413,0.06898724505947015,0.09278578636240319,,,,,,,,,,,,,
2003-09-01,0.0022433012492817424,0.06433724181972929,0.0015964576597636878,0.04588224036079656,0.03608149854414844,0.036697313024984066,0.059334814612239384,0.019724402063528365,-0.0013321198383378981,0.06797748889728564,0.011822868615897635,0.052329101212160146,0.04811221902334943,0.07461015437814547,0.049030946458091015,0.056398404135584064,0.01958557967007185,0.06787018988178642,0.058801434934965736,-0.008677493342074896,0.0702195705195704,0.0049543526687090035,0.060855414159834885,0.06640886355027538,0.03199550550997927,0.059220916778846854,0.06690827313527073,0.033246633403865335,0.043478076865549095,0.06012300366766182,0.0443000874442037,0.07298828701932344,0.0512934696045705,0.05546751464134573,0.01274753705266181,0.09201495943444074,,,,,0.039874661001139275,0.02347123778523244,0.07547247103803638,0.05788964633333652,,,0.05568686572851135,0.00817759077734476,0.03642639856168039,0.02724093332848394,0.021466717634370955,0.07698117357050425,0.02496192280506195,0.03556110775093353,0.06615683966726556,0.0924024023536531,0.08425800568160448,0.010118766257138487,0.018729187049694986,0.02228514813790328,0.07985615755288265,0.08131709990820905,,,,,,,,,,,,,
2003-12-01,-0.006134701222901518,0.05778411386216473,0.0031604314448369225,0.008267565304633805,0.016023156840519998,0.02182247850969959,0.04830966915472522,0.027985254029193506,0.0022354794651878525,0.056930732914384274,0.020549586509580296,0.05607464183020678,0.04220242863994976,0.07255626561672676,0.05029335873281518,0.03562212107484075,0.029423217736594186,0.04818954114810705,0.041190356853875724,-0.00816196949704773,0.06756596580201198,0.03310913201352853,0.045691962182686015,0.05669912612550749,-0.005700834323902897,0.06005698641032896,0.07478785057835957,-0.004570347286436927,0.019588346879832665,0.07239279633511113,0.041520924989157805,0.06861371871876015,0.023726645133432245,0.05404215848716964,-0.008351097513582198,0.080883042766844,,,,,0.03711922971646271,0.030739984272824258,0.04117243480047226,0.035873817096316575,,,0.05365803667610712,0.015194149204983758,0.0304466953740286,0.0078326159809484,0.004026995782103309,0.09268216418190672,0.03192272762747533,-0.012320019224854557,0.043747839945380944,0.09287061545316125,0.053576419401971304,-0.011579620197716823,0.015645561327605716,0.008820581579954962,0.07639267390125878,0.07956252175930978,,,,,,,,,,,,,
2004-03-01,-0.004281166057482185,0.041028798754601414,0.0024728021771961172,-0.007040901783957668,0.01713678557261781,0.04202872633322882,0.05645840880461996,0.03037113357610585,0.020526960909594615,0.06660068985119388,0.013915582501941493,0.04841037390629431,0.03059459629946743,0.02172123075841698,0.05046795647556739,0.03656125747078037,0.03087222176593872,0.06329855497589648,0.05009769588162223,-0.015337449487475938,0.0662364916025926,0.040696021553454476,0.03721741388697684,0.056289471357039246,0.019021533196566177,0.0633816090326793,0.0652461307176025,-0.00871173528950367,-0.00793808203095794,0.06574264285681101,0.03949575311232587,0.0697866935493604,0.03677762742483134,0.05329602777433785,0.008943068155560216,0.07589444256374604,,,,,0.03978625839425571,0.035643903695100496,0.037723342363991795,0.032306214356768476,,,0.05236365412692602,0.0053956124703950755,0.03550956166630545,0.013458325331083326,0.014257978068377888,0.1013763818417657,0.03664070942167553,0.026960035215150332,0.03712289210511846,0.07334301206966147,0.05604420619240436,0.01870149456108934,0.039708346822142866,0.02941667873559048,0.06476188624296188,0.07322282152153953,,,,,,,,,,,,,
2004-06-01,-0.001105615100400873,0.04352619429265948,-0.003260784332560095,0.001958642844655402,0.018809518335201288,0.012253725398196628,0.033428141556599206,0.00569167352379217,-0.002474327729734252,0.03716560474726527,0.002080533900340789,0.038507076994630525,0.048724284016404516,0.023230387274093375,0.03790321767993942,0.021077436138241413,0.03287925920573069,0.03535820040302068,0.01583114682170855,-0.006177947248971427,0.04555888948574339,0.011232933219821006,0.04272512443966272,0.031008138625309073,-0.003187123654703454,0.04952876446535322,0.06119081215079239,0.007537985212738066,0.013636620261768198,0.057005443969161226,0.030134459389946713,0.06289651963990157,0.03472764195037106,0.039427544398196894,0.0075695527671814375,0.061508386292227504,,,,,0.011694131296077173,0.00960041747300022,0.033741529013000704,0.014180810916086079,,,0.04507255375239761,0.004072559796596666,0.012873794193255366,0.01276368245499014,0.008019090303500788,0.07257422487261844,0.018182954438183952,0.037351219675957475,0.01368516686660617,0.05284907364194776,0.05148278588254488,0.0033727226679351567,0.011495488186000088,0.0026976133331588505,0.057040268144745554,0.04669754120899348,0.03474039686681242,,,,,,,,,,,,
2004-09-01,-0.01073145438804472,0.05544842334485169,0.0005189853158639669,0.014243142644190772,0.010989692930059533,0.019261180004838462,0.047119189327290964,-0.005325394356523019,-0.00043909361561739906,0.05613159862011394,0.012538116447710105,0.05035428131384764,0.04654328168161609,0.05759249838738602,0.051391044511219716,0.0540863382643027,0.021396318419537836,0.04661876353567453,0.025200609773596463,-0.0026297754820642917,0.05590710048185579,0.02288885007772978,0.0500795846742083,0.05261314185517161,0.0038019291492373,0.05613152886567018,0.05903954032973565,0.016005578719119107,0.007758092286860046,0.08273022977219792,0.04882271417453076,0.06776041344261965,0.039384041951636084,0.05509546414587449,0.015809450181657792,0.06414044065292339,,,,,0.0289467521839195,0.0270900639029158,0.04512921404918214,0.031235487085469738,,,0.055957953350832916,0.003078504899825879,0.02722600790484357,0.023874547779588445,0.02070076819376005,0.09250072766405776,0.0247923161469305,0.0397994638910617,0.026429417183353777,0.06617321400501641,0.06557757357673881,0.01809300129167725,-0.000734907093306488,0.00929709675286914,0.06588307960034581,0.0682323870512452,0.05550442030048558,,,,,,,,,,,,
2004-12-01,-0.004288529540684896,0.05670317984215588,0.010059132580036777,0.015205998661742966,0.012454335256710511,-0.0013895006695045964,0.04686379448649916,0.020321278254204902,0.008533209598182791,0.015027626740210704,0.018740873482699757,0.052242561180196906,0.048183416161597596,0.029710757813338092,0.049698421621904555,0.050536140835493466,0.005120191983347716,0.03171950357522908,0.03165514095630345,-0.0023503021524299695,0.0585083870974364,0.02126677345487812,0.053226026484569824,0.027147242680495298,0.003848044896225355,0.05683418851472015,0.07049190239321729,0.008986180428387443,0.02891673573179407,0.0807763885003874,0.05110916941905474,0.06307053994965514,0.04051130744747905,0.0553006815551022,0.002573565071044347,0.04000709150955492,,,,,0.028274070220598378,0.0032956535456217196,0.06406425586726253,0.03388170060404027,,,0.048951324434935675,-8.554791634701561e-05,0.005916619360728278,0.027929818042962885,0.004761746921821481,0.0611086631236402,0.027370440260386354,0.03994325534725024,0.03125600189729054,0.057184001506681896,0.0572107881369954,0.031682244676717417,-0.003463720139699485,0.012831100032686307,0.03233389514011672,0.07919302526466318,0.055779914859784785,,,,,,,,,,,,
2005-03-01,0.006067923203560767,0.06377192595866771,0.009239332972056704,0.008006953314730987,0.03300856607090993,0.0037375701148869493,0.034840784869643794,0.032689593434408755,0.004571409968488818,0.01303124061242144,0.01838087414231418,0.026404092428858918,0.05044281512196811,0.03284946360753191,0.05128615707416804,0.05320843132083284,0.04771170623592009,0.04335905103825051,0.034474033473957076,0.0025190678018624387,0.04165252152614509,0.02938849856723093,0.04872838292210566,0.01779226291022351,0.004804094243261761,0.06557739705786186,0.06449969029870362,0.018710455333029233,0.024876957558420038,0.06402906657051399,0.059350863906330896,0.06651516006512048,0.03443472325872718,0.05544966512944017,0.029965964281379275,0.04505720576260496,,,,,0.029453170925189173,0.02922262978433113,0.05929461566750023,0.014928107674665196,,,0.055117739627647024,0.013038613421960903,0.02198987665897139,0.032227351735479595,-0.0018464087016195824,0.06826547698134643,0.033416341826456135,0.009200663504434383,0.017787333768665058,0.04431451437114393,0.06504783459307216,0.015790923278459375,0.014669143199847077,0.01909059817126643,0.031874898724702644,0.06782755836377717,0.048822245196672304,,,,,,,,,,,,
2005-06-01,0.008554593985581851,0.05792539431082992,0.024362405102894436,0.028159684021379222,0.017112392479727852,0.02694788965335828,0.050146222609095424,0.024591317152145527,0.01521998696882102,0.025883858625294895,0.016397325290676456,0.0474770453024753,0.06817541321597374,0.05779889219707277,0.04595453251187443,0.053552109856510655,0.03400516438225266,0.037609452199423916,0.02773009476756976,0.010814481030607276,0.04663630436227942,0.027028933260584722,0.045768509843498374,0.03418105146515181,0.016511244281410372,0.06301379293018788,0.0742267386801033,0.01942262787119003,0.023084994443464454,0.0644982146524219,0.06263886401593005,0.0704615896713768,0.03843006615572824,0.055159953286813626,0.03084034102799143,0.06046406340774527,,,,,0.02676496949774402,0.02816066751973704,0.05346267522063578,0.03220655102509658,,,0.05834383852034163,0.023895280757699373,0.03689921990191891,0.029349270468095986,0.025763851442912454,0.06261779953397954,0.02453459744230626,0.015850649315979525,0.028945892058610482,0.03950912859384003,0.05531022257636825,0.028974942219196352,0.011152666668180463,0.020193441408411325,0.032530233410177974,0.06310981509367539,0.033852870921178835,,,,,,,,,,,,
2005-09-01,0.0062543874876665635,0.05960255959233563,0.024369202981918393,0.030810146065123584,0.024933662585007774,0.011490610755205875,0.05019698841347381,0.019309708937585685,0.011879884687148156,0.020590330448510493,0.0202214482558776,0.04664778938169221,0.07263305634692531,0.04588321633863675,0.045923922974666714,0.052770547233850065,0.0453661008643504,0.049697758196589455,0.022912129808361947,0.004436104564153992,0.03620726576527338,0.017369563377396403,0.04639077431369931,0.031074035023600524,0.007422054850299581,0.0619785251659269,0.06857823593881919,0.012801706608803648,0.024124138446512514,0.05250237784332537,0.0648025699015057,0.07269572876294586,0.044942181893771194,0.05264494757297053,0.02247639929564825,0.0657158698179422,,,,,0.02673747667841909,0.02870444572768505,0.04831862788578892,0.027946714226625716,,,0.05578784252907897,0.022831082875193212,0.02840981747043293,0.029989433012743885,0.01928200986045551,0.06274378660547927,0.0267774156195023,0.010453696292979021,0.028706148961016337,0.039210063717595965,0.07399855471774823,0.02900693709620515,0.0170259362385931,0.01669023501918666,0.03257838685097979,0.05087595889575224,0.029509681356530683,,,,,,,,,,,,
2005-12-01,0.017430439739998378,0.06073157278855654,0.01036827479559825,0.021346498382894964,0.016992205753605813,0.02938684930022442,0.011837863366396344,0.026209465965323867,0.021478014637127132,0.027642454987496,0.01644576100858522,0.049687492246442304,0.06440155707645874,0.043016976595761786,0.049615753894953867,0.03040166752706325,0.032862769780467975,0.039480403314608024,0.02669777666132246,0.0017401602680830472,0.056650671477005775,0.02522738411331969,0.04865668642019576,0.03250684247603298,0.007741877025501102,0.058738259331168184,0.06551371828964773,0.02141945085475718,0.02798955240059448,0.05081439786010668,0.061255297809230065,0.06483986203301512,0.04073399026547092,0.05030576446466907,0.015676951204311694,0.052545659196443786,,,,,0.028706993126706916,0.023792501260079542,0.05038489908049338,0.029322335005265043,,,0.04865129584361906,0.022427004933727675,0.022570504244229704,0.02863787269002648,0.0055800461569699,0.047365137914603964,0.028417714051703204,0.022582014139728428,0.022951242778939084,0.04380097032284144,0.06368617596799106,0.029196418583685185,0.008430151501881332,0.012956760325968361,0.03761315049154889,0.05371952971866027,0.025436850405973113,,,,,,,,,,,,
2006-03-01,0.022340231481043173,0.06845407455243714,0.01290576475468042,0.014613705699022383,0.03564694783489472,0.016563398779333507,0.005773779166855062,0.038808379436301915,0.02260963846214007,0.015564996234672866,0.024204187488110738,0.05466419470216706,0.05864292775015861,0.01768899945548318,0.04864032542090573,0.020508311225087672,0.026354267039194385,0.04711230543991794,0.03003081515786079,0.016511765493715382,0.042216447937102386,0.03424414531035378,0.046672062987283935,0.041020575031360876,0.016760717031740868,0.06690507961899685,0.07746743288972853,0.024859940941563168,0.021106820003891743,0.06728940657112849,0.06476593497598071,0.05396115017726567,0.03606578709408627,0.053020544728749404,0.03341505028039862,0.048387612734707874,,,,,0.01888406642147243,0.03133656975156284,0.03481078373947379,0.022942394252773474,,,0.05557931912786582,0.015129775891437996,0.0205298238537706,0.025345918210684108,0.002913785561143327,0.0585146362583104,0.03829454645129726,0.01795495776334621,0.023671173647484993,0.0483511900099288,0.0649667726617064,0.028173705896616025,0.004475664816893203,0.025007216579797903,0.04134900845304156,0.051139764079164846,0.037140588057088066,,0.08563611470085465,0.006139871846861897,,,,,,,,,
2006-06-01,0.006945191612851607,0.05917176993020461,0.0005027993654843853,-0.0019277556050256335,0.02189408191610337,0.021121797545762974,-0.000847840881648067,0.02494641703639784,0.004852903263102638,0.014869553884506578,0.003596599916717611,0.04064564337550842,0.05251484417878023,0.03889943155760712,0.04079045540151559,0.03834233475486244,0.04714350153197362,0.03494123560194861,0.022852598277787534,-0.002164758741589002,0.027823658414571798,0.004441298382233296,0.04738584173502939,0.00793492237949179,-0.0019600480830039,0.05053523895990017,0.0794457666114179,0.020819361586307757,0.03156076889295714,0.05327862904742478,0.058851699356458995,0.06104936044335249,0.0319050611614205,0.04729058630168913,0.031107052228983457,0.05696119028704565,,,,,0.02036248147288912,0.02086907141441166,0.05072964079112276,0.026008223446191255,,,0.04613330720120622,0.0016479613814020064,0.0327466728413791,0.024006960004395176,0.022226440932826816,0.05519765205472378,0.03446722228025708,0.017975941711093412,0.012306004005258676,0.039245502030555296,0.07196375868233981,0.008723943296701998,0.019030063182817372,0.02007729551948585,0.03417440052614188,0.04287164516337696,0.022027310816341957,,0.07757057391974846,-0.0016997225807062189,0.006723251308746985,,,,,,,,
2006-09-01,0.006229044663301423,0.06400816571839502,0.026450376938172288,0.00800394062411072,0.02095776034735707,0.031624349444655885,0.007017862532908561,0.032571093695591184,0.010290374852950568,0.03763512800137049,0.0117714593092073,0.03561613481561763,0.07700765712255346,0.0445092474027265,0.045279988592746026,0.03470664848339227,0.038142184871674374,0.04727400751593695,0.032799908382524355,-0.009163662018498081,0.03093390082250924,0.016058561451350723,0.05158599564507127,0.02744239945841744,-0.00835435577889265,0.0586518385791527,0.06038699724605276,0.014393599268832748,0.041131551005015574,0.04854425041304475,0.05806615068279413,0.056591433710316136,0.031730027889497275,0.05011981767902922,0.0196712135409085,0.048630673340238365,,,,,0.03598973227909359,0.03418428130643323,0.04549048122459198,0.03433463380901547,,,0.05367874994335715,0.0011507645677494593,0.03325298821985057,0.019007756534603192,0.03542192255477003,0.05650198596645372,0.04291332947409824,0.012166995709891574,0.0038384556892668937,0.04846968202002638,0.08507950746982268,0.003728019817763785,-0.003113488016173878,0.00014024953112989287,0.03382623981388012,0.04393186716928138,0.03762311052082006,0.06900538268816388,0.07904614033784158,-0.00033821800946915364,0.011860981574933413,,,,,,,,
2006-12-01,0.014356245545463695,0.06760955884333711,0.036034533963633326,-0.005535403306003878,0.02972126361449884,0.036547903864870876,-0.00017088819994185895,0.037866584601814524,0.0011012474503212582,0.03430012226206167,0.010447624927102984,0.02957111700718464,0.06516927811502062,0.055367858553988826,0.042621341079347376,0.04196878430984303,0.04277991191152904,0.03172150187474815,0.03774096663029082,-0.005574776504620123,0.0037933688817913874,0.03688633985389884,0.05586500635379982,0.027336059504473015,-0.003379081837347454,0.0628161568423831,0.07421820577802271,0.007855461777605243,0.04019524393702507,0.0471327398680313,0.061775899801121255,0.05783704172720178,0.030359304120886825,0.05253235255442334,0.012533550856679222,0.04503872109275747,,,,,0.03995939585439743,0.03584505102885607,0.04382203407557905,0.042316092530060176,,,0.057808647245446695,0.007127050122458319,0.03399731985539674,0.037491366566517054,0.0391675148075205,0.0652108404387874,0.04282362917674195,-0.007665047087655729,0.04500929107406113,0.06819234993761102,0.08177987778692337,0.04684228114166798,0.007445491261617529,0.015256083061727705,0.04168988118460804,0.060053615961267896,0.04540536706981,0.06825484145600788,0.08925241211832709,0.003985131193203074,0.02383180673606167,,,,,,,,
2007-03-01,0.01501799503388234,0.06787183558407961,0.017511145662127317,0.012465035668762144,0.040498933855066345,0.037676680816288444,0.013393096738661625,0.025342670365736092,-0.004738324733434673,0.012239452435121971,0.014165647057235364,0.021622920039536076,0.055832722231099724,0.03386651776111591,0.049868832936377366,0.04157657605770303,0.0322918588784618,0.034306534534213375,0.03867391258839897,0.006393097629822908,0.02289659696739727,0.02385198647770816,0.04664147013909695,0.03279221080467114,0.01114027016737623,0.0654845754460942,0.07818578418141846,0.008914180307365908,0.03915554203002703,0.050357881628538506,0.048193493247130646,0.061957988243694785,0.04068567920502366,0.05510419168555116,0.021504819617159252,0.05478842527200254,,,,,0.038372707968813494,0.03579714479363263,0.047713811889212164,0.018179806571555244,,,0.05889325478990621,0.008893420139331603,0.03692943550591545,0.03873402577589349,0.03617711887795385,0.060278850741569974,0.04450824597911853,0.006892459570605453,0.01915886154774153,0.0631837386870729,0.08807914854403132,0.04031042837030933,0.03486581038732084,0.014327275031396443,0.04223094831323397,0.07645979991311773,0.041006323314160716,0.04457896976530923,0.07477380584628049,0.009233662139546607,0.019957591404258523,,,,,,,,
2007-06-01,0.01707586151976831,0.057550511682746726,0.02449599625941886,0.013277538232271532,0.025319496168915094,0.024416679214391546,0.016136953553350434,0.026506587809720043,0.014609029324281906,0.021306204322005737,0.013783688997169688,0.018731991792576425,0.04689514731705729,0.03785114224130942,0.0449800913737779,0.026980496830985697,0.04668682949670898,0.05206386781811948,0.024601964595082314,0.017005477120833296,0.02295532965197986,0.02511580646055182,0.04779960515822961,0.023717142752126046,0.016896631641437652,0.056551629051022706,0.07439132980470708,0.017697446042862993,0.03170238365649727,0.043181080893584856,0.05962174937380334,0.06497797190573759,0.0400978444433616,0.053719653278936776,0.023562641501961665,0.06530620681444313,,,,,0.025097598064794568,0.029382975566975635,0.056665046887646967,0.024931018814417522,,,0.05625182506807054,0.020378848576011535,0.030252440442886684,0.03259899916736382,0.024686213145067967,0.04828374002657357,0.03207352807660877,0.014005823393375222,0.02801025755788018,0.04800705644129467,0.06413041804648081,0.030253258837739362,0.028654407306517946,0.01924271085909903,0.04953015082063316,0.05734971832547341,0.028481384784647214,0.06539145053990972,0.060069157215384125,0.015270784298848466,0.04534920329519288,,,,,,,,
2007-09-01,0.00601921989548958,0.05721430279213125,0.03420508091837424,-0.003584445006062057,0.023547552574230385,0.03815953417880838,-0.002878437593078572,0.03164537301736775,-0.00034002256909198766,0.02851726470615508,0.017940410200073465,0.025523931551584923,0.05108038528548895,0.04005841940790553,0.04694463041423025,0.009971011206732291,0.011703163170599577,0.04439647231040329,0.03723618893740622,-0.007393468909891273,0.019945050483231447,0.02078924773885224,0.059391620698364136,0.0315821597896376,-0.0019215837974141945,0.04980813788315653,0.052855983731505116,0.02537976016689062,0.045129981869958036,0.041102542265375304,0.0520194220426121,0.05192772490771937,0.033569308090010366,0.05671938422421061,0.03290633397020565,0.06657879491757146,,,,,0.03232726414778003,0.03887655560904602,0.06170793783666628,0.0351483512638672,,,0.060771033408854834,0.017930044894302603,0.03528409935986838,0.04114377516140984,0.033798230223860345,0.051300632067485454,0.045281273011071405,0.008561298260288258,0.041214682266259184,0.050582654425019725,0.08263957173219431,0.03888218281755262,0.003375032836966542,0.028030987013282545,0.034780251102510124,0.07238126631537029,0.043513761684460486,0.06876847400014911,0.04040470318685235,0.003419621179561969,0.011646257449260324,0.06639137358543538,0.07205122613697852,,,,,,
2007-12-01,0.01803181655232895,0.05819923387142855,0.020186011837352726,0.001589345901934202,0.04185278145209428,0.04401812411588701,-0.003954581771092844,0.009539970721336204,0.009507997885629466,0.05398045303183502,0.018535183010563575,0.02584226240189984,0.06053295527242419,0.05666261169453657,0.0587286957654646,0.01782935035185613,0.04874036780163072,0.05687325387299678,0.021545311619435053,0.005278913088932504,0.016787168759779984,0.022577763999553115,0.05652226813649632,0.020654684023755854,0.011707275133434282,0.058818888142807536,0.06710341615363696,0.030489324511245624,0.04655385349896953,0.054972091068623545,0.06552548123407662,0.05675259731489244,0.051638139918872145,0.057361909461508195,0.020765089474735543,0.0669433680680283,,,,,0.03932679668484062,0.04059755380995034,0.051854907147037936,0.04111103319576883,,,0.06052347287427631,0.011072582013136056,0.03865788351370972,0.04488126498012687,0.04035945963939841,0.061483667287122123,0.0465324896320525,0.016476275425708044,0.026375363076251244,0.060519575272529685,0.08074611689433317,0.04000899806769697,0.005951243097668536,0.014543120831244854,0.04282403774047645,0.07586224666474645,0.04707058433092093,0.07809066121065864,0.044699371127815996,0.006714757093265267,0.023117102372108227,0.06499098829101123,0.07382936425612505,0.056153288524863496,,,,,
2008-03-01,0.022749370622671013,0.04466685193238663,0.02538222852308125,0.0036784503345233745,0.028631072574233744,0.03178166171167153,0.02274657913780545,0.0246076792555042,0.03384811782548841,0.03318502984394992,0.009887550127607133,0.026003836967089466,0.06318628511542262,0.05066327180580494,0.04916638065434256,0.020225566376083276,0.05957644590658057,0.06518878002219065,0.011302650363783136,0.0064288958136818316,0.03680904095587902,0.013544927160263471,0.040887555337398546,0.03742052814525792,0.006533415083889925,0.05649628345479081,0.07272419083873373,0.04456535750848234,0.026704902519256914,0.06526670918357105,0.05091649850911999,0.0518344470428904,0.03852619438187036,0.05171091705755063,0.03775279951344715,0.05951406020298618,,,,,0.03655210759957384,0.037920443326646784,0.03195943843769609,0.025811323224807656,,,0.053296545123536945,0.01085356326996206,0.020501492735766444,0.038854320454627424,0.037059500080931486,0.06987139334442206,0.038121166763216245,0.017088469710166875,0.038167705101904266,0.06868009937293501,0.08809600412508072,0.026025398096258034,0.01936060282028427,0.009529323904701629,0.04349047940057884,0.08969761493338906,0.02337670992472241,0.07338606525562923,0.03929060043490013,0.03412551029224294,0.017289721695560176,0.0477362996495953,0.06959846698237505,0.043531231993069505,,,,,
2008-06-01,0.025532213515717758,0.036282534094462394,0.02539120420823569,0.005058384610495328,0.014016881514749033,0.006847260523698991,0.01915767649902024,0.03189452578763575,0.04620813580611206,0.045668816440337004,0.02543549258688926,0.019915548597161607,0.06543012050133255,0.03684923115457094,0.04350623128790583,0.02113733855604733,0.06975802414816495,0.0563326290479925,0.002429925337786403,0.024235830127405968,0.039449569663854954,0.01562780045523177,0.049028243794687676,0.04726129766733258,0.009932709092337408,0.05825851458609798,0.06486608406452599,0.02972609435552033,0.03275341524258976,0.05620486680341307,0.05107236856415489,0.053159224280144704,0.045783574527358734,0.05376529188465467,0.025588066456433335,0.06120377949030121,,,,,0.02711510665983923,0.011915650338559564,0.06717191618671105,0.031017324437596177,,,0.056576169452076976,0.006569058902764491,0.013910734845121621,0.003949702706498261,0.031121418685417863,0.07026749645988638,0.03961323381910973,0.0073896674163498885,0.01395162927752235,0.06497140060114172,0.0741283440202295,0.01140101878969064,0.025515276255387062,0.010230229001773878,0.05494003638204087,0.07201785060885031,0.03218498828696972,0.0707681085520805,0.05843635492994596,0.016833339368303665,0.020378814045538377,0.048259564160270774,0.049628324358399645,0.03497508268096876,0.04302461887070173,,,,
2008-09-01,0.013757715635820728,0.04413198953065745,0.027736259778678905,0.0020191010488745174,0.022268137667642986,0.013198646359816811,0.02570102479075734,0.02291509956189903,0.038336177322089805,0.038565175951964306,0.023740627527011924,0.03264424961249845,0.05803909448693735,0.04773965176507902,0.03878806416432945,0.033939304112905085,0.04516588511733754,0.0581544152099699,0.0375424323925211,0.004878175112075274,0.03925909859620192,0.028204583378761743,0.04894977892854237,0.03828611998479637,0.023014675999461467,0.05818411795085178,0.053265654965109925,0.040785396018457834,0.028245833147221237,0.04242099424653621,0.06392731445543444,0.05945234504631891,0.03750590282709214,0.04405813026299101,0.031578886466314744,0.05304871766135682,,,,,0.0342156636599594,0.011540065062027033,0.06243145252517077,0.029244757706615266,,,0.051179249781934326,0.011897154296639383,0.03196942268789668,0.029231992920423777,0.031386231043756666,0.053643922012293975,0.014767385294561007,0.016914015734101194,0.028997786118721947,0.05806572876099332,0.06748020545212222,0.03158040225850924,0.007526528897506616,0.012793794805902687,0.04535756111323474,0.06227782820306796,0.03283993088729121,0.051170034027743845,0.06679049620116312,0.03125243237979291,0.022044204370096698,0.03367437698508509,0.041933314041592014,0.05997414449523652,0.042399753024358146,,,,
2008-12-01,0.03080144368386151,0.043444740353457335,0.032704475009455176,0.004414984718601817,0.006556321816819533,0.029388315184519932,0.02036294233425522,0.03176721126820401,0.040418763250833406,0.035344984507042314,0.0012539263177400275,-0.0021234168213040867,0.07545828618909729,0.034987951985122064,0.04518352515975062,0.03730013396576787,0.01292541949157078,0.045842577975749726,0.00011324792676487618,0.01187846225900478,-0.005069327981460529,0.010945597466943091,0.031994174411709965,0.03831617242952642,0.01487232319807587,0.04524423257824611,0.06282291328013204,0.006337323668590438,0.04848407224276245,0.061341652654762296,0.053180497722775784,0.046993343736528054,0.026228693806702646,0.04996833308258723,0.04129728226672397,0.04691476872721025,,,,,0.010420084370844667,0.02714280479717133,0.06738191681463865,0.02955060085323991,,,0.037226120025517825,-0.007838365482000316,0.025755999091636683,0.03334697769261058,0.012212650333640506,0.07368042003366271,0.031081724156737208,0.003253054734225037,0.031603713860292745,0.06445649366978587,0.07981881996679328,0.03402947779130074,-0.0028486834639799437,0.006075148536744097,0.03629484662347293,0.06578224981463962,0.03407330644657017,0.047700539265692836,0.06404965414810816,0.04077674828868129,0.05040661652719261,0.050245716334857235,0.0422883322752487,0.0601647748680865,0.05150913178646168,,,,
2009-03-01,0.028426028525251147,0.04092507175632887,0.03347360735854728,0.008360547173638795,0.01095817654441204,0.015729506401403064,0.016873916460101748,0.020388646464160602,0.032828899945825926,0.03203430784703837,0.001309307493855747,0.008151590232446283,0.05925847035708061,0.027449308000886047,0.03144426311294219,0.038396714088213726,0.046820460996767954,0.06612354834851882,0.027113953689649226,0.009643583456293443,0.020875233946382212,0.012957543487974092,0.03394873726690681,0.03286364022765574,0.00186070178724708,0.05285400190749907,0.05453735297622894,0.014446927725227161,,0.05173220225591012,0.05818534107057192,0.049115409222122854,0.03074847627511388,0.0279412004733219,0.0299295400718432,0.05053842025246796,,,,,0.004983413706538854,0.02973069792997568,0.05425852770139741,0.022580832548059773,,,0.043133253109650355,0.022561878114547827,0.026276360334022638,0.03743844895952403,0.027261621750572278,0.06741539833739824,,0.01659260244649116,0.02055122392441712,0.05638311816219891,0.07626359321313668,0.03766172928599581,0.0026212497243603234,0.028807888097378467,0.033831245871375246,0.051161152924494545,0.034056081800152654,0.047577748621491396,0.0498092166598953,0.03840039524629568,0.05368151110464629,0.0342776409624731,0.04335334526122674,0.0622317276252342,0.0664296723462804,,,,
2009-06-01,0.030963404995760068,0.043374184584904586,0.029604494934253777,0.014069432614808218,0.02235129399841567,0.013305228519380662,0.03358409366551584,0.026618924066805768,0.026406442424286372,0.01604468938541966,0.0006639028398014274,0.01405485491391482,0.04267812833591294,0.033722182977268755,0.02861457577160567,0.033526212663520225,0.04063864797324762,0.05108184041917479,0.026543798613183112,-0.003570509809078702,0.02269033490388755,0.02133395380588533,0.01860391085193225,0.025270859957427238,0.018210752995291613,0.046926870561646655,0.05577734952771242,0.023553998170985236,0.024814556725595592,0.040061444693912006,0.05217108235165928,0.04538001007960966,0.023062714025915736,0.032874177190404474,0.01769037082398261,0.049521766257199416,,,,,0.01831766881366524,0.028841401633313665,0.051315071625863545,0.02631753744352196,,,0.0327887736273496,0.006209304373270719,0.0165819652669008,0.02686440849277524,0.018869459438511357,0.0448309474876431,0.01310057786511749,0.02807975728985121,0.028641809221703906,0.04987571207768175,0.05298361664809164,0.028702651400873844,0.012407740056489586,0.028316055523583156,0.035218460461985596,0.05206379527869854,0.032156034640175954,0.05022152559653836,0.0460702833128285,0.029714778903094406,0.05137226761488491,0.02361208996239789,0.0322881731191557,0.05364506116400992,0.05317686696370532,,,,
2009-09-01,0.01467338781780966,0.04137531292541071,0.026624053385077742,0.005213920428236315,0.01821013506075367,-0.0008948772088871664,0.009894747183542517,0.019355215249728084,0.019577896785620646,0.01697519432950426,-0.013690067772675112,0.007485926504271728,0.04899631723706542,0.03115365142176025,0.02070329798360824,0.028901256855066216,0.030547102625677815,0.0523621760677639,0.017528193875228425,-0.011668462009566753,0.01754750211570856,-0.008847931137049741,0.02518160002242612,0.016410203661671743,-0.0017919624606994595,0.04630685083579706,0.04258702699630399,-0.0028068615963356513,0.02308931829174935,0.02654046163063192,0.04975679263858874,0.041424465714905725,0.020220510224088967,0.029317174372320575,0.017165637812585857,0.05119956426329449,,,,,0.011137990604321472,0.025428958557809134,0.030295846768433426,0.021705668950546615,,,0.030956266138645935,0.004170251357609107,0.008516148191848,0.022942911160475487,0.010679297514597745,0.04369443111318433,-0.0010366728121541365,-0.000145090402233928,0.022301367771838415,0.04602313396144744,0.049672176914778404,0.012951488117706234,0.005799861472246742,0.02514887272221937,0.026925069882043497,0.04834310610056587,0.027975126652660897,0.04730134100577905,0.03674751914818062,0.01954267733164712,0.050818609208297755,0.020045941111872655,0.01895768153781839,0.04876624655977463,0.030711195945011264,,,,
2009-12-01,0.003177354077280043,0.03663652025466027,0.0064975034857382655,0.016021073885906997,0.01279629792502151,0.0013745941920544557,0.011791692193385923,0.011898279499689817,0.028436465858493118,0.02319483176739932,-0.005140282016471954,0.013565177201990524,0.029909265947237022,0.023259719579959516,0.029643151166695608,0.011608933107364217,0.017796738172930975,0.04740731322284729,0.024867693775488885,-0.0033313517914089165,0.018253017674950134,0.005643344666300482,0.025830142148596028,0.023797092210218227,-0.005095386412274901,0.03341974287483406,0.05074527414987247,0.005765412830783284,0.007369803142993713,0.021283674163569768,0.04806219644622268,0.051581712511226306,0.023206433845251232,0.034236593354622674,0.01769497023191279,0.04274531589231368,,,,,0.00996841632421551,-0.0010095195470377308,0.022589114487029428,0.008786749567084943,,,0.03581400719472767,0.010587075640010267,0.01007110184483232,0.021419208846116096,0.012030062259865904,0.025141954119437177,-0.002466410370261932,0.0019563835508706853,0.003968117873519137,0.04956796976844423,0.03907098704085152,0.008322564484831107,0.003542449980335349,0.019380479349089715,0.019934502315150104,0.04615285258362907,0.024213343420069585,0.04663786285636926,0.03938302853180511,0.0092848921537314,0.0426347984685169,0.018685095149696275,0.018417482837918595,0.037177359413105064,0.04419535127361665,,,,
2010-03-01,-0.0061842834172361584,0.0223930371655942,0.0003849107625358611,0.0012585486355826292,0.0072416358920243395,-0.012074199811711808,0.003096118878483065,-0.005220524271492067,0.009606551497594958,0.0063037371371246174,-0.010737014486330522,0.0016838032333256578,0.014570009198906197,0.009586444579706881,0.004541625289140777,-0.0003023189323146405,0.014699075781770548,0.02935731926514616,0.003950484698827841,-0.012523197672498652,-0.003306773919266767,-0.007105270362434458,0.006963330831915589,0.00504843216930714,-0.012918580601478264,0.036130000052703004,0.04217647691499156,-0.007608289669784409,-0.01023611645900077,0.016573804818207506,0.04115265615754863,0.04047545625068686,0.006455265563858007,0.022670754420483198,0.009860839265059538,0.03783803743340483,,,,,-0.0027820831022131016,-0.0007786815143201425,0.019128482394535316,-0.008886809413900581,,,0.02247505421178496,-0.002462486962919305,-0.0029549367460105173,0.002053935205728697,-0.002320417890892767,0.019263114333667394,-0.010667824268535742,-0.018547467142316157,-0.02408790441993368,0.02382381613409621,0.04251149777621811,-0.01627379315405822,-0.004758133003983162,-0.005258645771463829,0.009905170183099379,0.03426960075243344,0.0022635540937759892,0.035382006951877716,0.029596162770445914,-0.012861382608576286,0.02157328957834975,0.0037359075285567605,0.0036856255262114044,0.018743135663874047,0.03916008316842893,,,,
2010-06-01,-0.007261981762438764,0.01881508880369122,-0.05491542489887821,-0.03516454628647892,0.006358690780949055,-0.030568893830965668,0.009289924067303175,-0.04132716747478182,-0.06430334254863265,-0.07298438896192737,-0.021058962949981753,-0.020226692088513687,0.025794921511301517,-0.0011744336661676153,-0.031582582793784134,0.016030900609013594,-0.006036678279729111,0.027999203702399285,-0.039339191872757126,-0.013969428353792272,-0.011203293592572664,-0.025265515712516028,0.008353695967493262,-0.07298438896192737,-0.0278759867642186,0.036124150407015714,0.03551419882459316,-0.04949109747855564,-0.05063509588739798,0.0200088251888363,0.036311191328503266,0.026543065341076248,-0.0331794072607092,0.042704870350727224,-0.017258438865336397,0.04366273330553507,,,,,-0.03596968541638457,-0.026337025498313325,0.004675666710358582,-0.04605978776013718,,,-0.01230764130090012,-0.026660919613223436,-0.05245707305168555,-0.0630664933575613,-0.002815002063527119,0.03222400394372251,-0.013717222395636951,-0.04059937498318521,-0.032381470014465744,0.03123826353569045,0.04137433729614631,-0.017366705511712023,-0.018001376191628896,-0.024582186375600706,-0.004622229455928843,0.03496502358574423,-0.013101404134484046,0.04218498984710791,0.029322588040397286,-0.02863654925568559,0.009826274275724033,-0.04342394526862481,-0.06662718014599703,0.028606134723481613,0.03739250498951293,,,,
2010-09-01,0.0035322127890750087,0.03158743123928605,-0.013020931499931743,0.016928661374786613,-0.013824902553581526,-0.008284681273588732,0.0027273266076365842,0.0016941083016674054,0.014892883609488157,0.007115084299565664,-0.0042702336262975945,0.0148458966692535,0.034889351803310674,0.015757253591474948,0.015284811090692501,0.023459073378310834,0.007498121534368366,0.049575138183819804,0.018071839331606044,-0.015012799255218319,0.02105349408356161,0.008839138696041944,0.03372888726135233,0.010233488361618328,0.011635654460584996,0.03697443285033661,0.02173514942963262,-0.004797386550806954,0.01666773372623888,0.026817648599746096,0.04995559585512332,0.03854475075645687,0.018736715056760004,0.054467921572572214,-0.01261370070030031,0.04366120874948921,,,,,-0.007855251449742078,-0.008519852778019926,0.010535275624285148,-0.0014075795468634503,,,0.024897660954404627,-0.004651758569121792,-0.0042683043236968355,0.020860470142831194,0.0026800402762174567,0.033987500354979744,-0.03679376903364068,-0.025787351982105258,-0.017669953594495687,0.05031254813830913,0.051041529616731945,0.007449586098392691,-0.004311242650987321,0.019467649336893336,0.012944853156243783,0.061476243815114406,-0.0002508608880279121,0.05391241771637199,0.030427700022723537,-0.008455745516541458,0.025056096385898178,0.008278460487048014,0.01221670308311994,0.0012030973346173685,0.04908301316899322,,,0.04854936234950528,
2010-12-01,0.004898632823380491,0.04100695552229014,0.008141342857406614,0.03190722183035046,0.009840615329061279,0.012533602749500349,0.008733879279514585,0.017363413302612932,0.04673161727869268,0.03809353958886965,-0.006000037093470971,0.027291789170463043,0.0303699138513747,0.022627549434814064,0.047758058607339074,0.004606061150407553,0.02161223435168409,0.024266092027269804,0.03449310481936038,-0.012514875928980698,0.02891650419415542,0.020419571372732332,0.046553356067945854,0.04790870095093709,0.012455716204520484,0.05073814028304922,0.045267583722774535,0.019025748343634942,0.016573708829356226,0.030761808666200183,0.05998231579153813,0.044392657339822304,0.02716052788229855,0.062240541491399674,0.019544000624211567,0.051644030391595666,,,,,-0.00015181463494170997,0.011889969645967034,0.041324549751587406,0.014002984585901171,,,0.0534133522408572,0.00337617891695431,0.004010492596905533,0.037151670616229635,0.002128986665371463,0.03347389057148879,-0.007736851641409087,-0.011022900889619965,0.001180784050622455,0.051869544233818454,0.052540065016427065,0.007156382719104495,-0.005729554866743794,0.02995408421418788,0.021244484067045977,0.06633998717904388,0.013627183304075223,0.057238319048279376,0.045576891923988005,-0.005167430670131768,0.0488566581024929,0.049608995737573464,0.03892774396835923,0.006192420428538815,0.061703490717533616,0.05927982268517379,,0.062073813995812126,
2011-03-01,0.002074641425276378,0.026419022507714378,0.0033573759992463325,0.007412631767395096,0.022572869902921584,0.009218406342336056,-0.004107787790310338,-0.0022782281504268587,0.044950704437678256,0.027260754787859318,-0.005801032616883699,0.013578949715511681,0.018161780926223857,0.008493572778828758,0.02373519127092692,0.029913266315175314,0.022497901214251114,0.020535063908734094,0.007264814557361503,-0.009775944396220421,0.013546150639003324,0.021903571741527454,0.04015742161387571,0.042175600469261464,-0.003028047102266456,0.06076957070127153,0.03029446131193775,0.007757246823621109,0.027107567475777337,0.029058277276515276,0.05729202041758883,0.03837276051349292,0.016507497707649206,0.06313585988694875,0.0014755588016610137,0.03921789337913672,,,,,0.004216756629833797,0.016534243398347664,0.041443904167113334,0.018761101113686552,,,0.05670647826951856,-0.007974437038150529,0.0006248537267740936,0.03609947812909885,0.004121097867744386,0.025409326785931895,-0.01763286245479696,-0.009259167803664559,-0.023202094505831272,0.03499057389405217,0.043237710975371095,-0.017189902906293998,-0.0021348614423910717,-0.017589313415172607,0.00021703430942030365,0.07282524616576373,-0.0009656480760768582,0.05069763593606372,0.034710195996409315,0.0022451182074033496,0.04852083207531274,0.0012139525675137841,0.023253957115144518,,0.05539538461329834,0.05502276198495496,,0.060031980724129616,-0.003520281995476168
2011-06-01,0.005806826626483203,0.03898848305209382,0.025396309984341617,0.02657639943341637,-0.005988145294035303,0.019760600156494713,0.00428568049058539,0.010915690252198058,0.03991362236861097,0.04601938288161727,0.0036932348921815544,0.030048306091535616,0.02166773190087483,-0.009599027268662047,0.05873614393268222,0.030136646229258615,0.015923871403789674,0.019157060297111898,0.053158863186623266,-0.025144351062936558,0.023657911361585057,0.03073114646921477,0.025595253548015687,0.06270120657751332,0.027141025502774512,0.03962483211987462,0.027303817220742158,0.013936095621796112,0.0368036129098915,0.025065402003294216,0.060252926939648,0.03496692491956444,0.02930100792682055,0.065691648556254,0.022077462559551474,0.04450580115154471,,,,,-0.0038823061259832107,0.021626435048614074,0.03139931593699217,0.01828066144763637,,,0.03965273922880496,0.0011539777937886015,-0.0075885388811461705,0.0528164365513467,0.0077997665401105774,0.0198400028221473,-0.028351734754584763,0.0024059589800955526,0.00949760865212121,0.022396016225060943,0.03988066427674706,0.010920047017869437,-0.01620045746649763,0.01117782260395674,0.02255828973574385,0.07192980971091756,0.0178897068499246,0.016830117446417422,0.039694426810419785,-0.010524333564546667,0.024482866551482695,0.06702115489297329,0.016870294328189043,0.004826629643319692,0.05469357565718735,0.057512805698529644,0.06272444319660313,0.05331959364791478,0.016701149609876922
2011-09-01,0.0012416690372761166,0.05185407485280922,0.027602814325105453,0.03556036092907231,0.015049588457630693,-0.004493967126494561,0.005631850091088978,-0.0037599480017400455,0.04175292641591563,0.02667668029142191,0.00018583031256871746,0.027158427221956348,0.02477121368964903,0.002503265158244128,0.03951379838876446,0.013207157856800315,0.01617575184734223,0.029400196068562194,0.017021227239193196,-0.016778799280763194,0.023847213502044926,0.00992508712656533,0.031946356228190836,0.044640911007282236,-0.003925422241051358,0.04220959500403043,0.02513366079024321,0.020889518579821544,0.015898816709540808,0.029183761032398683,0.05884273674314427,0.04077273038381241,0.022839727562245376,0.05123008301942046,-0.013366001833673988,0.039500364565181564,,,,,0.004309358017395162,-0.008039305206416773,0.037524977382707256,0.007594343193748466,,,0.04743787691739567,0.010684393956835887,-0.0015568405845884808,0.020746929330094997,-0.009785094815395407,0.04731399711583927,-0.01274798529900272,0.0014477494433819604,0.0015227560491909687,0.03761124527134345,0.05922658611317242,-0.0010865592019112375,-0.004944137942061864,0.006962565380289336,0.025377314224022736,0.06490144136656854,0.005276647098045994,0.017880090652936113,0.04404406904996888,-0.01573316870126661,0.02860481189304585,0.04207481027002279,0.03243791356390487,0.032613490194403565,0.06339968209534497,0.04951032775871712,0.015754005752086762,0.0690577719084105,0.014988882496911868
2011-12-01,0.000753190431437629,0.06116424775326881,0.04660868125688552,0.04621935060926941,0.019555342124178327,0.012290341675577377,0.012326299626050608,0.04497832123721082,0.04184939199898072,0.04668096094897832,0.009596427906959627,0.028716286447428102,0.03966868449816329,0.01820581431569588,0.044911070662978246,0.025431048437297158,0.010941222260179453,0.025968723263363636,0.032847527461538954,-0.014731828999952994,0.042808009790060844,0.013912668089156786,0.04895475667870866,0.04851902762328067,0.00040349111284714376,0.07776395989179503,0.045362164837362044,0.0371889888981313,0.03771064324591658,0.0243153994016142,0.06759031697698044,0.045637021875223206,0.019944392312687617,0.05965671352373861,0.00877474395923137,0.05328669062954181,,,,,-0.005951155644106524,0.04268728799929617,0.049736851856422,0.02303317474598243,,,0.053557162062505895,0.00840516342216923,-1.7629887838044244e-05,0.026470600931879286,0.010700302510905419,0.027663520471475456,-0.025269893571479275,0.01200761825130101,0.02043893331303338,0.03662593795165043,0.05402520697530221,-0.0030366810259834865,-0.013732053097523518,0.035070749469230125,0.0289338562637891,0.07448422524629171,0.016922246094288017,0.0070109726519607075,0.047573386040293576,-0.004374983139982775,0.06265930827701635,0.042450557658983756,0.032989186827144204,0.0473132469385034,0.062255865706400876,0.04157954447158519,0.028325479123143787,0.06134083449474976,0.02565859061409532
2012-03-01,0.0021505438394139585,0.06224758837381107,0.05401009263268849,0.057197441170368055,0.028960889328586103,0.013868690377447805,0.009581367851598426,0.046762518081160206,0.06043834902454776,0.04963339990217526,0.01291547133412757,0.03630732061213115,0.03564241001845062,-0.006294203624682319,0.060114967598452924,0.023437873652103508,0.01846521350851264,0.012104423606016884,0.06819277359221872,-0.015861847184351758,0.04057611777605767,0.016076572563619263,0.03619910769562362,0.06837705614254488,0.007496811134302573,0.06266058076746743,0.03391447253173356,0.03735743554752599,0.052923288088235765,0.02294878536106907,0.06796007115961508,0.04971708643851379,0.015985858731841503,0.05943494263626317,-0.008300263242790963,0.03977242443706488,,,,,0.0012362654502739044,0.037117762351457556,0.06605482805892811,0.026269712475982854,,,0.052017468898109306,0.001976358480161799,-0.015248643892392706,0.056130647313825666,0.010296991144991656,0.04266684033661531,-0.01510192148789074,0.01199540848317044,0.008055974413837338,0.026409433223339978,0.05206138533208385,-0.008852337260795788,-0.02082382306018474,0.031614375440240414,0.03378306882231685,0.07627716422619063,0.02264674181232452,0.013349627985338541,0.04511185687568393,-0.0012878030070520138,0.06027127925947027,0.03426943897163834,0.030188759921561798,0.038383566619855425,0.060225979204500873,0.04042128065384347,0.012613926330633936,0.06200384555867333,0.00956702236977316
2012-06-01,-0.005946648688540665,0.07286838018075445,0.038905076638789005,0.059865618491152545,0.02695337483797973,0.017040973782904447,0.006435589042474135,0.036234361349192966,0.057295620349453354,0.05000789800011824,0.0071208764170748486,0.015080756715225652,0.041955170278313955,-0.016434586497926222,0.05233068289182077,0.04007636893915202,0.012011572334229965,0.028285387269074168,0.0354811070011722,-0.02264240805634223,0.013382709190207318,0.02421643596834387,0.032246378517034706,0.05575866301791876,0.01303409505209864,0.04037777681282397,0.03804372604531892,0.0022246146187869663,0.03737268036184482,0.024868313910466778,0.07291172414274341,0.04036516956810704,0.0174710185576427,0.06926403971792731,-0.015648369135366075,0.04276689169100885,,,,,0.018124252328245268,0.016661199736877776,0.041279018013477005,0.022763432388528137,,,0.06160304869038125,-0.003325776657868261,0.019807834364883436,0.04323843666801071,0.015485941526279088,0.03066444869771528,-0.0003310606614791265,0.017046892439136346,0.006312097363750796,0.017801914748889737,0.04544083979147558,-0.00679689589501262,0.00555980411244293,0.003561920581611685,0.03750326276471344,0.07826713755538056,0.03191043676130877,0.03949415095209707,0.055323528073448536,-0.009724094204094176,0.018859467904634226,0.033354746811699296,0.009568223094489889,0.03317741025543883,0.04982101238357414,0.020506946139211488,0.027488164037548734,0.062286503104663264,0.005114001944519796
2012-09-01,0.0043570783040700715,0.06729204531502328,0.026253564484787075,0.05794399686441185,0.02079586372765141,0.00786958879518437,0.01125000846896203,0.06332693640387813,0.053152047976160424,0.05744593808903775,0.011504650360581778,0.012862553401691068,0.02265267834328664,0.002637002588046648,0.049898690251204185,0.005362993510941156,0.018667489729869625,0.017506398535414715,0.05201697425705684,-0.016626545431312346,0.018188936761337364,0.009853525166196865,0.043702671463966274,0.05782872570291049,0.006059861781713253,0.034964874078177985,0.020779739920112724,0.01210173353456266,0.062093601130532965,0.011134731592426386,0.06185103550429957,0.024031482402152214,0.017526115808326574,0.06436864153596276,-0.020488965188796553,0.03070763567219687,,,,,0.005606030843604774,0.028438629774385986,0.04268876744308734,0.002207020418044353,,,0.06586014272380333,0.007641051017508452,0.01885127644682997,0.04405229897783872,0.019944053963682356,0.029322188635733347,-0.007539405855514516,0.016994188496882306,0.018607583590087653,0.02842108250978262,0.056523291717186376,-0.0012262525544434319,0.0027636343137866703,0.0498448791627871,0.028841493208437353,0.08044373101308047,0.022779289851681334,0.0329701177298976,0.04656489420955113,-0.005738734908268467,0.026944787523218352,0.04261593273009403,0.02605257121134073,0.011938083539700906,0.010638152041478235,0.039148979257558184,0.01844486531352549,0.05193575585902334,0.005941873736439559
2012-12-01,0.003854807337419562,0.05677306871806438,0.016741260161304356,0.03712942697789974,0.018165870087297885,-0.0250082490170676,-0.003118991017603333,-0.016304102648051242,0.028708923277370874,0.02960482426255069,-0.0014475728991715786,0.015624675588660288,0.02291117940271275,-0.005080397320293372,0.02467579493453955,0.00018897213167223966,0.011094679672190466,-0.009867764798955325,0.0013181115595719032,-0.03340450776940822,0.012766249225582725,-0.016000121840633375,0.03528105765952097,0.027593455721910007,-0.014938481313666152,0.02693522588462771,0.013834996820025012,0.003023332969624511,0.008732404011768008,0.014582141651511771,0.06234753603730527,0.0403968959373001,0.005332501333255658,0.06064183978272473,-0.008299933623308737,0.029136294230072197,,,,,0.0034145729069223725,0.013560924387521623,0.028661827859731384,-0.0033126994372091067,,,0.04832651517818913,0.0028879231736647715,0.006285349806837587,0.015544642701362212,0.006750264804135061,0.02274069269842732,-0.028175501958940873,-0.0015960143042148898,-0.033562170901838544,0.0293778758542391,0.05126155685735086,-0.03672338531290527,-0.015696374849809992,0.01992554045072296,0.004723597916606715,0.07062893027591594,0.015049301519970464,0.01847927078976542,0.045394639328275144,-0.0332148915400712,0.027928535429765967,0.02489766632185495,0.02788180611853979,0.005891021009221243,0.02506151641920006,0.05131373436606089,0.02782206476532298,0.03413087734093157,-0.0009962249750949234
2013-03-01,-0.013667460350971002,0.06505385882619535,0.00914785669654269,0.03057284399989778,0.02116825764196998,-0.008674340984093082,0.005251472683876531,-0.005279558274751146,0.0448001729627082,0.04338732686116657,0.010125702463757782,0.011956230364135158,0.027506869254448844,-0.015371595514712382,0.03958842408409045,0.005670570031642871,0.008020195433736624,0.0034511935330845712,0.010353008462650718,-0.026480574932212154,0.016836405284435696,0.012988887067757209,0.02883231533583851,0.04101856762284551,-0.0035109021737214905,0.024571980818004553,0.019883078364041202,0.018347670931132112,0.031828483953743034,0.016199034131467047,0.07034146098481045,0.04258856723351056,-0.008683622534436811,0.06326726888162047,0.009954499862111823,0.02977770914276885,,,,,0.006804436467469,0.025164970116640557,0.027932355539302924,0.010156163953216536,,,0.024678661891200226,0.0005164714147221458,-2.1886501142302125e-05,0.03707560931165023,0.005318088750450154,0.018788434804894706,-0.021102959516890077,0.00026773289711340897,-0.01217811238292191,0.029118922259496204,0.05890124876699455,-0.023103469530072918,-0.024142519172344022,0.012408684185338859,0.012161316107497313,0.0844500745542911,0.010099238509374553,0.006363381826776295,0.05166284156959363,-0.022884299263644704,0.03209592561603892,0.021767699369286703,0.021399623243381526,0.028352963510713217,0.03777591907794547,0.05034542434966337,0.041897036045879535,0.036326439690618745,0.0033915064710743513
2013-06-01,-0.001176373530770741,0.068422568068075,0.02702216639430372,0.01872143946175876,0.026299577877895094,0.005214276250743588,-0.001973659594494396,0.014454580248491047,0.04659757134940395,0.05454356200609954,0.012959180331629485,3.201710713193445e-05,0.02971076808346706,-0.02345177302329238,0.039358317224875476,0.010130103763004503,0.006371919578409444,0.016736037532782667,0.02689317765517948,-0.02307535369497089,0.016005669455261766,0.015690655170617452,-0.0030345440181281116,0.04660687839003334,-0.01188272893258326,0.02107628362143346,0.024476021884507815,-0.009015633525751581,0.06161460322272507,0.011566399216679804,0.038938285234883366,0.03347121027944939,-0.005391670562886972,0.05875872264963837,0.0030376857125836198,0.03920593604024909,,,,,0.015818972220847126,0.02650913853315796,0.009191277920876106,0.016766808977140394,,,0.06038373724812143,0.0020980465036086536,0.014809763668269037,0.05738381988303562,0.009200693630924277,0.03303495755761002,-0.006407472382239026,0.008459352082341583,0.011286386792368286,0.030818263592604887,0.045429647452829805,-0.02403828420342844,-0.013519485731972402,-0.01836101198091667,0.0124194306872811,0.05334482789246341,0.029531334326701783,0.03032804949781953,0.008327219476063625,-0.015023098312713454,0.022211908134649665,0.025567062491224316,0.014777740464970492,0.019504539510492577,0.02812671111515376,0.04252859935073101,0.04543569063603642,0.029186394529117417,-0.016384170981620566
2013-09-01,0.005085064438208745,0.05240875717977513,0.009336064912552506,0.023463123936848896,0.028346271883045945,-0.001566287905729224,-2.4183572686672443e-05,0.0014931380947038344,0.0356919427828809,0.04038739893437712,0.01706200179782917,0.014127028784236939,0.027999543600097144,0.0010701634747030883,0.030258531345240994,0.013533084140171627,0.008773184246583517,0.033252758893687846,0.04547201165934343,-0.027001352089942598,0.013286591134191379,0.015287576755241243,0.021974111487671553,0.034278369185059145,-0.01119703432140683,0.025646429966752784,0.01268169599634806,0.00857212950436153,0.05069855081462035,0.011975418357529412,0.06567113345223852,0.0467318638673351,-0.008002231541156968,0.06828401578368337,0.00045283256419659164,0.019826480509813026,,,,,0.013364546800146886,0.021743821677107516,0.00046823687828228817,0.007926394852568082,,,0.05484052362714247,0.008945983472679895,0.012799647047979939,-0.004966532508001747,0.014728282638959766,0.02238485197970812,-0.009866115735852105,0.0219445459953524,-0.024962228196103557,0.03899492270931896,0.05531003161884267,-0.04775234072866787,-0.012632470469706732,-0.028667321924486452,0.02108511529298142,0.0703453434286649,0.021585156009800682,0.028047419187811718,0.00843795813900415,-0.01570429842554584,0.01006572657715556,0.032177265237723636,0.02290120179508044,0.027364794686030855,0.024285308280837553,0.02004974359873576,0.037981235740041384,0.025719159371498313,-0.006491633202616441
2013-12-01,0.010154597133761054,0.03828923013421536,0.02268506613936897,0.018372170962094776,0.03198514133779676,-0.015379009656560855,0.017384018154833567,0.014640699616058577,0.04724410108451983,0.04623368459147586,0.018143131835853407,0.019851273873057705,0.028046074787188853,0.010428834190695903,0.037772520934531546,0.02454582032601384,0.007351481461011515,0.02647237568318296,0.042835827411185044,-0.014041101721152093,0.020043056750053294,0.02410397282868077,0.04247699865337626,0.04508649762908283,-0.007599129596393695,0.026105550824093805,0.003187043032718123,0.009579030280603291,0.04564086150995042,0.019677169646634875,0.06754530658737883,0.03454575881641677,-0.0013495876680807311,0.07285683698722323,0.01210369210252099,0.031013431089589805,,,,,0.018124208722604354,0.024656485633036115,0.011943725383401698,0.017744771625282367,,,0.05145256413275134,0.018619025774722343,0.01749769757171442,0.0033724600604529815,0.016123503749439817,0.019861030978190544,-0.008358253954808485,0.011026587556164067,-0.010030748860390779,0.019325656294461976,0.03253998777777368,-0.03012891703025662,-0.011550965769437932,-0.02362278131399406,0.018771981445174016,0.08165032608829682,0.027229605344420912,0.01491736224224054,0.005989874155281483,-0.012788338226116767,0.03317473905872401,0.04114613022751837,0.021275726802839737,0.019760467288682883,0.025081026068193336,0.04636790885948651,0.033855541696647944,0.02751983496201598,-0.002854547903472306
2014-03-01,0.011287542256268292,0.03747107265862113,0.03331096840038667,0.0026331355583171156,0.03412437386136384,-0.006833042611184925,0.013067654655811112,0.023705247116885205,0.048191541276908396,0.03835575683188532,0.015336710405470598,0.02364465876848417,0.027142135872945065,-0.007361952194777433,0.033551232798666605,0.02759847248005932,0.013673203901423587,0.0056827875020372,0.05159670078487364,-0.015500977676393097,0.022522122594221386,0.024514003544526243,0.010522307258754159,0.038837757280716284,-0.007540621286962906,0.037032161281644875,0.004690651447669109,0.016820242390909634,-0.012877140955060113,0.017596833148288436,0.03536279155371614,0.04845654780409067,-0.0023308470673262245,0.06779642171920376,0.00629183339559589,0.02058689171768612,,,,,0.01181593700681074,0.023557161106838576,0.012558890796776866,0.019985788538479557,,,0.05743372204878219,0.012509028980582508,0.012440297810165797,-0.0033615333841922196,0.015465808640845395,0.027885474590263182,-0.01315348645002124,0.018354076131034174,-0.004956386824569456,0.017438947125809193,0.025162387240986458,-0.04761404567072183,-0.00995193853707833,-0.017852141116698698,0.0031449305135128496,0.08005577773519759,0.029256945870372045,0.006880793426958017,-0.014291781997587514,-0.015786857832899685,0.007883949108708169,0.02366631202845878,0.01276440591314499,0.008369777258436052,0.016234878482995232,0.05546057625926495,0.02265822076625172,0.021148156265994214,-0.007170774297671096
2014-06-01,0.013822710070716795,0.03507142893904307,0.0314129107904313,0.010353471985857194,0.03385135436891899,-0.0025887719492887766,0.012229924427948785,0.027273196893372324,0.026232990180069617,0.03630555584336945,0.020772080224445984,0.007963950904368636,0.034625090215870784,-0.011385979962074544,0.025961208338106948,0.01699921211954923,0.01763629759574213,0.02260098862269782,0.02412665968308197,-0.019546442025336345,0.018168642932510592,0.031857818411569136,0.020096524173009812,0.03299305890016695,-0.013957531576201459,0.03522916334191004,0.010552833728484463,0.006640727056271306,0.002325306772224977,0.025373981853151744,0.03589040985563206,0.041666988654213685,-0.00408818157226103,0.07990254817043556,-0.002411550763820238,0.03609055888689631,,,,,0.021967043224048265,0.029296707435672757,0.0017379051814658743,0.023042275214171633,,,0.06998675938621406,0.029243944143079088,0.02391623260625689,0.012174789359266408,0.023349208539681872,0.03609897844613591,-0.00012709536232745398,0.022909894157498466,-0.0024269945007005544,0.025696645003573385,0.025681303177004424,0.0002882318034299425,0.013997754440245178,-0.011534514715205151,0.018861816428014048,0.08291054009851528,0.03213479319387329,0.02297160601161942,0.012653658668396121,-0.012013277684112525,0.010688296713756434,0.04554630613720866,0.006275903949813008,0.013515710397663723,0.044315615214022275,0.05736125585756729,0.0036571820829183555,0.02054011428206743,-0.00465552645233162
2014-09-01,0.018647251736632894,0.04182038630066405,0.04298681996989179,0.00513213904820736,0.047702920599258875,0.010416138285089173,0.012066961007333368,0.0172142170280087,0.03595258436391314,0.04356225562770228,0.021692792257526093,0.01602496152590532,0.03033041913302762,0.013962542171208892,0.01970197829582455,0.03165473103447007,0.02649103599267545,0.03485720439810255,0.04413406420176327,-0.015396836137829417,0.017323733915134656,0.04056413987514409,0.024834401434142596,0.03582254473581701,-0.009253196425501107,0.04493416222009143,0.024502891829756217,0.024005279290370853,0.01499203183105711,0.03095075139437578,0.021913193018598218,0.04512137325365724,-0.00770169182463325,0.07024627033314683,0.003622143167934859,0.040142734177787305,,,,,0.03284262477376706,0.04331599875029109,0.0153741799402893,0.03122443979314488,,,0.06067748114287559,0.026429390400516922,0.03278873079483968,0.002529958009511999,0.01957155782272959,0.03459587280730682,0.015958994102592727,0.02383249775535596,0.01076204082273672,0.04898489688437973,0.03095998950647278,0.013723368648806439,0.00998040084848767,-0.010174278032032668,0.037665850611016655,0.07653054389921433,0.04186027472262289,0.029089676631278757,0.013954440515580263,-0.008177133570000245,0.022998211437226537,0.0487588586562535,0.021935886021911544,0.034756679128008165,0.03608777477861466,0.046502851856904975,0.02714789432929424,0.0371866822887503,0.005826706785267806
2014-12-01,0.02131607030261805,0.05863897327988478,0.04233835375405289,0.0072781258928913024,0.03728827074213931,0.00944236260968651,0.028440905854818208,0.03534727674198962,0.03774396278264851,0.04158220567192068,0.020757163023582527,0.019501502547001053,0.04051667560210176,0.01638946394546821,0.023635416199430367,0.025166283115178486,0.021677455184860882,0.02626075122777034,0.022756905956404685,-0.012654018982912085,0.019036295249247364,0.03148306421372451,0.02364929867247504,0.02757961157587339,-0.007387811097943547,0.03334335865388374,0.00939158383815076,0.02361794657555827,0.010893598087633126,0.03200944518364011,0.04556225892274334,0.05709483785768961,-0.018213311904963236,0.076942318013361,0.024281564573190056,0.04170235693504272,0.050723049560114024,0.05597619108748082,,,0.02770466205752499,0.03532046438271455,0.022241939531080265,0.025645801336553423,,,0.07427290560860414,0.03132698417867951,0.025988875240859494,0.009561050993305174,0.02689933589124019,0.0320583602418836,0.009328842483546339,0.036421406901132804,0.00510111226814037,0.04282294845993869,0.03316918695534174,-0.005335764328034834,0.004095670908495049,-0.014242710045168106,0.030354731334595573,0.08578346419714344,0.037448527267179295,0.04954868718853482,0.017635244577200018,-0.008120660399630162,0.02587684723782202,0.030447812536495252,0.03655939954291074,0.03569959303573016,0.03392165785852291,0.03952230244199162,0.031247930896187187,0.03700410686708458,0.006830346309819209
2015-03-01,0.023632795808176354,0.04846719288564714,0.03145984346972905,-0.002413094579191243,0.034138418513276085,0.01739627538296667,0.03168188201157528,0.020688034943985786,0.05668968673821584,0.04356005571512923,0.024086994697179363,0.013564483045448878,0.03113931199814083,0.014393288173089663,0.026790948470407874,0.04036422866248699,0.02561320198163062,0.01167155618216921,0.0465461320453934,-0.007742972884068023,0.017567901000146435,0.03721766045778248,0.01044647051923916,0.04641854772411588,-0.0026450429876942864,0.02644855260624549,0.024482365224001504,0.031408345355866146,-0.0037765076717794673,0.030143669846179968,0.03846947352086428,0.053257444943346034,-0.013136581075818513,0.06948382325330496,0.026493947789074313,0.031203011721578106,0.02417521882020817,0.07074996713715717,,,0.025993855623310264,0.03262280050020316,0.031935120538063924,0.030823561912642513,,,0.07709761308841721,0.021441707094030676,0.03542067667166476,0.017515884246049065,0.030275287309603483,0.039246264486209326,0.013221087140298791,0.04268343084024651,0.02820616941259191,0.02405451760289347,0.0322390332645654,-0.0018600139303793764,0.011242349542655027,-0.006285500503601156,0.029990549698606216,0.0759903246062143,0.03163660644410427,0.03715036941106988,0.03369059001754911,-0.0033408761412945936,0.04367550204349053,0.036840490579723426,0.04656840679521675,0.04179127714141132,0.0396673823879733,0.044249525281149935,0.03360777778502843,0.040192330393217617,0.014259031030981228
2015-06-01,0.01777553238361484,0.04339399957053563,0.04038649743955622,-0.003912342627258908,0.04170982654865159,0.01595873595267416,0.02503104282441907,0.04215308712639442,0.047603931073798664,0.053112580154018936,0.021087861531957332,0.005170478483201659,0.04213760930912893,-0.008066116346811949,0.021977519485299947,0.02249531442594975,0.023066105736310336,0.01687504376828894,0.0623198678542508,-0.014010537328899753,0.014275355433150852,0.03625025283235401,0.013073629240369571,0.04113013767166141,-0.017068205488232287,0.021535581484801943,0.01821444599028297,0.012220557940643475,0.007161299136938189,0.03101904176939005,0.01656512595720703,0.025429446229808472,-0.019673652048397782,0.054066269112668215,0.00482522623241909,0.024552960759093287,0.005535185745383089,0.05906203147014967,,,0.021030486304468413,0.03289468732254086,0.0060091661328573,0.03230131388991793,,,0.06346807026240475,0.009041666914252124,0.03264479362704092,0.012325665531533475,0.024516597740309856,0.03460483040465785,0.020982149926546022,0.025834544300519537,0.023002271780517582,0.013801013094888672,0.028385229302402434,0.014388803401928704,0.02159606501035708,-0.014656072161468803,0.028613365876155913,0.05097473278901703,0.018346850993964697,0.04244694747030492,0.037857692216303286,-0.01029196500963088,0.007736398055754336,0.0415702805560349,0.013345628883016152,0.030350897023095603,0.03672686047568982,0.047812311624408015,0.029235184958561904,0.027153286369010862,0.000722919163488081
2015-09-01,0.022754061189588875,0.04464310183554899,0.03241612276582704,0.004044140550092346,0.03731478288495003,0.019974646342786187,0.01991567108711982,0.0344429504544738,0.03642804266054651,0.0443965312197605,0.025893507361894153,0.015314365771087843,0.04509186329397069,0.015408819925956264,0.023564468989230685,0.026489644664397658,0.031094681738292853,0.028411937186294218,0.0596602876031673,-0.01286766363713121,0.02067778685609012,0.03540774658823301,0.02231080448134325,0.03621285052288125,-0.011362205663783436,0.022087571833751655,0.038532592308662614,0.02527761845121681,0.008928582458771983,0.0338165626928581,0.027328953456246544,0.04145037975326605,-0.01779193976687924,0.060948776668766594,0.02531050291263248,0.02946723426319794,0.018976728139360303,0.0435064402755685,,,0.029882014851215208,0.02166643351626199,0.022124584771989843,0.02706295569293006,,,0.05247652946347615,0.021291602405341812,0.03670168515638405,0.012795634299855023,0.03053506158566252,0.03472551512775354,0.008426058690920155,0.04017580502181697,0.013250008163703284,0.007588772490718696,0.03007215385950327,0.005226456049373846,0.006153268267279562,-0.01402881376067499,0.02468949904678778,0.06311234080394738,0.018592790778125236,0.0325585328683339,0.032201453114191925,-0.004534819643563017,0.03688390609131181,0.03338326429787569,0.01902171709393919,0.03614980826819415,0.04261607043070066,0.06324989885789006,0.022290464012419634,0.035412003767339,0.010724997681599948
2015-12-01,0.017444285069310825,0.044212993195471055,0.02086028763872826,0.025158529676192993,0.044185265783439745,0.03420919839751192,0.024750512749860162,0.04396285557744392,0.0456615833629345,0.03935448711038819,0.02317312502935729,0.016749686940965673,0.03863559440268142,0.027231658620059836,0.023605474827273605,0.036213716639742,0.029570698835401685,0.01584045788164795,0.05914954234310273,-0.0057695069470721835,0.025584877679671485,0.03715719988738526,0.02075700100624648,0.03870023812716973,0.004878055891659438,0.026371931810355,0.010678523764201288,0.025714313456679693,0.016433302806615105,0.024239042821893896,0.03254214226692592,0.024848024388022725,-0.008411964175640444,0.06746308578535079,0.020557444079002844,0.04338460989636188,0.016134112064527303,0.05818308121045103,0.004622943225844056,,0.027444811381750246,0.04071206787860666,0.024015169489446465,0.0369488817462791,,,0.036828683398235355,0.0344161489368926,0.02968325521504496,0.018751731097304835,0.031242129508958147,0.03589011600951162,0.02103078640183537,0.038080383944615236,0.026698710933986257,0.009619058947779528,0.015332301492289467,0.011589882372404827,0.02393748940719884,-0.007458416799402832,0.031281368359860624,0.07286650929876094,0.007684152282634725,0.036685490306488516,0.0326341589386247,0.0064713776209351604,0.02549397231865228,0.039667973192707734,0.0015386737945024679,0.037792128290953755,0.03612023082063314,0.045350574157890476,0.022154054833681654,0.049196716581851076,0.014395452167576291
2016-03-01,0.013925322650405768,0.043187622672896914,0.015296082030205424,0.011212553576201838,0.040455888055127065,0.032056471530775774,0.030368824414545897,0.04134590595312197,0.060051465748532686,0.05420293161540444,0.025334424140215413,0.02106119969931318,0.03372632837807066,0.014573245661684083,0.02297562845217002,0.018889540770423586,0.02821468336389392,0.01766547961027826,0.06340342183170672,-0.007010586891425224,0.0182373492864799,0.036143085284031054,0.001996923147114997,0.04802994452311768,0.0016646302579105751,0.026890620137916946,0.019820967118731006,0.031961262371885645,0.024841174101183215,0.025593601923651968,0.02599099660982164,0.0312515700352851,-0.012841303294678945,0.055472860801934434,0.024798895486543796,0.035972215123818166,0.021445069908888958,0.06811859530487718,0.015535423101182588,0.03596875063882798,0.02435723118260458,0.04046384220008442,0.02974948213793792,0.03231964369046613,,,0.03950830674200205,0.028324177881437863,0.03906374381309638,0.017548814453814884,0.029967129138447887,0.044565722811695796,0.010062097038040787,0.0381458997544041,0.02174228645553281,0.0074967524857398535,0.02004834897668424,0.01408994414266314,0.008623662985384197,-0.011589224199129418,0.027695367925627434,0.07239081473153891,0.019619241639910964,0.035853317353980715,0.03416128401243191,-0.004778571514399294,0.012869178855962973,0.03686317260046927,0.008659320248685402,0.04339880812220834,0.03931721177509004,0.03699347275126692,0.011765550892307703,0.04081650708441159,0.00777034922284899
2016-06-01,0.016564775223373497,0.05162744293134624,-0.009748482888211117,0.007387208774347988,0.048892814346218484,0.02611751073307149,0.02929675247763045,0.03572225440023339,0.04649661153170254,0.049153360627522034,0.024264088119203935,0.004876147198012049,0.03535908726411243,-0.0012757185010237148,0.026516208807640083,0.019829396681879375,0.026031857157604667,0.03165364906058468,0.058849864049416646,-0.013919903590565125,0.015907086484322062,0.035241302509738254,0.021039517805346825,0.04160216228731522,-0.007979418378525501,0.02157300946402317,0.023560680416887685,0.012942448273572908,0.05482909411797077,0.03143467184969877,0.03884699068161834,0.005729760711075496,-0.0077571781880807125,0.05140165556441424,0.017648366408934926,0.02036718543678218,0.010654996100740388,0.058199882571005467,0.006097296788081332,0.03771170018474018,0.005670152186137878,0.0036176415494746377,0.0020219609763773246,0.0320058315144427,,,0.04568109634346226,0.03386264222048044,0.03614941998534449,-0.0054866095094097764,0.027214243565201836,0.049828650554084496,0.015094415735466646,0.03797119759240722,0.020886562186145576,0.010862675243098181,0.025094133178247383,0.017269156031037784,0.023697987290751465,-0.0046742314613277755,0.03240663685829536,0.05773286039122106,0.020589242210890014,0.037124089520104236,0.045712234814409836,-0.006365797511020062,-0.008058111030779535,0.04982405341459881,9.238950226627154e-05,0.03498380185976122,0.04821092003313823,0.04588922599454462,0.01175908890733575,0.03370695008343615,0.008259235397226899
2016-09-01,0.014817955261752351,0.044187129289980503,0.021643812310216316,0.01898779804339613,0.04606119386840331,0.029728189432517572,0.026439016531686014,0.037560266685325236,0.0452124626648449,0.048423385685854255,0.02808746315903155,0.017600146969874737,0.04471213179487366,0.014965125426510106,0.03544837992335885,0.01348881673286923,0.028873168398871277,0.03802351055545676,0.06202614526690308,-0.006957621883862725,0.021885373044475874,0.03928837586465995,0.01786449326330595,0.0438607726490471,0.016878170668237446,0.022764396066553668,0.03665283762767319,0.024373878102870915,0.06341039226384615,0.017158562808870233,0.03275386750546005,0.006709893110898919,0.005390803372021943,0.05657872608122037,0.012663469396056648,0.02777216481192246,0.040381288637098826,0.06242342230250192,0.00593579007324192,0.05026295112680367,0.013826574812350088,0.00970566233441374,0.030296592866818833,0.03426007800191807,,,0.061436692723374334,0.029728601857206015,0.03379892095588836,0.0007456014861421578,0.02044963306197621,0.05465074519351771,0.024426463935904127,0.02236130393952934,0.028244079017942923,0.005460242543339893,0.006796016573047074,0.02586363205357587,0.010469797102241303,0.0017248134759257903,0.02750898312666018,0.047785290782252875,0.03227972178837987,0.04042445988983295,0.03854501503229755,-0.0061086528294732,-0.004751288671415197,0.04854680464218289,0.014753677839134016,0.03472103217118346,0.0408010042251158,0.03848182403204109,0.03476978586293479,0.03365982105558418,0.01513494245036515
2016-12-01,0.013478818072409275,0.038647605553104224,0.002364716782080238,0.022119879561823517,0.04755745594189073,0.02966691537483155,0.014818627001605376,0.036858708276281286,0.05354995201361236,0.04096393242684952,0.020908188049042927,0.01532768220900246,0.041359829461841864,0.014600535036956823,0.019972694483034886,0.025726053250370563,0.02334116060881462,0.042478089785546305,0.054548680076967414,-0.012050085657209114,0.019022034655886925,0.03478102487985613,0.013862265622654657,0.02891574434656323,-0.004236532944068634,0.02107248954325639,0.010496065725217978,0.022363891105054566,0.016240726315971107,0.02934932434368174,0.03514910452210079,0.00767977830122596,-0.01329000304934236,0.06354559440159767,0.012805797208537903,0.031696106220578925,0.031708312860244746,0.06341887067284925,0.0022703685427510074,0.03444787938409413,0.017435174113958733,-0.002995979249178777,0.010522009214155694,0.032489914695357155,,,0.052981551392593085,0.021762436209586768,0.03111416472821491,0.01101158616610464,0.020684820735750953,0.03593103507992182,0.017997810846940805,0.02621113510651739,0.02203142780242505,0.0031491862687817386,0.0065744433014840445,0.015983202656816492,0.01305878597180213,-0.011273930596573799,0.0287930689678312,0.06037426366208944,0.020300418518429696,0.038687002367581595,0.020923356303900582,-0.011330779545547643,0.0074135698373573485,0.03442004235495408,0.017644187219474982,0.04008299187968646,0.04536552878075306,0.03426636904752616,0.035647423170203155,0.0359506627742884,0.008633528097856212
2017-03-01,0.006855560180166059,0.037827611319706723,0.010026607860279561,0.02183880386575531,0.03741525131213417,0.018156708212589003,0.015108029385526993,0.03667893433742802,0.02950238156429104,0.03190589064722415,0.01861795392161509,0.0172576599868421,0.032196983635937954,0.018296217719316606,0.01892173376386577,0.041486694092092324,0.024191179949287437,0.04251613574097678,0.0546655704487288,-0.010130370829149384,0.013923932246659356,0.025889081131071877,-0.00030647433722585823,0.015522495589218744,-0.006884851644990057,0.012141042818378054,0.017205467314215284,0.02032421381103986,0.0036879144391181286,0.02534738544923043,0.03272257246683118,0.019235579664331415,-0.024500926033818097,0.05385687539957676,0.010309576584287349,0.022140084307210924,0.009650773994411823,0.028565407894818578,0.017876645672671523,0.03265415880665026,0.024054069304821145,0.004317530151501649,0.015717421987966572,0.022269909820344446,,,0.016305526641107012,0.024712456659884214,0.03382921099545327,-0.018090557080296513,0.020619634123724192,0.03693017764537398,0.007084278307159186,0.016296010745200918,-0.024785622377134928,-0.030731395884729586,,-0.011747708782163463,0.016741699576012552,-0.0184795334261431,0.02562584459591262,0.04289565264823699,0.009935012049008552,0.033922054234702056,0.01485266162675237,-0.01714363105510092,0.01751411896134908,0.03453699940941482,0.035537054318936105,0.03432079231247909,0.037125008252969216,0.05418425281338143,0.0413750926797634,0.03261736898558871,0.01490920149844762
2017-06-01,0.0036520751871177465,0.04207761108266359,0.004947282864707023,0.0035504097273599163,0.023576687989096443,-0.004673713370451908,0.011314248198615989,0.023307000269771977,0.01707493901983582,0.018089976083424025,0.005083018861552578,0.0017503377877313264,0.03033434330670556,0.01977257126414472,0.01241901835656073,0.029021989224985195,0.019970505112217377,0.043303723724052175,0.035931236756549384,-0.02348990947759473,-0.0008580535095000802,0.00989974398733089,-0.0011419506647765627,0.018396304094324793,-0.017467082486439193,0.01101938634970586,0.016350727079010106,-0.002394745356864468,-0.0023644410108657836,0.024790095266334702,0.02420372358983161,0.010839024393765644,-0.030087037682359482,0.03642598629275486,0.008600789524833277,0.019192777686400795,-0.001091709761504521,0.012027161327425756,0.0012391725182394795,0.04430681479328971,0.014121502745539371,-0.0026280831697105106,0.0009651936587976292,0.011511198858858922,,,0.020619404351064602,0.02056317039240938,0.029316270036531006,-0.01128332754682649,0.016343895330186174,0.03413387602150987,-0.0025790189417044754,0.015426418145328406,-0.013954912046372296,-0.012051740998596521,0.009174026731728471,-0.005771407356960353,0.01641674270909585,-0.025962509683414688,0.021508003856227573,0.05177402006086962,0.0189068225042728,0.025382802735564137,0.023344997972632456,-0.018758329185965265,0.010553820558634049,0.03260964811019513,0.009590425688018475,0.017264448595774477,0.028196064839502485,0.05252191038143242,0.028138952557816656,0.0051088191225496914,0.004618610441099975
2017-09-01,0.004963982874044022,0.04438620902424288,0.012658531602242116,0.008967489509156665,0.03102025543560895,0.0018576372598712915,0.015978838990813767,0.020564766531712114,0.01744913460122078,0.022599319537087333,0.01000087302183899,0.0024548198409323294,0.024196487263822602,0.011147255772604758,0.01558767245067238,0.0315506156241389,0.02173314892621057,0.043970057073556224,0.04357837087042606,-0.023924358020375926,0.005419839437306827,0.013081539626974684,0.007044948313324204,0.017366119050914244,-0.008370841722029551,0.019462997738416282,0.027283592722735946,0.006223971368007678,-0.004446229842156643,0.021112049212689547,0.02530582157431819,0.014934883648116671,-0.026499847834550963,0.04870188376873018,0.0069286098143524376,0.02256448127655656,0.006888690724223705,0.015063735866162603,0.00788840816385949,0.028453098557285644,0.020067144234247384,0.021830368077416056,0.003748356139268654,0.02165541437187776,,,0.015856760188084424,0.0248664895224991,0.025853373386257213,-0.019160890526662075,0.019150367088109188,0.03511122043568907,0.0007625131514360203,0.01903225914726908,-0.012257463647487542,-0.00821601531858396,0.009715686618649449,-0.013528902500612547,0.013102453332516252,-0.025589991309692636,0.029498310559781513,0.05249512013894859,0.019855896217784448,0.03358732500002252,0.020115159416165387,-0.019463933288519437,0.02018278828791848,0.029851535192342758,0.007284803402245306,0.020228128742916004,0.03913625368551859,0.054477741244107335,0.02010930914741528,0.005353722315341549,0.015237487199517698
2017-12-01,0.006354633147421424,0.04333885156222601,-0.00474459547856712,0.013610935431701972,0.02304580582521914,0.0012278568562682898,0.018941318794998736,0.020277602694386124,0.029412320022728602,0.019912909898929385,0.009525344164429258,0.007826116232833262,0.01999910571410455,0.017907600434570767,0.016327326074077986,0.027977226853384447,0.022788676420621268,0.04288714932884464,0.04374486963313821,-0.01954747016183501,0.007961752778109399,0.015649617419822282,0.010075041013066862,0.025163514357927567,-0.00856461385096395,0.021745524206324654,0.01906560750471597,0.011317094022187526,-0.012384918820565322,0.018651206139777297,0.02965377367967346,0.016476330810070647,-0.02695935062283544,0.05097862156569299,0.007971950279152,0.023113187921070227,0.008952673859184437,0.02660261937639044,0.01167313789502691,0.014045512368987005,0.013270623769528008,0.0283109049631535,0.011365704626724184,0.024393529849560495,,,0.012223647616750946,0.026394125000599344,0.007371116751692089,-0.012215545217791902,0.019256073606076857,0.036126632731282235,-0.010886065425982262,0.01753650936857022,-0.011057945923826645,-0.02894159449477659,0.018989047814632887,0.005432793450770098,0.01100320596320852,-0.01765775742566452,0.025919696949608384,0.04951749827536571,0.009399337948252474,0.03711080936275734,0.0194542665994455,-0.02056761800431334,0.021529532985604102,0.03448778299211611,0.01811870660503994,0.032046914587474384,0.03846683009438314,0.045110375884784955,0.02175264905541233,0.028512309735623756,0.016670487636069844
2018-03-01,-0.013921926165866487,0.023415644278100896,0.009655156956885836,0.022630856994240837,0.03435681399621985,0.001222097716962007,0.012429708773781054,0.003076061004072354,0.027903654312931937,0.03014928298390115,0.020156581687876728,0.010047642161639996,0.010345316853830049,0.016697838895636797,0.036078863944003434,0.04325485691515954,0.019785652461248242,0.027367900172005792,0.01504291920660368,-0.021448348434725418,0.014151788762459547,0.02747021800044784,-0.004287311756526946,0.020637715463894955,-0.008639428864247707,0.01927242017811859,0.03145891259806008,0.01922002633635969,-0.01555262780750408,0.011395049312962762,0.039745058622899974,0.021465320620946252,-0.02598976242091113,0.05778894739592734,0.018745823622521286,0.047477652129017535,0.007206638686668304,0.0377039135758583,0.027404959122954386,0.004330676511599451,0.018224206167653075,0.02405376629296322,0.017488266222703136,0.02185787472871915,,,0.021828386797807714,0.023341187606038413,0.008323948091047998,-0.028529877533212296,0.016829403289773,0.03233817031640362,-0.009503364525914586,0.03675992090048189,0.01006058818688448,-0.03598130107112896,0.032223498776241956,-0.004352930728519487,0.020651709747149583,-0.021723544313788038,0.03635703827114766,0.07574564253720877,0.01845537646165322,0.03162411221654659,0.034755241918260786,-0.02696423922063564,0.03237619373652434,0.04692096034259186,0.012543420569476176,0.02945390922049357,0.034332996509309946,0.052318317748723,0.021260778311597815,0.03911187236982504,0.023822525415872032
2018-06-01,0.004653919224780515,0.012475465049971247,0.01640099593733673,0.0225489812761785,0.002146470118291786,0.00622935083076644,0.015166232467004633,0.011637597074861509,0.017696746128244213,0.025223734926443638,0.016744731822006004,0.008624998986033913,0.026714143336109466,0.020488392941339497,0.02629035907194266,0.025865726366763164,0.019846923707933093,0.028001817368294244,0.008179252581027394,-0.012136242176779635,0.01521274289615512,0.02545787159335348,0.02087630759514331,0.02153335149598532,-0.00841810492244006,0.01684813964881425,0.025996364248545675,0.010971748911138855,0.0054761576184552616,0.008739750342922266,0.03750970496001414,0.014221806165818895,-0.02968170873461893,0.04586558024983761,0.006132429678217147,0.021546971914874237,0.010144165269394444,0.017209515542457064,0.019881645770937074,0.008809838003257948,0.017118774139491155,0.03224599224521733,0.0017277470846862083,0.033498548460746104,,,0.019216479886404937,0.02667784841600881,0.025172605470283303,-0.022594104531618763,0.017271436349003192,0.0392303679356373,0.011442675666803757,0.027149522344325838,0.011661371679015613,-0.009320372893234062,0.015842045665492764,0.005574289985814461,0.01473797606358984,-0.01281842512135209,0.028517340346469258,0.041881652340742856,0.02661686910464367,0.03982793668663535,0.021503625824524485,-0.014250866362034046,0.016546313406141405,0.035362106151529994,0.004696463156770548,0.027144711776348446,0.03985942474583352,0.05204493647923783,-0.00014771387266229502,0.029482812114166982,0.015986218693284045
2018-09-01,0.011944704405791698,0.021647856532611042,0.01436402889646448,0.021879689452668424,0.04005617148429125,0.01742919418495807,0.016268335452415614,0.0042533921045932975,0.02878161897943343,0.02881044268479701,0.026110417855097906,0.01044026762427695,0.011152523134396006,0.02472265020455833,0.030299651354396172,0.027477115169152883,0.03427741288079585,0.03374342733031738,0.027528427278301005,-0.010177857991420465,0.015203372203812715,0.02876835047062155,0.012491077430082534,0.028749752876645787,0.0042356059734570016,0.027752758427805516,0.023711754185169263,0.021928261805613615,0.013451616773101067,0.013824059937711191,0.037541598817690536,0.024320651759796717,-0.019274768751017197,0.05912002051462059,0.024300697538101115,0.016940446740233716,0.012672155800789363,0.036442736332397294,0.028021619815667708,-0.000413633918119634,0.02737067378767123,0.02960101291828543,0.037988591961239625,0.024960943785565667,,,0.03581457373564317,0.04164951391606018,0.019126108010374808,0.005914766352287322,0.020356030055902762,0.04232842275061178,0.014298397421920047,0.025697081390819373,0.012219513164801486,0.013226892111138578,0.026091939550641673,-3.140538862999101e-07,0.021498527758260687,-0.008211992038901663,0.033635479817743105,0.03934502891362793,0.02035351653919149,0.04283074087417351,0.022970177416218575,-0.013178866678021104,0.02739276469678131,0.04348487060339724,0.023202666047632402,0.02497865415517199,0.04575901083734769,0.06313753092087339,-0.004212623030982158,0.02706708692890433,0.02160645966979654
2018-12-01,0.012169012100718241,0.02928675919767673,-0.006140643402022699,0.03341677700369841,0.04697253153521471,0.010820438049149405,0.026082047566233012,0.0082624243915793,0.03716143131922506,0.03280233082439928,0.027544647423572627,0.017575869079026973,0.029738665804016507,0.02570476109844016,0.03620546085154006,0.03895758758718188,0.03081784685308988,0.05032258820698881,0.02893041923920072,-0.00906228299166277,0.024765930160535955,0.029292636945925564,0.023208422169031975,0.036512963212419064,0.024457453410805123,0.028697646105556463,0.03065914447313028,0.027504085165238883,0.01362285392222221,0.018935251282679408,0.04467822552990933,0.02973478605566474,-0.022886823816561354,0.05190675155190569,0.03333571133271426,0.02383541455096838,0.024278831752318323,0.0427232526585496,0.04217794674351485,0.009406072499997763,0.02708184179487437,0.04126117099349066,0.05854326327956434,0.027696546611311178,,,0.01934201988233205,0.04980950208907346,0.03708883080815913,0.01038290799849472,0.028516751553106467,0.04873714287797736,0.012230537134680163,0.03819779387784474,0.005486747658007481,0.011965671803695727,0.03461700005553305,0.005489689207332116,0.02485811641571384,-0.0073458098046746455,0.03964629259480239,0.049844882891995984,0.021625404364921774,0.0510767635010364,0.03808964462644441,-0.010020684236835643,0.030191732312796725,0.0518006580787506,0.01941037828502523,0.030038585803778974,0.04926293287479714,0.06192930807137348,0.01262732952157797,0.030911402040593505,0.026659176091998697
2019-03-01,0.02593573655976906,0.008827689385899302,0.0155156821702863,0.03580974118196714,0.024533231788530264,0.01472627310414005,0.020606255420272127,0.04832261802354496,0.06812539082359348,0.07108097321274282,0.03401252542586894,0.02160270616549336,0.010520741074551112,0.029052311606381838,0.048995244494057344,0.02630208835069241,0.03094824227619615,0.04137231762591989,0.07720767011374241,0.0076801265472988016,0.04075141071479518,0.03889767056099307,0.0185469186200473,0.06905225314641517,0.0386836686785501,0.028542425224222952,0.02265873583560042,0.03896054123911169,0.028770940786369305,-0.013614602563409793,0.042892120032521824,0.021996809154453668,-0.008630929395189503,0.04569509364460566,0.01716169053838116,0.02992099670420916,0.05983414162803211,0.054797226052851374,0.03882310214505365,0.005321998652548435,0.01814804262566457,0.01821306746221399,0.05449982803395707,0.041468509340117345,,,0.038942349361928634,0.045722181012409324,0.014654657077627822,0.02467007871570416,0.021578910749971682,0.04800725331604237,0.03590891033044129,0.026764961836216874,0.02830465252666459,0.024140635360656616,0.04101695346642925,0.022730196024768192,0.027462328211821818,0.0064587556582599405,0.027037759515471188,0.05674522823588434,0.026389335188208993,0.04295725864250263,0.02923240064517398,0.001630690298557979,0.030153041704584008,0.06343810265288549,0.011015454555304767,-0.03128842629688051,0.045011954928260337,0.05916428412896781,0.027297474418780183,0.04003302775622742,0.03565526161488974
2019-06-01,0.014055761993456458,0.019188761763270803,0.02983006259647869,0.024423716419579015,0.02461908986609362,0.01649822458191921,0.01783323874086231,0.04050924860124732,0.05939724950026008,0.04482520733795015,0.02234614969952473,0.017513028129959824,0.021848828102064472,0.034755420675763794,0.040479670212229986,0.03770655861382906,0.04309109613319435,0.039942944731544784,0.029811901892080737,-0.005672773700760498,0.03386342097721829,0.03249835236432434,0.01947079897319009,0.044346916399933094,0.031695271665367904,0.0205319178049293,0.027460023304398805,0.02780341213756031,0.014161747381296663,-0.0015899259976095974,0.03479983075351964,0.03242394929991137,-0.012722317829565226,0.05053943316462564,0.016658868294176066,0.017312117716011318,0.019197742808754102,0.04071889195116331,0.029681719405521414,-0.0025943280304373748,0.015620784574835277,0.020352876394216488,0.040534452730113975,0.0382946798695198,,,0.02029197575259702,0.0482104771901177,0.01265690495337571,0.026931243089660512,0.02196921611288315,0.049918653710770734,0.02898317785311667,0.020800562443381687,0.02605134161180327,0.011021466055974222,0.020955384015476808,0.015430295219012121,0.022327629594181515,0.0019568407095775548,0.0221009383875085,0.03650407101763061,0.028143053876830054,0.05100014289228525,0.01718922030314564,-0.003897447656894053,0.017138011793133304,0.05448339438910544,0.012922717598309453,-0.025334871878314003,0.05157756762333107,0.06817956980916125,0.018668039960819702,0.03377727995816326,0.035477501807195555
2019-09-01,0.025099443440315936,0.014025571781533458,0.026889611404838653,0.036818709296490275,0.03046317191680523,0.014742282916403502,0.027072504171512655,0.045079072489214264,0.04262719930041725,0.055518011356441854,0.014216834288012663,0.0073917743159486494,0.011381623328576769,0.03221345171088014,0.04424712450410479,0.026941426088195164,0.03220657759882544,0.04311675121122768,0.036879706985170235,0.0019528291196618018,0.03371987034868983,0.017253821542540636,0.018925403393871425,0.04644349741075508,0.045974619119351474,0.01979242918331435,0.036842850780381624,0.01994584632293329,0.034558499824437476,0.013830613293355552,0.052312494346426215,0.0302083030663106,-0.005823958993077696,0.019915333018651168,0.030152537601736303,0.0178615662881516,0.02253945375252704,0.047692474377048315,0.04366677569331363,0.007551457937028149,0.016000451123236146,0.023537010219820558,0.041722057866130986,0.037683945869892356,,,0.023939303833276616,0.046396941279859424,0.021933011330791185,0.02019235324175851,0.012591305307042944,0.04422047220599794,0.035938299554585156,0.02643965544537671,0.043291031320914136,0.028640389046007565,0.03781030427496935,0.02812717923795177,0.022880106051090275,0.005639810197537239,0.029135983522355195,0.04901229477727494,0.02032515343519949,0.05302320031223664,0.0238820722798979,-0.0005130795093756364,0.03613134432305441,0.05259920418291213,0.014039854185198524,-0.014208052077899429,0.04978063813781004,0.07050608756772583,0.020116894433571383,0.04430473617707316,0.0354722063710653
2019-12-01,0.0216465875125991,0.022597547557459262,0.031751845474250126,0.035937247830627246,0.030230103800947785,0.010845509877822863,0.03663639254625337,0.03475735599448869,0.0464811073119414,0.05633815284389989,0.020233261844803854,0.01619345716617416,0.02246992487232162,0.03500539963293141,0.04511246805350045,0.029182920724896158,0.0405730619648196,0.04824296742950441,0.02790537232900073,0.004292908921449551,0.018663739586808406,0.02104512620064775,0.020368323353123444,0.050488956801821576,0.0400649125597545,0.023504584091551605,0.04026108534720099,0.01835339131724134,0.031874534613866155,0.0168453175077495,0.013153648015788421,0.03286615511150861,-0.0018219664533615282,0.02053779357914379,0.02123536751900049,0.03581278840416075,0.02592485450768366,0.04312469819232862,0.054073899873036096,0.034035639292165576,0.01497757932107023,0.025279773389239955,0.05476674680466779,0.038239413843882304,,,0.031252681068395,0.05265259922469771,0.018501465312093134,0.02590903948274862,0.015485887296217766,0.05484490119739362,0.02863524556143774,0.030588481326227105,0.04014308110412899,0.031244414101505073,0.02184567768512237,0.03655535070328821,0.025603917268159502,0.008434075803081446,0.03366029825564031,0.04648287634546671,0.00791418751651341,0.05296980928015247,0.029909751995081522,0.007378878356605539,0.004410190290364068,0.052128067416485964,0.021036142477727955,0.017715568123561794,0.05810366713996973,0.043967994355758405,0.02391340936174323,0.04736568167233792,0.04220604294262535
2020-03-01,0.014786709569771012,0.019937795410085744,0.03842644073544996,0.01821760903477999,0.044552237008945984,0.0019891176390281484,0.028471108714555195,0.018742596597975333,0.0234003499091158,0.042601404941777436,0.010307773591255873,0.001005803853493482,0.04555402558213472,0.021886523805718375,0.026202699720237775,0.0377839045507652,0.03251488808288111,0.04790000607123313,0.010746633480871485,0.00044190851271508867,0.007250261484721039,0.012887873332477161,0.004060746748005058,0.03403045358782215,0.008148492502544543,0.024004026045752875,0.033327698142172756,0.012948575391183654,0.017605119417425343,0.02912730976920846,0.02406188462000987,0.043155842118221,0.006389967637114387,0.02134950024278385,0.022490059932793613,0.030635500383652856,0.023853667328815113,0.02820384026982388,0.035456913328743254,0.049391901334467185,0.01382556473221893,0.028814866270707232,0.06038302036030717,0.021805945127608684,,,0.017122740144213444,0.042759604374322774,0.03321690615286968,0.02431300066610845,0.021039577976146268,0.04938782339013741,0.013253027200798764,0.019579064097851706,0.03825658825891727,0.04290300581950666,0.03535792450081012,0.045370027279558765,0.022550419798283625,0.01225452704247978,0.034283382664525394,0.040576034845045926,0.013378810048550077,0.043906354176323215,0.031749448895161125,0.0048583040975654366,0.013971734716965093,0.06004301998197618,0.014994835101050749,0.042537196964631104,0.047040030982995286,0.04996987165677384,0.03569305228278541,0.0469112942049933,0.03304377795369412
2020-06-01,0.018891691711128356,0.027285698181560448,0.09161599426253147,0.04883618593364985,0.052075447888596284,0.014973884259736487,0.03871619559566495,0.04906004924855358,0.06587134723051544,0.05817680011713335,0.028458010539064268,0.02735991627905175,0.05332764155224133,0.029695122011249735,0.048700644751637476,0.057357827400063705,0.04048762128384719,0.04808890327783743,0.05572126155545047,0.011799092816746215,0.04166643801340478,0.02718153484348991,0.02177792763077837,0.058309954036496796,0.03458182147875721,0.029850766135145364,0.043474838173452456,0.047853755689694015,0.05236984447101301,0.03064999102298692,0.028103095032684454,0.0332652122227737,0.007051361030007241,0.07581803754771539,0.03663383922685335,0.028339237974199002,0.07295599834059294,0.0645118645193006,0.04011907838502184,0.06644446845481261,0.019494931109673482,0.037445926436103505,0.06552848519629444,0.05255517492356662,,,0.02422297712303499,0.04342112173136495,0.02366825865975262,0.03204005774916618,0.030841547498236768,0.053366680723673676,0.04370046733988448,0.028480300996097888,0.06665060899223205,0.05337997648850072,0.0246215943402442,0.05633499038656045,0.025120312280049854,0.055476985660997465,0.02762665082583533,0.044389827065268325,0.01933222750411315,0.057796453446723135,0.02525956054137322,0.031066076412767193,0.02957218344824276,0.06608723493925812,0.042874458369648566,0.06341530564204223,0.051778129899498745,0.0900348228429451,0.05327457970269165,0.0459315208147323,0.04259824114537158
2020-09-01,0.009404299125217917,0.04689702662705164,0.03836812520201157,0.03717047962032308,0.03141484669161679,0.012435867146172482,0.04249952596488884,0.0342670836631988,0.04535684266183509,0.05941970122733297,0.023797684202313957,0.013781532713882,0.06893698341100371,0.04096689150023148,0.029142807407088796,0.053944789169498505,0.04647208452096053,0.06081520860784621,0.03721891468964793,0.009550179351437017,0.05991173331383587,0.03082137149552013,0.021682204848740727,0.03336043456255137,0.026895466274659253,0.036404464168577094,0.04853480846180487,0.03264309554086194,0.029691148156172173,0.04173600830876574,0.03747192727119396,0.05210123157154685,0.008292561084605904,0.036247703968031085,0.02697611766480566,0.03692937991073387,0.031007992089310692,0.05399050010527196,0.04728454082799451,0.054874669788781597,0.020766239809320755,0.046412349833406676,0.0450053982748877,0.03836399213577802,,,0.031817115514958506,0.05081150019654562,0.03664441935951799,0.0523360417592202,0.03704708593406275,0.061359572314314006,0.02163509546256673,0.03166268617306854,0.04344292895408824,0.06263292941407719,0.022031243127652932,0.03685096346455637,0.031415748815491286,0.038171612176012455,0.03403245574679069,0.0578631682014044,0.02933690062823461,0.06673294854512862,0.0293123669605303,0.027477822425238455,0.019069191366129157,0.05390790376762824,0.011013969260424467,0.06195478732275003,0.05823129786884073,0.04909170571053768,0.025074778162726873,0.04865842244319573,0.046944373517527394
2020-12-01,0.012114557930631395,0.05005393392987857,0.01973153511418115,0.04468266678883939,0.0415377360747953,0.02313571664110697,0.03616908111658372,0.045061364625790294,0.0480223858045897,0.04266664697298532,0.03668794437234647,0.03745967836891116,0.04939919472884399,0.039880346869962585,0.03373053141766466,0.02327428820875906,0.045104161687700546,0.05488196596524541,0.033570665955004075,0.012100232757390526,0.03754243129668717,0.03074083660772671,0.03147479549547286,0.042042826204176965,0.03217167637054823,0.03765037162767134,0.03904748626098711,0.037737836849680975,0.030589458683825045,0.03442927107569194,0.02502678499228476,0.0487716422242963,0.012185906924345812,0.03176587788942754,0.0326440302270882,0.0447628879987288,0.029699500780420957,0.053548527918398106,0.05056870838066562,0.0351890420329044,0.02976261792952552,0.04240441282115393,0.05097264077046568,0.025493814055456546,,,0.04715919887855587,0.043785403130255744,0.04075219643002845,0.048630504299252454,0.036203363144144136,0.05287214475724896,0.024352711396236598,0.025481304726345567,0.04387270098171436,0.05251488519567791,0.0298017656616275,0.02304689646495904,0.03212058669834044,0.035683161317745474,0.025645237988854288,0.056310922723503354,0.020163042807179135,0.053017241644840535,0.02445052561046783,0.020164451269676077,0.012258827248684812,0.04838520241070793,0.010353569336817813,0.05403364573700931,0.05347655442418476,0.03384079912620053,0.02085213044473955,0.047889875593019986,0.04615478292955966
2021-03-01,0.012841231759857583,0.042914422103191956,0.030850606457761182,0.026533907978844078,0.04043883509261453,0.017278247186646868,0.040170282155114236,0.03686818543064376,0.0458284325284172,0.043182543591144235,0.026293649430384914,0.020896322916586482,0.03920286848509719,0.03677007666930546,0.029975339455051882,0.03811744545889905,0.04487337916586684,0.06159197462446451,0.03416823470038755,0.010588544032408687,0.019925378730107544,0.01706536814812858,0.01845382644627336,0.04535781584595897,0.025316961283077907,0.033388665745545734,0.0396130480608742,0.025953870168690944,0.02055130240530561,0.03626743568263799,0.0324657119963623,0.05553439010294278,0.011427977890793622,0.04488478845734631,0.03139046439279921,0.046850618707392676,0.0344043013688725,0.045456859871287024,0.05408145584759825,0.04713271548071316,0.024351447449902378,0.040848926018314066,0.05734937259398172,0.031111378012525635,,,0.04888969651554428,0.04118975018311805,0.027886846927652958,0.043736614639331116,0.03161855142172746,0.057954825393985485,0.01865813489076211,0.023911936398842745,0.039646821307232016,0.061149795411420786,0.03135253829207008,0.02693189837216165,0.029460537888477547,0.03366044200514069,0.028948301873881723,0.05772241430287722,0.011390052852264179,0.06029454798304481,0.024776375634948108,0.016096529397844016,0.012386720387674778,0.051185233230582855,0.02233104069401664,0.056145689991239534,0.056186531700146175,0.055182404386680206,0.026457431870667122,0.0457737659793144,0.044392794258565446
2021-06-01,-0.0034554339193678205,0.026556083887982647,0.024936226848056436,0.00485917935023721,0.028959932880945834,-0.007096491855587578,0.025873939353694923,0.009634591340963738,0.007944029162419404,0.0199594927584953,-0.008993057764784427,0.0008022069546395025,0.036161522296050796,0.027005431934091037,0.018957081449489807,0.01384828034658953,0.03538660555515356,0.05106564753267279,0.0027873212977952483,-0.006529981068253471,0.016914765924656083,-0.009893171601084532,-0.005589320713816617,0.019246393982935008,-0.005053962433386826,0.016556432200428885,0.032041721147574274,-0.003923008327869488,0.002476959776239274,0.018884096569503375,0.0240462843103357,0.031643074453494506,-0.005037672430128841,0.017886932519070874,0.021540069112720887,0.03947402633178014,0.011598781320569905,0.011711315314003717,0.040579938349466854,0.04296860758705609,0.00742332138269634,0.02120950669529872,0.03002845271866055,-0.004624067779711671,,,0.02923957687409775,0.03204276184356533,0.017016358128191404,0.006622166373613478,0.006230541948469606,0.04728230837280702,-0.015259650893607408,0.009044208562515393,-0.00042896230927759156,0.0536092049459326,0.023864731710620708,0.012612604966936782,0.01488691289286911,0.008500054313828078,0.01497115493579585,0.04607645501537963,-0.004441718495918095,0.040439560801699914,0.019930685867430128,-0.0061325222640689426,0.025611920385638202,0.028399177517292252,0.024399959896434998,0.04811304842759486,0.050245959971401376,0.04404686199303743,0.04095036091794409,0.047453698726847786,0.028783839949902693
2021-09-01,-0.0054689687343605145,0.027222242331582814,0.020333188190211043,0.008962295632927088,0.026493066654706444,-0.01217173548377605,0.02968215928490436,0.013114111371570248,0.012344018581297793,0.03320809270187949,-0.00926250386186078,0.0008746152037367532,0.04007751547455924,0.03221905710691447,0.0360544342485363,0.026018299241951193,0.03778498671611496,0.04880017953340905,0.019903957004910384,-0.007552291343897075,0.030246450421980053,-0.018417198816452412,-0.01245403686983617,0.029642144969457843,0.009363305294003883,0.025394037603359884,0.03174449773526002,0.005451169028586587,-0.01026233516009059,0.01896452607384748,0.028727068371271258,0.024397647572147706,0.003423963050571331,0.03231251846044024,0.014128247038991584,0.0408409865126076,0.01233700547692538,0.022723994728722906,0.05101375778603632,0.054443315000434575,0.01138975185547893,0.030485030988784613,0.03953412203998482,-0.0033531475473162612,0.05408423844915667,,0.038433515926286146,0.03951415838500234,0.01940170978739424,0.024260801837859836,0.007243084519300719,0.039145895683218974,-0.006059750278492159,0.012383434157275173,0.021961921831444853,0.04732132578597077,0.03321105593484283,0.01749097784180983,0.01341452468982512,0.0031828637499779714,0.021576197164581458,0.04846770028735192,-0.004740388836590164,0.048448590244652395,0.027483069914664475,-0.009169435258750018,0.025809645069315112,0.039732532189702935,0.021948849859660308,0.050251135167389896,0.04657207550225787,0.03424070050100537,0.03176810186672291,0.044783910506616655,0.03165042833347892
2021-12-01,-0.005211521866664376,0.013203348719308765,0.012510066342914336,0.0005860730891861064,0.016038102076964166,-0.010429556573317164,0.05183344493249181,0.008487661998409963,0.004901424144395946,0.03486535616496967,-0.008790950794723536,-0.003167715188785838,0.03668461017993097,0.024313798563848167,0.021726998646648742,0.019255705890128073,0.03412821260583328,0.044735348412348844,0.008186698428627934,-0.01241028020392729,0.014110367849970117,-0.017768229558160698,-0.006995616522722898,0.033432591329579625,-0.004937687342202627,0.02684696057464237,0.03551989583252861,-0.0047402164787119895,-0.014802952029961703,0.010250847781517983,0.033113309177943515,0.027896184540839194,0.004305792645091302,0.015260814907439966,0.006340830098519323,0.043518758383976716,0.00994301540035112,0.005649539707204422,0.05304802825137431,0.0672068614071023,0.002670023145867161,0.019563360653433864,0.049521634413761104,-0.004106830668974793,0.046778541762310805,0.047920511353840275,0.030024286461761668,0.03751109613921389,0.013116848400970747,0.008324582134618577,-0.0061334011747785026,0.04215666838698672,-0.006528304636373586,0.014260619728676562,0.013215686282050698,0.04222635576299909,0.03368258792157272,0.013484467425701703,0.02560475197765241,0.00281019040322176,0.018981937012684403,0.04781055645954406,-0.009626882178171812,0.0476765281893555,0.022789876144866782,-0.0030700920838915907,0.02747657607344421,0.04859511223330101,0.017501603092728288,0.048401565831824304,0.0436521670934666,0.030499086635032945,0.022226565254230172,0.041029136775241434,0.027951769461522894
2022-03-01,0.0008060575060161901,0.02103301694363616,0.035334411308673694,-0.007727277897346647,0.03557280800324867,-0.010600501456600306,0.03280687313392269,0.027070471621434177,-0.0038536477645765756,0.013171267059765249,-0.01104588980273551,-0.008019749850685817,0.03871195959792463,0.02720928565147343,0.013947543639031395,0.02744265223175915,0.041948217034517524,0.05074574134303851,-0.0017386997436754706,-0.012279476904827112,0.018606704876660912,-0.01619907161538585,0.005370943589278773,0.030763525614114356,-0.011743805073331401,0.015963426546996118,0.035994490670698556,-0.010236002951125091,-0.011330853316536289,0.012569949503564134,0.03045406169658006,0.022355958600867396,0.002938764959968569,0.021773474245101947,0.025612157834380044,0.04267805636620503,0.021361106514105485,0.010749151623465576,0.046690814427169325,0.06541041204572236,0.015385345363720972,0.0340779581115218,0.059375860973977596,0.013991040592377692,0.056535399732298174,0.05679442590572437,0.03624723367984661,0.04148362074439287,0.03330108828301578,0.029316630473206783,0.028917904670622024,0.04396702678118746,0.004735825115117061,0.018347673912283476,0.012028540373773499,0.04849135241620475,0.03372180473220576,0.032023750067329916,0.03534824148008816,0.0037305465104769332,0.01758294565612281,0.04593147853779687,0.003648756711829485,0.051004104587590374,0.024138520654426343,-0.001849940602110432,0.024070653411699575,0.03241257817191763,0.012525254214012292,0.050575042685133124,0.04727483917333485,0.019076658454891215,0.013060599844984604,0.04871337638364771,0.04329062517654028
2022-06-01,0.01428734320553448,0.022656176342992055,0.029757744469755622,0.010918821408381758,0.016282336609123642,-0.004421430456010025,0.031114477377856047,0.05517299019231903,0.00024440548029727765,0.025564701045371677,-0.004781197252803611,-0.0030281668175110273,0.03679502842502313,0.03266372891086804,0.023640343336220213,0.021332070104143796,0.04107754900063729,0.03434426225076251,0.0062448892959532385,0.0008797670218555297,0.002980545496240123,-0.002897258836670165,0.0032137748550613065,0.013452035057961855,0.0006876769027481286,0.029461178612993758,0.03370034646042022,-0.0027043530486318247,0.006634842646445743,0.018175146968789455,0.0323082458102108,0.023488917874582273,0.007554454786710899,0.041174377174348666,0.03197463384838711,0.04975125889607735,0.03613871027792179,0.006875639362734767,0.04266907697758242,0.05312948930819858,0.017129625456611244,0.02166561547110212,0.0379157080286613,0.021566303301607855,0.057647631269297644,0.059208572291450476,0.016386789733796175,0.03669392999751577,0.02490412940185262,0.021200340485718526,0.022408513448343926,0.0430211352207402,0.01740482176783882,0.014128378403577195,0.022829551037862703,0.044578575115250894,0.031001744728418115,0.027757754693819046,0.03144217009141057,0.005484520498778054,0.023125404153886163,0.04912361044392838,0.013382388291730146,0.04838013541789863,0.02792828479641658,0.010117189892697307,0.02298665339685124,0.046606674015164454,0.01854981709917407,0.05081316281908202,0.04287424109671436,0.055662943467538605,0.032794040346340425,0.04130197102503289,0.041582780705392335
2022-09-01,0.006576950090904536,0.033888706928420505,0.03664223735496599,0.037634363426525014,0.04342816929855467,0.004328473877045039,0.026358013522637398,0.06357798764161154,0.012946242659162716,0.036650419233051644,0.0029852117639218943,0.007869195327818147,0.04497592435436851,0.02748632985340901,0.04487440541788167,0.0207090646864729,0.037722211228554625,0.034318651489004114,0.028251251894362905,-0.005416149504920844,0.021176102463501295,-0.008304251400353818,-0.003137064738199136,0.034955480297416686,0.026502758554811788,0.025144160087936823,0.034766168224297414,0.017531317335454266,-0.0016024266260050146,0.020213406157570227,0.033707905873696625,0.049894479963853496,0.008777898943081546,0.026863638040190364,0.03785780160705583,0.054497348593310395,0.04663971201567655,0.03274737620379953,0.04566821567389689,0.058716143374051344,0.005723134407240629,0.04281791347025771,0.04240348205492981,0.03613896140683048,0.05457690727401979,0.061649803359899946,0.03142620608098416,0.039579130823962146,0.009926886728623217,0.019563869093722347,0.008292501242649438,0.048013038727648276,0.011875163113052693,0.01811286271842406,0.005045073215151579,0.04484065862785795,0.04765859910640444,0.033196041977994487,0.03413511043279676,0.029872574249598376,0.024471741761068703,0.0558195193435041,0.010566931314728783,0.045709449101945604,0.030164332343462833,0.009342495962265045,0.022828523686613686,0.050052296122991995,0.04882088205647116,0.052017505177251906,0.049901453700085516,0.06030147464353874,0.04360705547033561,0.06075279343607221,0.03513315660983543
2022-12-01,0.00550771625229895,0.033073546153891284,0.040173226025791785,0.03759641489120177,0.04391306971975035,0.018404531755838543,0.049848139155469096,0.06873136777357723,0.03519781557457002,0.026625888984910823,-0.0017887027383484714,0.030834491545531088,0.055178372070041774,0.02089515194086414,0.05213880948071896,0.05356036686049392,0.03324766605462477,0.023333562492881148,0.05324394180839229,0.0005242513096156909,0.03751265223387367,0.004832102619726576,0.003653360405141936,0.05092470317901085,0.03012010914946968,0.02091308980321958,0.03538336722253651,0.03560001353820553,-0.001502526929209294,0.02163049426780801,0.03741159990174959,0.03078601224067909,0.015445036695240945,0.025146756425772833,0.03766125367424748,0.04581761883594423,0.050744783094679606,0.06468866507054831,0.038094241420327156,0.06447022164181941,0.004105174150680283,0.04246221378653661,0.07818877124913923,0.035855157010503666,0.05605328728885747,0.07188201316147771,0.030506694350850558,0.03463587501846194,0.038418956907688255,0.01437248781214228,0.005891822456291854,0.04575001549148823,0.023061790326185244,0.017226924584125926,0.018992351143353237,0.04804051547271939,0.03577340987361016,0.03882217103061391,0.023789469266238192,0.026102592935517234,0.02173480590012049,0.05694165184893601,0.0074082770037587585,0.042456339946568625,0.04947753015947796,0.0273245510173624,0.031394829953352785,0.06579767625467998,0.04840935638772057,0.05801550148225501,0.043944084137091964,0.040359442641194614,0.04859551273582803,0.05383911699635695,0.0337454148645672
2023-03-01,0.006064130695769726,0.01319435336902295,0.008012436753935344,0.028232732397971052,0.03206760256982547,0.005922783115987215,0.043063213782014144,0.0567404976948864,0.028809965377293766,0.03910725805659351,0.019660550943696963,0.007696954902154427,0.0407857159907368,0.019165919964001372,0.04206666533146344,0.03792673589675059,0.03470484452875602,0.020565893982761273,0.0405987044993481,-0.0023987310223014323,0.027657671746772642,-0.007746723708695313,0.016217611341044578,0.022512366700883538,0.016706817507683765,0.01754308597361649,0.034286149098908876,0.030541356204098556,0.008077431109618064,0.020210396372695554,0.0339559515492153,0.029157768967074168,0.012978421525447432,0.023782165880199005,0.033476675937866594,0.04788360824324812,0.03841310490172063,0.04391819126213974,0.04902145422629736,0.05291439316881421,0.00396469764450832,0.03841552130316342,0.06210112308176519,0.03170052121483997,0.05880379621056178,0.059121006079041194,0.03347553180535691,0.03239632400526809,0.025310797191685008,0.022751228413982298,0.004663033371972346,0.041688892881489775,0.0008084334836089782,0.017118285407110096,0.024562506928305215,0.0423257673457059,0.03407218939671261,0.03798655465877642,0.02141376599238531,0.01894227599386284,0.021758941999130484,0.054111786811508376,0.007676384852736168,0.038974760671228584,0.03270214802019553,0.006448570034254638,0.03009811324857279,0.056996270851245916,0.0276720492266853,0.05260345268043484,0.04827336281334927,0.036580841778621524,0.027345760518542664,0.040933716556039806,0.024461746609786537
2023-06-01,0.019723844411240855,0.039130510155996834,0.02197681272143874,0.04559817250379528,0.029238387354641206,0.0166319173393464,0.03951197627059673,0.06270766099059868,0.03635993663550782,0.03749132866158832,0.03064099123233265,0.04063992492707658,0.03313912042714842,0.02703505952317796,0.044988703605790666,0.04164882358940544,0.0407285202223307,0.02324039446215726,0.05237632195489858,0.006428428294482509,0.05596478931549548,0.02005060972415115,0.008170191149202439,0.03876979306064328,0.010640670249817779,0.030062624394565956,0.028748726649807734,0.045149665416620445,0.015921361015422617,0.022092199634657854,0.029773635991514218,0.024279013340347766,0.012567273006647785,0.027485386403285836,0.01327124955854295,0.05071422305902679,0.0448831938430722,0.061604777368778875,0.045559068843632054,0.038396456762891835,0.022473086500881825,0.03953548648689155,0.0428598628214776,0.03850987934835488,0.04644727577593966,0.047467212430774106,0.03802282718835836,0.036712453952822834,0.02959453658516735,0.03392593422704322,0.025243157713277325,0.03202459943508813,0.023220747528562555,0.0071726661398462096,0.016922416967591815,0.043682116899931296,0.03784525010500503,0.03632076141605493,0.030307623341873407,0.03032706729739931,0.025679367853816443,0.05629773075573328,0.01461180585732664,0.04443380609869951,0.03424104892811599,0.0051182299574901126,0.02408001663661351,0.03765028749309527,0.020720542432948973,0.05547914424127236,0.03697125838757593,0.024261723323535066,0.0339251680458672,0.04498096841139726,0.03568988347075623
2023-09-01,0.0014628326120004606,0.02089978393251453,0.010801216660231797,0.049899638688519536,0.013446692038391838,0.001387487696838742,0.023731470662753596,0.06810053254871173,0.0235348380530523,0.027187322553674575,0.01648018342005707,0.03556976669048972,0.03589628656797011,0.005912983109824282,0.03696995746097024,0.023370521128274133,0.02088447534510405,0.008556339910974356,0.04505215744400705,0.0021209062457718296,0.04304642085326304,0.003831050614540246,-0.004426339165218977,0.060051084667225536,0.019988187801881014,0.006386433431033148,0.016991594202335022,0.05615794500637981,0.009375363244841032,0.0070472673055214435,0.01963428386270338,0.017485464360694987,0.0024500497444458844,0.03583661916608586,0.02362350628068537,0.04056809547065181,0.03061357446875221,0.05767088061384412,0.036189869701549277,0.04009097065558499,0.007169599170686724,0.030596196264405108,0.04703027005761722,0.0268412870873237,0.03096782143571194,0.039603902131461706,0.019482989139828967,0.021891174342237765,0.018372979881727577,0.01757668995519063,0.017527611226212245,0.02070977419352321,0.0017751165699574738,0.002176217544493076,0.01173129296169768,0.02769925814421278,0.025301606611018233,0.013670772124931743,0.012392888153252558,0.011819492934299876,0.008442370132430271,0.057495241755078356,0.013648715738830829,0.033626609784726424,0.017843726497163228,0.0077263767071677515,0.024385620167632915,0.035285495533453816,0.02407053513095273,0.03978696381126704,0.026829930720647308,0.02540847735417158,0.01818175209483729,0.024487145021293982,0.0167654687933878
2023-12-01,-0.005266514145006209,0.01840266153033569,0.007899510594105751,0.03705550609941513,0.003252572564315127,-0.0015414394635604285,0.027177388993189364,0.05735943395260672,0.01940972973731252,0.022141511538587073,0.01093453342611565,0.033847321444094275,0.043153593057146944,0.00028598857535061246,0.037018004827290125,0.00619832033020771,0.01123226195987528,0.009254576045974535,0.0404547028220299,-0.00038438155880706593,0.03482726744542695,0.00130237013575407,-0.011798467365670053,0.04617037809006948,-0.003839644070107524,-0.002697900626864563,0.018876248087478377,0.05269624178363843,-0.006399998271527472,0.0031787013248688162,0.014838175152591776,0.008251326639057234,0.005858424663238718,0.02287306308525009,0.007306386358903302,0.03676192012931806,0.030649857145104247,0.05632832277924441,0.028246425799436033,0.05054105300399502,-0.002019870050577148,0.01771060690481545,0.0446186918827912,0.023496957351011517,0.0375451460937031,0.04618901864084074,0.014185813536158158,0.016405868242621555,0.006523915561314806,0.02137874076041337,-0.0038790405509555805,0.027846901729316184,-0.004607761115388835,-0.002959842438705818,0.018149308640055827,0.029421486708653504,0.013907516496713799,0.015648992962136545,0.009616778488447476,0.02155789352405622,0.004983909369979281,0.058918087430094884,-0.0016201690038546177,0.021013948587592913,0.00992483609722953,-0.0021203498137075377,0.02387002646037964,0.03654273227577302,0.014283368949940832,0.031286187395203925,0.02452831663809294,0.028046393746167558,0.007258513213502096,0.031205711515386394,0.005579963037169502
2024-03-01,-0.004507833208426874,0.004334188149000226,0.00071873063174377,1.7072412063122432e-05,0.00961752168407625,-0.022331659132607866,0.03267216312744674,0.05011847537542333,0.0010916669525222514,0.010554635998308436,-0.009498796773975192,0.002760506348895067,0.03310386625621334,0.011448582271846773,0.023887039274192556,0.029075882492665794,0.011613759721093086,0.004652077872581104,0.021982158334092467,-0.014719421671152682,0.002355905814584522,-0.020461259665390495,-0.005833968898611947,0.03748731119705085,-0.006265380638181682,-0.007076448141909802,0.021394433725139148,0.0464306540147625,-0.015518356374026165,0.0004982322740585037,0.009261269033808714,0.008772820527933638,0.004819448094439101,0.023841742716941897,0.015902442659384616,0.029090472452041567,0.0257135540703903,0.043961244636395974,0.03975953969756034,0.030318864581212718,0.01166875747326285,0.020430401991858776,0.05433623084271973,-0.006146961972766256,0.009690356608693274,0.033885256129415176,0.017505179322463954,0.01818051418403249,0.01788188625478919,0.022131192751853136,0.01178468623234001,0.026064287358212822,-0.007858402820730631,-0.001553132329649868,0.017349279668174303,0.028842389105948427,0.0018591273913597308,0.01382272268265671,0.01350758095828791,0.017635802606012954,0.0009274938309051955,0.03836322021388658,-0.010386907875571982,0.02753578160679796,0.003844004831234537,-0.01112472246380368,0.021116730105211173,0.040169829660108895,0.014603916177546417,0.03164110305853574,0.03225116977483652,6.496715231954848e-05,0.016337611376614058,0.030979471251464094,0.010412573577412059
2024-06-01,-0.0034932007092881227,0.01548695107444868,-0.0037447875270182622,0.007851836852825944,-0.003778754944931959,-0.025017853913267038,0.03783627368985816,0.047426688805677956,-0.005273505422888407,0.004924060478271613,-0.007964265466639352,0.009042028109503341,0.03398494503021179,-0.00543407991963611,0.017559516987226013,0.020134517189028468,0.018784060976681494,0.00981662986589131,0.022542462140123686,-0.006770585860923868,-0.004144103324934515,-0.018073735224275803,-0.023458014284177438,0.024811346891169754,0.009272880917548772,-0.012285179547664114,0.015266091555459762,0.02914948724123684,-0.005870206164917509,0.0013848701169401744,0.010497076893869882,0.009007385075022616,-0.0003925368321590446,0.02127142532366303,0.010731594169958083,0.026728940806053723,0.021955047402791087,0.03712186082983192,0.0398748407610573,0.026834419734448157,-0.006922312719956899,0.007627342431672446,0.045291412085503815,-0.003185919816575485,-0.0006811512496859306,0.029528577611947982,0.010977147787801534,0.018941319343606277,0.013879042293611744,0.009483633064187084,-0.011836256288225261,0.001666390084281723,0.003137487116485087,-0.004684657299374545,0.011880610861592325,0.025373645623101942,0.009065893025889046,0.010443309264391576,0.016756796831397924,0.012077577890254243,0.0031336874425614484,0.035831648102216465,-0.006167018081589129,0.025795978115826238,0.006080313791704679,-0.023106184544021954,0.03366001294529916,0.03593859528382601,0.014001438811536471,0.037748670489383004,0.025134666639144737,-0.0010839704979892747,-0.00326352974276646,0.030714025560708177,0.015959436933994407
2024-09-01,-0.022041076176058817,0.016484603152932372,0.004943876709121688,0.015635200317598255,0.016669765331017484,-0.0044388482737110525,0.013426392033182093,0.030337881166456672,-0.005072706793533706,0.016847014105433843,-0.003799315489786136,0.02015476976171751,0.03426112696217869,-0.010123153471744273,0.02901223918508141,0.004353355917756346,0.017765879384092326,0.014244668118966249,0.01832058452376071,0.006106859115661651,-0.008909471078199876,-0.025968499978688518,-0.03191045487751948,0.031071314431653122,0.023636722196255577,0.012003441324486058,0.015101098199700413,0.0374434678467736,-0.026388882882102373,-0.0007822237937984964,0.014542821528176262,0.003813149740814802,-0.0011591742692634694,0.012603615308647308,-0.009182464336224444,0.029434799889145154,0.019545437528669322,0.030190977132176097,0.03659294640042534,0.03189418985800282,-0.00995295004533281,-0.008797886679210306,0.038530117160072874,-0.010619976639509286,0.0007469833536162034,0.02957442056311204,0.014165053876029262,0.022216119267469615,0.016801418294231676,0.0009497281500546083,-0.013329893544628633,0.013019963802678553,-0.026830993923887544,-0.0026632304559615298,0.004080470343268612,0.024021341884318786,0.014075410458159542,0.007690738123085604,0.01601111076745564,-0.020674022014887394,0.010484132516572658,0.03083740302367529,-0.02184618328192925,0.02804745095927957,-0.0034254283837451887,-0.03548777493343949,0.026688860323717045,0.0290791593522559,0.014635342175922885,0.03411837878297846,0.02538404292015534,0.0018752982415812358,-0.007161621174113737,0.027612015468791017,0.008072550972534896
2024-12-01,-0.018046168499262483,-0.004592114719543947,0.008714351192076461,-0.016203594034682606,0.0002638613588610023,-0.03752318828546117,0.011015560973595158,0.03265023670358927,-0.005083950186134002,0.006609692515855672,-0.013319551999711405,0.007773649633676251,0.04163424296758942,-0.010520661952286353,0.021955712402864657,-1.6243003842523142e-05,0.010920511202982243,0.004984925862410088,0.013291840002613915,-0.02638879604582347,0.004525869656458136,-0.03045476145924821,-0.020400950839634738,0.030881009455358672,0.0005879850354892426,-0.01210655527121242,0.016067819091848807,0.019102625892512194,-0.03075269872285864,-0.006554569767725244,0.0036972079007820064,-0.006451685415990096,-0.003939348877830202,0.016543082890527402,0.0045218784344773204,0.022377713439724126,0.008697890937769698,0.020090272629500888,0.03509026475950293,0.03706188008952674,-0.00957852737383891,-0.007995076802615537,0.03731736316623567,0.01014465534014327,0.001536009557407403,0.019048109924898676,-0.011869247295214784,0.014547929338735843,0.013031854284338153,-0.009182465046790753,-0.0038788383569059144,0.010566331543014087,-0.023567222732870322,-0.0011950174000721562,-0.017654125150005556,0.02610211123771684,0.01559350968732905,-0.024868252398867818,0.01403064621570552,-0.0025269470017215477,-0.0013445165630263762,0.0311554579823948,-0.013111619854334426,0.0228700506932324,-0.002848694798475471,-0.028845675937206595,0.026051897905858715,0.013563923460427585,0.012637062122288979,0.030457587712781245,0.02592796011983836,-0.0011408784417337575,-0.014535217250278289,0.0244127364193684,-0.0008535871139077481
2025-03-01,-0.020775660831884493,0.005433302931173327,0.008193992837259656,-0.03184127655134181,-0.013289122596649407,-0.03427281667107078,0.02029377107776632,0.01592180166496475,-0.007985308415889618,0.002979280960614499,-0.02154842735689535,-0.00738465028652371,0.03372416086238394,0.006183248097736548,0.009018074797355984,-0.00484037163891051,0.022599463872920077,0.008048758857635105,0.002290561370476224,-0.036255595844920496,-0.02681598082916841,-0.030212551713829815,-0.023475126471920436,0.03621771185964852,-0.0028570113731277423,-0.010111524350253682,0.01819009408961317,0.0016858892356076726,-0.035500342929386,-0.007084851467604018,0.007570214753169966,-0.00737381074930879,-0.009667936997128444,0.019602264851831013,-0.013159113580515809,0.02129280826936147,0.008658004217431734,0.008499152102163884,0.029410458372209305,0.03606714188065076,-0.012392314856072083,0.009782154792634586,0.04502845606663525,-0.016283702027326655,0.02074085001066856,0.033998228436387945,-0.0014851482542142663,0.021755564165999882,0.02001501629281769,2.5978410451114693e-05,0.015229476499654879,0.01602338609358818,-0.026108844788935253,-0.01901336408330807,-0.021429952156817537,0.031129942943585717,0.01569651649078736,0.006518971515634199,0.02533623413614646,0.010431267429176199,0.006068970617599027,0.03274498901013653,-0.020817274118019532,0.024358554113687057,0.0006420118573213616,-0.031505571347881206,0.02233256437345407,-0.010799939824805144,0.0032239051732858,0.03050677042232728,0.026416853762206878,-0.011527914740051336,-0.014250135829666576,0.025169142110601297,0.0015755224093933185
2025-06-01,-0.017024513181500868,-0.01053562490949125,-0.003354958257319617,-0.024042016017684936,-0.0111348613123003,-0.024596361260471905,0.020039582920735374,0.04913082193059107,-0.0031170903284326187,0.008783155734180896,-0.012086043234293822,0.005255690997956237,0.03591718721943194,-0.00412699072179887,0.011821125205936013,0.007967508148594147,0.02008263919281449,0.0032458347787856245,0.012574373989543372,-0.025172862495164552,-0.016986475098381363,-0.01951430549597504,-0.02276251389791887,0.035909915844920086,0.0031956161588234926,-0.014973808015979943,0.021593269117141906,0.015521181540751126,-0.023003032560593672,-0.01026205373167292,0.003695698566013184,-0.011062092674174002,-0.0029623131712359337,0.01577808297224721,0.012855690679135681,0.033264279623687304,0.024652233886397684,0.023144984564619817,0.03980340628535866,0.03729158841748681,-0.007838046269263366,-0.004351597394469442,0.03969462615049503,-0.0037896921532658474,0.011706106664151172,0.02993007778613183,-0.01298843448617966,0.0104507062081726,0.003298530315697768,-0.001684491451327776,-0.0022317209753018167,-0.003624411719305638,0.00045749795764708307,-0.017706376534802906,-0.0040656349911568305,0.025971289259173743,0.010861713441711622,-0.003213712229195241,0.012249641220915947,-0.013343376278796113,-0.00940860408554283,0.04079141393211705,-0.004363006314767433,0.025972590224302275,-0.0010007148590962548,-0.023335706705686708,0.02729595421579807,-0.0024567431764328466,0.008494046790767911,0.028102959392934654,0.020357026930637276,0.022783287323945675,0.003948008067490127,0.017506638342693177,0.005994227375581299
2025-09-01,-0.017728815573871338,-0.012218687671580077,-0.007084176729398223,-0.020122389919939525,-0.01780571459167766,-0.025609008095905574,0.015779976628754685,0.003475337648642538,0.0007548040719789206,0.010137829570814131,-0.019634729256379158,0.0046270954455704515,0.022849133441628262,0.004643256124276336,0.0069864687045287435,-0.0006104204623827811,0.022911916688475285,0.005273809112057964,0.002003995911237163,-0.022120914643859266,-0.01842973871400349,-0.02266286483265793,-0.022473742181178192,0.01028713649215954,-0.015443846643176593,-0.012644560611278713,0.02106387368157578,0.002404404639146308,-0.02885546290755732,-0.015368492149895682,0.009217817309416385,-0.015079961348973657,-0.004303484746108355,0.0096182672169924,0.006700681040127562,0.03417426624280084,0.017990083483110594,0.005720107732095372,0.02563187587605762,0.03410372459568682,7.916751350980596e-05,0.0136005091275984,0.04208174677288048,0.012688857448609715,0.010869408233680482,0.027472358398239523,0.006758132633614447,0.007680259709527946,0.020514323049086947,0.014136803884957099,-0.004345615429187269,0.0037851900011667606,-0.026725786972144547,-0.0150787457639624,-0.005104644234495024,0.026888415262640616,0.017723634762257075,-0.006737069749357207,0.009771264044336597,-0.008572345735017773,-0.005255996091116028,0.027266010736860493,-0.01940006546782873,0.01774706070010478,0.0035662130781817414,-0.02728274123046985,0.02813484800801969,0.0018436345523789568,0.006374712400385277,0.023236764109370936,0.02221502214003125,0.0028672839603300017,-0.001107678080316852,0.016171444328802836,0.0048951458423712535
