gvkey,predicted_return,trade_date
1678,0.0126170567152352,2001-03-01
8151,0.0134471886247526,2001-03-01
11506,0.0133777022727969,2001-03-01
14934,0.0126170567152352,2001-03-01
27786,0.0133777022727969,2001-03-01
1678,0.0205271821469068,2001-06-01
4430,0.0230972431600093,2001-06-01
8151,0.0264645852148532,2001-06-01
14934,0.0205271821469068,2001-06-01
16478,0.0205271821469068,2001-06-01
20548,0.0205271821469068,2001-06-01
1678,0.0288570933043956,2001-09-01
5439,0.0288570933043956,2001-09-01
9465,0.0272245816886425,2001-09-01
14934,0.0288570933043956,2001-09-01
15247,0.0250522643327713,2001-09-01
5439,0.0312522584284256,2001-12-01
8068,0.033070513543907,2001-12-01
8151,0.0379375995371039,2001-12-01
8549,0.033070513543907,2001-12-01
9465,0.0324656713970923,2001-12-01
1678,0.0280869829169716,2002-03-01
2991,0.0280869829169716,2002-03-01
4430,0.0280869829169716,2002-03-01
4503,0.0280869829169716,2002-03-01
5439,0.0280869829169716,2002-03-01
6310,0.0280869829169716,2002-03-01
8068,0.0280869829169716,2002-03-01
8151,0.0280869829169716,2002-03-01
8549,0.0280869829169716,2002-03-01
9465,0.0280869829169716,2002-03-01
10504,0.0280869829169716,2002-03-01
11506,0.0280869829169716,2002-03-01
14934,0.0280869829169716,2002-03-01
15247,0.0280869829169716,2002-03-01
16478,0.0280869829169716,2002-03-01
20548,0.0280869829169716,2002-03-01
27786,0.0280869829169716,2002-03-01
4430,0.0287359780029504,2002-06-01
8151,0.0368278737682467,2002-06-01
9465,0.0293973393091894,2002-06-01
14934,0.03127476288544,2002-06-01
20548,0.0294962302944319,2002-06-01
8068,0.0297413969223173,2002-09-01
8151,0.0422111928030659,2002-09-01
8549,0.0346309421995032,2002-09-01
11506,0.0436564760606351,2002-09-01
15247,0.0381692451727125,2002-09-01
8068,0.0227231497283831,2002-12-01
8151,0.0258318020833298,2002-12-01
9465,0.0206816975037768,2002-12-01
11506,0.0258318020833298,2002-12-01
15247,0.0258318020833298,2002-12-01
8068,0.0243635283800902,2003-03-01
8151,0.04133084351865,2003-03-01
8549,0.0336102494858928,2003-03-01
11506,0.043544018834439,2003-03-01
15247,0.0398017279377283,2003-03-01
2991,0.0345446054410504,2003-06-01
11506,0.0537599271450512,2003-06-01
14934,0.0290039635710554,2003-06-01
15247,0.0252805006272211,2003-06-01
16478,0.0272896768590577,2003-06-01
2991,0.0250320921965748,2003-09-01
8068,0.0284220426942041,2003-09-01
9465,0.032726369313972,2003-09-01
14934,0.0532895887352327,2003-09-01
15247,0.0737157279612211,2003-09-01
2991,0.0213107139898177,2003-12-01
8068,0.0450898738184817,2003-12-01
8549,0.0328418187824597,2003-12-01
14934,0.0391868352239566,2003-12-01
15247,0.0581764907924996,2003-12-01
4430,0.0324389372943001,2004-03-01
8068,0.0272837248816003,2004-03-01
8151,0.0402719049285748,2004-03-01
8549,0.0388267280851811,2004-03-01
15247,0.0708900781160044,2004-03-01
8068,0.0218405468436387,2004-06-01
8151,0.0353867711947533,2004-06-01
8549,0.0414617792218234,2004-06-01
11506,0.044119106946591,2004-06-01
15247,0.0470269826742777,2004-06-01
8068,0.0369473993980313,2004-09-01
8549,0.0405154543574726,2004-09-01
11506,0.0384749671575353,2004-09-01
14934,0.0254344887616433,2004-09-01
15247,0.0442855000203554,2004-09-01
8151,0.0554706179838858,2004-12-01
8549,0.0501971620231282,2004-12-01
11506,0.062528158492557,2004-12-01
14934,0.0492626608523123,2004-12-01
15247,0.0735058635412537,2004-12-01
8068,0.0320867118194013,2005-03-01
8151,0.0647888497317053,2005-03-01
11506,0.0404796437056556,2005-03-01
14934,0.0392864914553902,2005-03-01
15247,0.0313283680005614,2005-03-01
4430,0.0428315977956223,2005-06-01
8068,0.0237314058780648,2005-06-01
8151,0.047153154843531,2005-06-01
11506,0.0374090865383704,2005-06-01
15247,0.0315969788464245,2005-06-01
8068,0.0441968649737536,2005-09-01
8151,0.0534355036489972,2005-09-01
11506,0.03250780226725,2005-09-01
15247,0.0404250791780166,2005-09-01
20548,0.0346993480586673,2005-09-01
2991,0.033349493744677,2005-12-01
8151,0.0725706512683401,2005-12-01
8549,0.0398327531971266,2005-12-01
14934,0.0299919467668317,2005-12-01
15247,0.0322352688463237,2005-12-01
1678,0.0345417745411396,2006-03-01
2991,0.0345417745411396,2006-03-01
4430,0.0345417745411396,2006-03-01
5439,0.0359453223645687,2006-03-01
6310,0.0345417745411396,2006-03-01
8549,0.0346002541482448,2006-03-01
10504,0.0345417745411396,2006-03-01
11506,0.0345417745411396,2006-03-01
15247,0.0345417745411396,2006-03-01
16478,0.0345417745411396,2006-03-01
20548,0.0345417745411396,2006-03-01
27786,0.0345417745411396,2006-03-01
1678,0.0387137606739997,2006-06-01
2991,0.0387137606739997,2006-06-01
5439,0.0390407629311084,2006-06-01
8068,0.0387137606739997,2006-06-01
8549,0.0619458593428134,2006-06-01
10504,0.0577374435961246,2006-06-01
11506,0.0413697659969329,2006-06-01
27786,0.0387137606739997,2006-06-01
1678,0.043487075716257,2006-09-01
2991,0.043487075716257,2006-09-01
8068,0.043487075716257,2006-09-01
14934,0.043487075716257,2006-09-01
27786,0.0455382950603961,2006-09-01
1678,0.0558901165213383,2006-12-01
8068,0.0540937764573922,2006-12-01
8151,0.0527248684626711,2006-12-01
11506,0.0512495406456412,2006-12-01
14934,0.0543467639457688,2006-12-01
1678,0.0446510575711727,2007-03-01
2991,0.0442044809460639,2007-03-01
8549,0.0446510575711727,2007-03-01
15247,0.0446510575711727,2007-03-01
27786,0.0527362525463104,2007-03-01
1678,0.0776928555682059,2007-06-01
8068,0.0856661218022776,2007-06-01
8151,0.0625437366519645,2007-06-01
11506,0.0664380788936184,2007-06-01
15247,0.0682502136399291,2007-06-01
1678,0.0404932983219623,2007-09-01
2991,0.0404932983219623,2007-09-01
4430,0.0404932983219623,2007-09-01
4503,0.0404932983219623,2007-09-01
5439,0.0404932983219623,2007-09-01
6310,0.0493075773119926,2007-09-01
8068,0.0404932983219623,2007-09-01
9465,0.0404932983219623,2007-09-01
11506,0.0404932983219623,2007-09-01
14934,0.0404932983219623,2007-09-01
15247,0.0404932983219623,2007-09-01
16478,0.0404932983219623,2007-09-01
20548,0.0404932983219623,2007-09-01
1678,0.0402335748076438,2007-12-01
2991,0.0402335748076438,2007-12-01
4503,0.0402335748076438,2007-12-01
5439,0.0402335748076438,2007-12-01
8068,0.0402335748076438,2007-12-01
8549,0.0402335748076438,2007-12-01
9465,0.0402335748076438,2007-12-01
11506,0.0402335748076438,2007-12-01
14934,0.0402335748076438,2007-12-01
15247,0.0402335748076438,2007-12-01
16478,0.0444366969168186,2007-12-01
20548,0.0402335748076438,2007-12-01
1678,0.0409882627427578,2008-03-01
2991,0.0409882627427578,2008-03-01
4503,0.0409882627427578,2008-03-01
8068,0.0409882627427578,2008-03-01
8151,0.051398366689682,2008-03-01
14934,0.0413851886987686,2008-03-01
1678,0.0428460352122783,2008-06-01
2991,0.0428460352122783,2008-06-01
4503,0.0428460352122783,2008-06-01
8068,0.0428460352122783,2008-06-01
8151,0.0494169332087039,2008-06-01
15247,0.0470850430428981,2008-06-01
27786,0.0442854464054107,2008-06-01
5439,0.0439442507922649,2008-09-01
8549,0.0447313115000724,2008-09-01
15247,0.0473807491362094,2008-09-01
27786,0.044217824935913,2008-09-01
8151,0.0904971390671275,2008-12-01
8549,0.0803063927353034,2008-12-01
11506,0.0786275870082435,2008-12-01
15247,0.1013727489850158,2008-12-01
8151,0.050478495657444,2009-03-01
8549,0.0490119829773902,2009-03-01
11506,0.100096970796585,2009-03-01
27786,0.0510380901396274,2009-03-01
4430,0.1887339800596237,2009-06-01
8151,0.1030192747712135,2009-06-01
15247,0.1030192747712135,2009-06-01
20548,0.0528883785009384,2009-06-01
4430,0.047609906643629,2009-09-01
11506,0.0581787601113319,2009-09-01
16478,0.0499775633215904,2009-09-01
27786,0.0841574370861053,2009-09-01
8151,0.0683804084169403,2009-12-01
8549,0.0732181037286279,2009-12-01
11506,0.0871947886106371,2009-12-01
15247,0.0822832936129192,2009-12-01
2991,0.03480880669669,2010-03-01
11506,0.0418264855083503,2010-03-01
14934,0.0421618621778862,2010-03-01
15247,0.0850065289396429,2010-03-01
2991,0.0361023731529712,2010-06-01
4503,0.0361023731529712,2010-06-01
8549,0.0420732200145721,2010-06-01
11506,0.0403085760772228,2010-06-01
14934,0.0366632491350173,2010-06-01
11506,0.0722716032572013,2010-09-01
15247,0.0771501741239316,2010-09-01
20548,0.0609528208005465,2010-09-01
27786,0.0899919509654885,2010-09-01
1678,0.0449071300277101,2010-12-01
4503,0.0495662863103287,2010-12-01
16478,0.0489727888953559,2010-12-01
20548,0.0432476436511463,2010-12-01
4430,0.0757952528143803,2011-03-01
8151,0.0447416883686198,2011-03-01
15247,0.0538153640271463,2011-03-01
16478,0.0543782153448741,2011-03-01
27786,0.0460312610613003,2011-03-01
1678,0.0394189916551113,2011-06-01
2991,0.0394189916551113,2011-06-01
8068,0.0437835976481437,2011-06-01
8151,0.0394189916551113,2011-06-01
8549,0.0394189916551113,2011-06-01
11506,0.0394189916551113,2011-06-01
14934,0.0394189916551113,2011-06-01
15247,0.0394189916551113,2011-06-01
185532,0.0414778850972652,2011-06-01
1678,0.0332987569272518,2011-09-01
2991,0.0332987569272518,2011-09-01
6310,0.0349317155778408,2011-09-01
8151,0.0332987569272518,2011-09-01
8549,0.0332987569272518,2011-09-01
11506,0.0349317155778408,2011-09-01
16478,0.0332987569272518,2011-09-01
185532,0.0340614728629589,2011-09-01
1678,0.0479669323812542,2011-12-01
8549,0.0420821794068929,2011-12-01
14934,0.0482364700004639,2011-12-01
185532,0.070202241942942,2011-12-01
186989,0.0440805402710132,2011-12-01
4430,0.0452348619562203,2012-03-01
8549,0.038988229439082,2012-03-01
14934,0.0496011100027027,2012-03-01
15247,0.0495223342001189,2012-03-01
185532,0.053869609603554,2012-03-01
1678,0.0546492420807935,2012-06-01
4430,0.0594196303787422,2012-06-01
5439,0.0618961551122918,2012-06-01
8151,0.0546357011009726,2012-06-01
11506,0.0637242871539751,2012-06-01
1678,0.0520186040430572,2012-09-01
5439,0.0550873098647061,2012-09-01
14934,0.0668724875868842,2012-09-01
170841,0.0541916619145683,2012-09-01
185532,0.0568307537397877,2012-09-01
5439,0.0387907884386188,2012-12-01
8549,0.0476396309768851,2012-12-01
15247,0.039363152702519,2012-12-01
27786,0.0357120668184627,2012-12-01
185532,0.0357311341380539,2012-12-01
6310,0.0559719546241521,2013-03-01
15247,0.0442145982004691,2013-03-01
20548,0.0554067445805866,2013-03-01
27786,0.0489580539756226,2013-03-01
170750,0.0534682634254532,2013-03-01
185532,0.0510699787429887,2013-03-01
1678,0.0433206741900139,2013-06-01
6310,0.0405837285706821,2013-06-01
8549,0.0430561613783487,2013-06-01
15247,0.0541357712344977,2013-06-01
27786,0.0542705347481096,2013-06-01
185532,0.0382434774558074,2013-06-01
6310,0.0619562252745503,2013-09-01
8151,0.0614837962963186,2013-09-01
14934,0.0494765311897335,2013-09-01
15247,0.0531774850046125,2013-09-01
27786,0.0522539782793757,2013-09-01
185532,0.0458562083194046,2013-09-01
6310,0.0549846536318468,2013-12-01
14934,0.0484414683379283,2013-12-01
15247,0.0584403718382261,2013-12-01
27786,0.0380085103652762,2013-12-01
170841,0.0833901536190424,2013-12-01
186989,0.0636230828378476,2013-12-01
2991,0.0345235249001108,2014-03-01
6310,0.0515732633129548,2014-03-01
14934,0.0437201174692534,2014-03-01
15247,0.0681190953740545,2014-03-01
170750,0.0337821337309193,2014-03-01
186989,0.0452968676274751,2014-03-01
5439,0.0426631718873977,2014-06-01
6310,0.0468078963458538,2014-06-01
11506,0.0426631718873977,2014-06-01
15247,0.0468078963458538,2014-06-01
20548,0.0426631718873977,2014-06-01
185532,0.0462977215647697,2014-06-01
186989,0.0426631718873977,2014-06-01
4430,0.0423830114305019,2014-09-01
6310,0.0444450788199901,2014-09-01
10504,0.0387847833335399,2014-09-01
15247,0.0444450788199901,2014-09-01
20548,0.0387847833335399,2014-09-01
185532,0.0407182909548282,2014-09-01
186989,0.0444450788199901,2014-09-01
6310,0.061631566432464,2014-12-01
11506,0.0567303523849506,2014-12-01
15247,0.0523456416346454,2014-12-01
20548,0.0517520561281445,2014-12-01
27786,0.0493102534973023,2014-12-01
186989,0.0649558529907841,2014-12-01
5439,0.0578511947973331,2015-03-01
8151,0.0659818484570645,2015-03-01
11506,0.0649989921570476,2015-03-01
15247,0.0615009470729633,2015-03-01
20548,0.0554325172488206,2015-03-01
186989,0.078707619433178,2015-03-01
1678,0.038182813145011,2015-06-01
4430,0.0619606826672205,2015-06-01
4503,0.0450513379589194,2015-06-01
10504,0.0607004282557559,2015-06-01
170750,0.0393963625270988,2015-06-01
186989,0.0434312187737726,2015-06-01
4430,0.0759513608788026,2015-09-01
8068,0.065118056054529,2015-09-01
8151,0.0610133354705663,2015-09-01
10504,0.0584226114006299,2015-09-01
15247,0.0865964720383972,2015-09-01
185532,0.0596313254246408,2015-09-01
5439,0.0611521699091836,2015-12-01
8151,0.0766210409458905,2015-12-01
10504,0.0580506425659121,2015-12-01
15247,0.0890394567209061,2015-12-01
170750,0.0580034099389221,2015-12-01
186989,0.0867134675237182,2015-12-01
5439,0.0695011739804336,2016-03-01
6310,0.0598999537445057,2016-03-01
8151,0.0755468618151886,2016-03-01
11506,0.074075192364211,2016-03-01
20548,0.0614522070740703,2016-03-01
186989,0.0721809773079302,2016-03-01
6310,0.0478528726205106,2016-06-01
8151,0.0890844998967668,2016-06-01
10504,0.091388765944733,2016-06-01
11506,0.0929421419865998,2016-06-01
14934,0.0479990258103498,2016-06-01
15247,0.0400295431258829,2016-06-01
6310,0.0489038303494453,2016-09-01
15247,0.0416292399168014,2016-09-01
16478,0.0352080166339874,2016-09-01
20548,0.0384086892008781,2016-09-01
185532,0.0279989149421453,2016-09-01
186989,0.043409414589405,2016-09-01
4430,0.0326028130948543,2016-12-01
8068,0.0275985468178987,2016-12-01
15247,0.033497679978609,2016-12-01
170750,0.0326028130948543,2016-12-01
185532,0.0241613015532493,2016-12-01
186989,0.0409507118165493,2016-12-01
6310,0.0278598148641694,2017-03-01
10504,-0.0053611895076339,2017-03-01
14934,-0.0006355123051899,2017-03-01
15247,0.0053515717000101,2017-03-01
170841,-0.0053255777281873,2017-03-01
186989,0.0339747716655346,2017-03-01
1678,0.0123739543123983,2017-06-01
4430,0.0177726152007491,2017-06-01
6310,0.0331081596471482,2017-06-01
11506,0.0347870409262395,2017-06-01
14934,0.0170587459557916,2017-06-01
20548,0.0157552432949008,2017-06-01
1678,0.0253114475891769,2017-09-01
6310,0.0331775175382039,2017-09-01
8151,0.0149198394215854,2017-09-01
11506,0.037897804748583,2017-09-01
14934,0.0253848763203013,2017-09-01
20548,0.0198510068045244,2017-09-01
6310,0.0543076672545406,2017-12-01
8151,0.0161392413524466,2017-12-01
11506,0.0455367852891735,2017-12-01
14934,0.0301777921874096,2017-12-01
20548,0.0357136467031274,2017-12-01
186989,0.0203825739649762,2017-12-01
1678,0.0435263208952017,2018-03-01
5439,0.0363640577963329,2018-03-01
6310,0.0616301845039498,2018-03-01
11506,0.0579925188887427,2018-03-01
14934,0.0499483065112214,2018-03-01
32106,0.0455568015415761,2018-03-01
1678,0.0252045605433906,2018-06-01
6310,0.0379551968587974,2018-06-01
11506,0.053095990716943,2018-06-01
14934,0.0273221317920457,2018-06-01
20548,0.0351713290852262,2018-06-01
32106,0.0285153240382837,2018-06-01
1678,0.0180235463372315,2018-09-01
5439,0.0178284282311047,2018-09-01
6310,0.0217267236676845,2018-09-01
11506,0.0379715406641547,2018-09-01
14934,0.0095640549106283,2018-09-01
20548,0.0296230140190663,2018-09-01
5439,0.0179791136261283,2018-12-01
6310,0.0290444081321206,2018-12-01
11506,0.0348191296915144,2018-12-01
20548,0.0449294626479387,2018-12-01
32106,0.0183906681826941,2018-12-01
186989,0.0213511086183758,2018-12-01
1678,0.0310673723214154,2019-03-01
5439,0.026588616448956,2019-03-01
6310,0.050037778826239,2019-03-01
14934,0.0405481879079923,2019-03-01
32106,0.02968242380803,2019-03-01
186989,0.0313168615166033,2019-03-01
4430,0.0115635602188193,2019-06-01
5439,0.033976294858827,2019-06-01
6310,0.0371362930441491,2019-06-01
9465,0.0127621888773993,2019-06-01
11506,0.019849031889137,2019-06-01
20548,0.0354218126627794,2019-06-01
5439,0.0390307399127819,2019-09-01
6310,0.0470271441079249,2019-09-01
9465,0.0342090054581193,2019-09-01
14934,0.0476695331631098,2019-09-01
20548,0.0274522535796344,2019-09-01
186989,0.0403041309137368,2019-09-01
5439,0.031956271347408,2019-12-01
6310,0.0429278087458239,2019-12-01
11506,0.0193111301549981,2019-12-01
14934,0.0423311703584662,2019-12-01
20548,0.0386261966755437,2019-12-01
186989,0.0223582069199401,2019-12-01
5439,0.0244004589260616,2020-03-01
6310,0.0413177637867856,2020-03-01
11506,0.0361961035704737,2020-03-01
14934,0.0379733542327152,2020-03-01
20548,0.0347188371529071,2020-03-01
186989,0.020708564267791,2020-03-01
1678,0.1316458948816155,2020-06-01
5439,0.1275355518943132,2020-06-01
9465,0.1412965357755442,2020-06-01
11506,0.1075962124798869,2020-06-01
14934,0.1192189975301318,2020-06-01
32106,0.1242099336413,2020-06-01
1678,0.0101933069527149,2020-09-01
4430,0.0174810606986284,2020-09-01
5439,0.0101933069527149,2020-09-01
6310,0.0101933069527149,2020-09-01
10504,0.0206120759248733,2020-09-01
14934,0.0101933069527149,2020-09-01
20548,0.0101933069527149,2020-09-01
27786,0.0101933069527149,2020-09-01
32106,0.0174810606986284,2020-09-01
6310,0.0020360604394227,2020-12-01
8068,0.0020360604394227,2020-12-01
11506,0.0020360604394227,2020-12-01
14934,0.0020360604394227,2020-12-01
27786,0.0020360604394227,2020-12-01
32106,0.0020360604394227,2020-12-01
185532,0.0020360604394227,2020-12-01
1678,0.0147599667714728,2021-03-01
6310,0.0188677885799035,2021-03-01
8068,0.0169889867103783,2021-03-01
11506,0.0114796335797815,2021-03-01
20548,0.0201910505300977,2021-03-01
185532,0.0140868077976739,2021-03-01
4503,-0.0222259564818202,2021-06-01
6310,-0.0170683817288102,2021-06-01
11506,-0.0233935277423887,2021-06-01
20548,-0.0239065466518243,2021-06-01
27786,-0.0174646758774191,2021-06-01
32106,-0.0229007711894526,2021-06-01
8068,-0.0124821523204445,2021-09-01
9465,-0.0124821523204445,2021-09-01
11506,-0.0154818901792168,2021-09-01
14934,-0.0124821523204445,2021-09-01
32106,-0.0142468390986323,2021-09-01
185532,-0.0162761956453323,2021-09-01
186989,-0.0162761956453323,2021-09-01
2991,-0.0218905869663224,2021-12-01
5439,-0.0204254159227858,2021-12-01
11506,-0.01976193470861,2021-12-01
14934,-0.020614947855809,2021-12-01
185532,-0.0187257715075376,2021-12-01
186989,-0.0195876134184891,2021-12-01
6310,-0.0086681336082658,2022-03-01
8068,-0.0070762282054295,2022-03-01
9465,-0.0172341426506588,2022-03-01
15247,-0.0143581222657927,2022-03-01
170841,-0.0174429625063469,2022-03-01
186989,-0.012426862203169,2022-03-01
1678,-0.0155648407258296,2022-06-01
6310,0.0084590204329467,2022-06-01
10504,-0.0181114344339807,2022-06-01
15247,-0.0104796643823012,2022-06-01
170841,-0.0104796643823012,2022-06-01
186989,0.0029134622929362,2022-06-01
1678,0.0188404851694528,2022-09-01
6310,0.0426146936141216,2022-09-01
8549,-0.0047743781702603,2022-09-01
15247,-0.0088267768847546,2022-09-01
170841,0.0085820651313342,2022-09-01
186989,0.001825798899362,2022-09-01
6310,0.0755392619492458,2022-12-01
15247,0.0408866112330414,2022-12-01
20548,0.0092488179188534,2022-12-01
32106,0.0191459219392231,2022-12-01
170841,0.038191387359559,2022-12-01
186989,0.0514270148414769,2022-12-01
4503,-0.0080449397754088,2023-03-01
6310,0.0575741059678613,2023-03-01
15247,0.0392267572276594,2023-03-01
20548,0.0321960844964938,2023-03-01
170841,0.0520711061032542,2023-03-01
186989,0.0388997262951582,2023-03-01
4430,0.0410107659436158,2023-06-01
5439,0.0324078838448613,2023-06-01
20548,0.0439564746394527,2023-06-01
32106,0.0365794194419146,2023-06-01
170841,0.0248299508113003,2023-06-01
186989,0.0249060058431141,2023-06-01
5439,0.039476658027374,2023-09-01
6310,0.0248381429686315,2023-09-01
15247,0.0308675388357741,2023-09-01
20548,0.0264540641204061,2023-09-01
170841,0.0281070064352448,2023-09-01
186989,0.0281083512882154,2023-09-01
10504,0.0114214217677384,2023-12-01
14934,0.0109817833155935,2023-12-01
15247,0.0438333426861823,2023-12-01
20548,0.0118456014062498,2023-12-01
170841,0.0118829306382068,2023-12-01
186989,0.0148672935391971,2023-12-01
5439,0.02761228662618,2024-03-01
15247,0.0367870046059648,2024-03-01
20548,0.0341686864615416,2024-03-01
27786,0.0202992109851177,2024-03-01
170841,0.0282155345522054,2024-03-01
186989,0.0346524177731366,2024-03-01
4503,0.0060352432827843,2024-06-01
5439,0.0058608749927451,2024-06-01
15247,0.0268266841084954,2024-06-01
20548,0.0203825005732258,2024-06-01
32106,0.0147805368738455,2024-06-01
186989,0.0099842313927971,2024-06-01
1678,-0.0003518162190936,2024-09-01
5439,0.0369385897481686,2024-09-01
15247,0.0200259294225146,2024-09-01
32106,0.0094345918116401,2024-09-01
170841,0.0149970907217693,2024-09-01
186989,0.0235275029268732,2024-09-01
1678,0.0103994505479931,2024-12-01
4430,-0.0049473196268081,2024-12-01
5439,0.0097496882081031,2024-12-01
6310,-0.0049473196268081,2024-12-01
20548,-0.0049473196268081,2024-12-01
32106,0.0062345382757484,2024-12-01
1678,0.0426554423085366,2025-03-01
5439,-0.0085189637383478,2025-03-01
6310,-0.0109439717782712,2025-03-01
8549,-0.0068648168806186,2025-03-01
14934,0.0119922744409993,2025-03-01
20548,-0.0104915819945577,2025-03-01
1678,0.0098348185420036,2025-06-01
5439,0.0098348185420036,2025-06-01
6310,-0.0060856714844703,2025-06-01
14934,-0.0069840932264924,2025-06-01
15247,-0.0069840932264924,2025-06-01
20548,-0.0060856714844703,2025-06-01
170841,-0.0069840932264924,2025-06-01
186989,-0.0069840932264924,2025-06-01
1678,0.004431739449501,2025-09-01
5439,0.004431739449501,2025-09-01
15247,-0.007154184859246,2025-09-01
170841,-0.007154184859246,2025-09-01
185532,-0.0083783566951751,2025-09-01
186989,-0.0090538635849952,2025-09-01
1913,0.0196959637105464,2001-06-01
9667,0.0104843070730566,2001-06-01
11228,0.0122617715969681,2001-06-01
29733,0.0122617715969681,2001-06-01
128978,0.008684822358191,2001-06-01
1913,-0.0033244935330003,2001-09-01
4213,9.886053157970308e-05,2001-09-01
9667,-0.0044510941952466,2001-09-01
29392,-0.0046020499430596,2001-09-01
128978,0.0040674717165529,2001-09-01
1209,-0.0124667386363478,2001-12-01
1913,-0.0124667386363478,2001-12-01
1988,-0.0124667386363478,2001-12-01
4060,-0.0124667386363478,2001-12-01
4213,-0.0124667386363478,2001-12-01
6078,-0.0124667386363478,2001-12-01
6104,-0.0124667386363478,2001-12-01
7881,-0.0124667386363478,2001-12-01
8030,-0.0124667386363478,2001-12-01
8247,-0.0124667386363478,2001-12-01
9667,-0.0124667386363478,2001-12-01
11228,-0.0124667386363478,2001-12-01
14590,-0.0124667386363478,2001-12-01
25124,-0.0124667386363478,2001-12-01
29392,-0.0124667386363478,2001-12-01
29733,-0.0124667386363478,2001-12-01
29751,-0.0124667386363478,2001-12-01
64030,-0.0124667386363478,2001-12-01
100243,-0.0124667386363478,2001-12-01
128978,-0.0124667386363478,2001-12-01
9667,0.0131473010895021,2002-03-01
29392,0.0282065301908585,2002-03-01
29733,0.0113901890166769,2002-03-01
29751,0.0333481284582956,2002-03-01
64030,0.0169459901467128,2002-03-01
9667,0.0015400877551959,2002-06-01
29733,0.0045983867652739,2002-06-01
29751,-0.0015741213693505,2002-06-01
64030,-0.002405391310345,2002-06-01
100243,0.0006220513473416,2002-06-01
4060,0.0115639843832637,2002-09-01
11228,0.0018222875591671,2002-09-01
14590,0.0018222875591671,2002-09-01
29733,0.0093841482806981,2002-09-01
29751,0.0122094456115003,2002-09-01
64030,0.0093841482806981,2002-09-01
11228,0.006180966889706,2002-12-01
29733,0.0062986682864637,2002-12-01
29751,0.012357270747669,2002-12-01
64030,0.0050027848979776,2002-12-01
100243,0.0038104249170006,2002-12-01
8030,0.0135136960395033,2003-03-01
29392,0.0173657207108162,2003-03-01
29751,0.0149824487077818,2003-03-01
64030,0.0191986827646564,2003-03-01
100243,0.0120689430724869,2003-03-01
29392,0.022377769855729,2003-06-01
29733,0.0323800030804818,2003-06-01
29751,0.0278374803467642,2003-06-01
64030,0.0300144235878721,2003-06-01
100243,0.0209368145060687,2003-06-01
1988,0.0172554506950564,2003-09-01
9667,0.0177366166743085,2003-09-01
29392,0.0190174174940844,2003-09-01
29751,0.0216881162498949,2003-09-01
100243,0.0171124758731388,2003-09-01
1209,0.0072673172689974,2003-12-01
4213,0.0157723296433687,2003-12-01
9667,0.0141814174130558,2003-12-01
29733,0.0075160581618547,2003-12-01
29751,0.0072673172689974,2003-12-01
64030,0.0219396632164716,2003-12-01
1988,0.0094475066289305,2004-03-01
4213,0.0118984263390302,2004-03-01
6078,0.0112063074484467,2004-03-01
8247,0.0108346920460462,2004-03-01
29392,0.0074899485334753,2004-03-01
8030,0.0028417213022063,2004-06-01
9667,0.0039183068716641,2004-06-01
25124,0.0068527146045498,2004-06-01
29392,0.0087443629642402,2004-06-01
128978,0.0080627045390136,2004-06-01
1988,0.0150554768061492,2004-09-01
8030,0.017714328752351,2004-09-01
9667,0.0111664299330778,2004-09-01
29751,0.0098410460498015,2004-09-01
64030,0.0176299485446039,2004-09-01
4213,0.0109870415180921,2004-12-01
25124,0.0104062780737876,2004-12-01
64030,0.0096200723201036,2004-12-01
100243,0.0110028628259897,2004-12-01
128978,0.0098901148885488,2004-12-01
162129,0.0098901148885488,2004-12-01
1988,0.0125357730939951,2005-03-01
4060,0.0136476781020786,2005-03-01
8030,0.020143510510683,2005-03-01
9667,0.0141599474038153,2005-03-01
64030,0.0247983033927193,2005-03-01
100243,0.0206302512181686,2005-03-01
6104,0.0228868523971962,2005-06-01
8030,0.0257827625901054,2005-06-01
8247,0.0188020039822092,2005-06-01
64030,0.0231558273661599,2005-06-01
100243,0.0191474018669027,2005-06-01
128978,0.0209021906860865,2005-06-01
1988,0.0262244183074853,2005-09-01
8030,0.0218762530919604,2005-09-01
9667,0.0234129905826498,2005-09-01
29751,0.0243215225402784,2005-09-01
64030,0.0281251552235272,2005-09-01
100243,0.0236144500885379,2005-09-01
1988,0.0204909425228834,2005-12-01
8030,0.0311895702034235,2005-12-01
29733,0.0174361746758222,2005-12-01
29751,0.0207029748708009,2005-12-01
100243,0.020297760143876,2005-12-01
163946,0.021910686045885,2005-12-01
1913,0.0185827724635601,2006-03-01
4060,0.0185827724635601,2006-03-01
8030,0.0311389956623315,2006-03-01
29733,0.0198765378445386,2006-03-01
64030,0.0249958373606205,2006-03-01
162129,0.0186462104320526,2006-03-01
8030,0.0237269268185155,2006-06-01
8247,0.0205413858615357,2006-06-01
29392,0.0209851153860423,2006-06-01
64030,0.0237269268185155,2006-06-01
100243,0.0182820235740574,2006-06-01
163946,0.0248895478534628,2006-06-01
8030,0.0295264049652771,2006-09-01
9667,0.0244128201902487,2006-09-01
14590,0.022330957550382,2006-09-01
128978,0.0229701083524714,2006-09-01
162129,0.0249140203360145,2006-09-01
163946,0.0308481465691281,2006-09-01
4213,0.0285365510287784,2006-12-01
8030,0.0273581636018407,2006-12-01
9667,0.0342135924633291,2006-12-01
14590,0.0246425820347933,2006-12-01
162129,0.023775284198486,2006-12-01
163946,0.0286506544244791,2006-12-01
4060,0.0192970016365389,2007-03-01
8030,0.0219782898691139,2007-03-01
14590,0.0197647347606148,2007-03-01
29392,0.0192264997860259,2007-03-01
64030,0.0217144431534335,2007-03-01
100243,0.0217271861644491,2007-03-01
1988,0.0279548439165447,2007-06-01
6104,0.0225055232116911,2007-06-01
8030,0.025393598209953,2007-06-01
29392,0.0237237179428329,2007-06-01
100243,0.0207677704631519,2007-06-01
163946,0.0254422262352259,2007-06-01
1988,0.0249930433667217,2007-09-01
8030,0.02798068147049,2007-09-01
14590,0.0241506847045132,2007-09-01
29392,0.02761382009157,2007-09-01
64030,0.0251947366189623,2007-09-01
163946,0.0317784525125018,2007-09-01
6104,0.0269534468583213,2007-12-01
8030,0.0240303791473207,2007-12-01
9667,0.0246648729807695,2007-12-01
14590,0.0255158378334019,2007-12-01
64030,0.0237511479253215,2007-12-01
163946,0.0275147594049525,2007-12-01
1988,0.0343940466028596,2008-03-01
6104,0.0310074403338553,2008-03-01
8030,0.0317596552898921,2008-03-01
9667,0.031593349915142,2008-03-01
29392,0.0323236044974231,2008-03-01
163946,0.0309614111394373,2008-03-01
1988,0.029436957091093,2008-06-01
4213,0.0268042217940092,2008-06-01
6078,0.0268042217940092,2008-06-01
7881,0.0268042217940092,2008-06-01
8030,0.0268042217940092,2008-06-01
29751,0.0268042217940092,2008-06-01
128978,0.0268042217940092,2008-06-01
163946,0.0268042217940092,2008-06-01
1988,0.0433551094716431,2008-09-01
4060,0.0303397562982003,2008-09-01
6078,0.0296593603930523,2008-09-01
14590,0.0342095894538012,2008-09-01
128978,0.0289602184110805,2008-09-01
163946,0.0342095894538012,2008-09-01
1988,0.0579315911906951,2008-12-01
4060,0.043870668400191,2008-12-01
8030,0.050080096458266,2008-12-01
14590,0.0494286811168438,2008-12-01
162129,0.0504342699260697,2008-12-01
163946,0.0434756745416266,2008-12-01
1988,0.0389867462217807,2009-03-01
4060,0.0442228130996227,2009-03-01
8030,0.050444059073925,2009-03-01
14590,0.0466679967939853,2009-03-01
64030,0.0408699586987495,2009-03-01
163946,0.0389867462217807,2009-03-01
1913,0.0391371305868291,2009-06-01
6104,0.0391850657477066,2009-06-01
29392,0.0348372865616155,2009-06-01
64030,0.0385542782574559,2009-06-01
100243,0.0359965759384154,2009-06-01
162129,0.0371875634788676,2009-06-01
1988,0.0544696318444479,2009-09-01
6104,0.0525116680173243,2009-09-01
9667,0.049737479187925,2009-09-01
29392,0.0489582809511242,2009-09-01
64030,0.0486746485945688,2009-09-01
163946,0.0556861483392221,2009-09-01
1913,0.0364976324256726,2009-12-01
1988,0.0449171236095589,2009-12-01
6104,0.0493913924966558,2009-12-01
7881,0.0404714282281185,2009-12-01
100243,0.0384233634207648,2009-12-01
163946,0.0397421892069514,2009-12-01
1988,0.0412231389821299,2010-03-01
6104,0.0210310591329752,2010-03-01
8030,0.0179685879858546,2010-03-01
9667,0.0212573469133961,2010-03-01
11228,0.0216981185933917,2010-03-01
163946,0.0592273144535457,2010-03-01
8030,0.0154432300478219,2010-06-01
8247,0.0173571165651083,2010-06-01
9667,0.0176762416958808,2010-06-01
11228,0.0173732936382293,2010-06-01
29733,0.0154432300478219,2010-06-01
128978,0.0154432300478219,2010-06-01
163946,0.0154432300478219,2010-06-01
1988,0.0534655987311832,2010-09-01
6104,0.0239752145572182,2010-09-01
8030,0.0386250532771739,2010-09-01
14590,0.0229917664803812,2010-09-01
64030,0.0523519897064251,2010-09-01
294524,0.0532461188501027,2010-09-01
6104,0.0595192557993971,2010-12-01
8030,0.0413410703624301,2010-12-01
11228,0.0595192557993971,2010-12-01
64030,0.0459389944603123,2010-12-01
162129,0.0385722098654594,2010-12-01
294524,0.0530947678626581,2010-12-01
7881,0.0387899187459702,2011-03-01
8030,0.0414293743534369,2011-03-01
9667,0.050330933000974,2011-03-01
64030,0.0511824635297312,2011-03-01
162129,0.0670893299057063,2011-03-01
294524,0.0428588357349825,2011-03-01
7881,0.0370730409537766,2011-06-01
9667,0.0425533154483625,2011-06-01
14590,0.0420702373850866,2011-06-01
64030,0.0333334195476941,2011-06-01
128978,0.033698553918542,2011-06-01
162129,0.0512199315462497,2011-06-01
4213,0.0272549755079895,2011-09-01
11228,0.0484633599567598,2011-09-01
14590,0.0404974373814515,2011-09-01
29751,0.0275966343384581,2011-09-01
64030,0.0369409744551818,2011-09-01
162129,0.0294000344808366,2011-09-01
1209,0.0581473123330377,2011-12-01
7881,0.051338703510417,2011-12-01
11228,0.0489776814670242,2011-12-01
14590,0.0553148573180576,2011-12-01
64030,0.0930557463162847,2011-12-01
162129,0.0531768408555572,2011-12-01
7881,0.0539145504257615,2012-03-01
8247,0.0622659974855225,2012-03-01
14590,0.0630551417809858,2012-03-01
25124,0.0539333806179393,2012-03-01
29751,0.0716819964688227,2012-03-01
64030,0.0840526199208069,2012-03-01
1988,0.0614127989078773,2012-06-01
8030,0.0484322915297508,2012-06-01
11228,0.0552636361089173,2012-06-01
29392,0.0414972273023065,2012-06-01
64030,0.0844342485527758,2012-06-01
163946,0.0438605736137458,2012-06-01
1988,0.0685685970084401,2012-09-01
14590,0.0481906395106724,2012-09-01
29392,0.0463074049837835,2012-09-01
64030,0.1128197006330479,2012-09-01
128978,0.0443743111572656,2012-09-01
294524,0.0530699360135251,2012-09-01
1209,0.0492379665374755,2012-12-01
4213,0.0268393345177173,2012-12-01
6078,0.0268393345177173,2012-12-01
11228,0.0579096600413322,2012-12-01
14590,0.0268393345177173,2012-12-01
29392,0.0288910064846277,2012-12-01
29733,0.0453315787017345,2012-12-01
29751,0.0268393345177173,2012-12-01
64030,0.0513379871845245,2012-12-01
128978,0.0268393345177173,2012-12-01
1209,0.0668325871229171,2013-03-01
9667,0.0401859432458877,2013-03-01
25124,0.0401859432458877,2013-03-01
29751,0.0401859432458877,2013-03-01
64030,0.0614228509366512,2013-03-01
294524,0.040754459798336,2013-03-01
1988,0.0636355215128813,2013-06-01
6104,0.0237122872501912,2013-06-01
14590,0.0476426102678462,2013-06-01
64030,0.0878376363339136,2013-06-01
100243,0.0271174327212812,2013-06-01
128978,0.0352160310541794,2013-06-01
1988,0.0618094555940254,2013-09-01
6104,0.0407134051789262,2013-09-01
14590,0.0333996881444497,2013-09-01
64030,0.0711913504226893,2013-09-01
100243,0.0269137764020311,2013-09-01
163946,0.0329554901005579,2013-09-01
6078,0.0544186756014823,2013-12-01
7881,0.1121762096881866,2013-12-01
9667,0.0399585999548435,2013-12-01
29392,0.0565696991980075,2013-12-01
163946,0.0450182743370533,2013-12-01
294524,0.0576592534780502,2013-12-01
7881,0.0916257875618595,2014-03-01
9667,0.0719331198841705,2014-03-01
14590,0.0511403196241588,2014-03-01
29392,0.0708954163831682,2014-03-01
29751,0.0600006125375585,2014-03-01
294524,0.0637378605008924,2014-03-01
1988,0.0572710251311246,2014-06-01
7881,0.0456764302939108,2014-06-01
8030,0.043651022965666,2014-06-01
11228,0.0342315055804958,2014-06-01
14590,0.0332057272712275,2014-06-01
64030,0.0697394993198916,2014-06-01
1988,0.0324152149260044,2014-09-01
7881,0.0578066259622573,2014-09-01
9667,0.0393936708569526,2014-09-01
100243,0.0324152149260044,2014-09-01
128978,0.0324152149260044,2014-09-01
163946,0.0528078339993953,2014-09-01
294524,0.0528078339993953,2014-09-01
1913,0.041712451469353,2014-12-01
1988,0.0719161022386415,2014-12-01
6104,0.0510256866105272,2014-12-01
7881,0.04184702597195,2014-12-01
9667,0.0664570483394161,2014-12-01
128978,0.0504449857507057,2014-12-01
1913,0.031982384622097,2015-03-01
6104,0.031982384622097,2015-03-01
7881,0.0366472415626049,2015-03-01
8030,0.031982384622097,2015-03-01
9667,0.0500918887555599,2015-03-01
11228,0.031982384622097,2015-03-01
29751,0.031982384622097,2015-03-01
64030,0.031982384622097,2015-03-01
100243,0.031982384622097,2015-03-01
163946,0.0500918887555599,2015-03-01
294524,0.0500918887555599,2015-03-01
1988,0.0556408278431814,2015-06-01
6104,0.051997001678246,2015-06-01
9667,0.0532312206278879,2015-06-01
29392,0.0497143289931508,2015-06-01
64030,0.0589346579599041,2015-06-01
294524,0.0528992215933362,2015-06-01
1209,0.033360082656145,2015-09-01
1913,0.0318911336362361,2015-09-01
1988,0.0318911336362361,2015-09-01
4060,0.0318911336362361,2015-09-01
4213,0.0318911336362361,2015-09-01
6078,0.0318911336362361,2015-09-01
6104,0.0318911336362361,2015-09-01
8247,0.0318911336362361,2015-09-01
9667,0.033360082656145,2015-09-01
11228,0.0318911336362361,2015-09-01
14590,0.0471424050629138,2015-09-01
25124,0.0318911336362361,2015-09-01
29392,0.0318911336362361,2015-09-01
29751,0.0318911336362361,2015-09-01
100243,0.0318911336362361,2015-09-01
128978,0.0318911336362361,2015-09-01
163946,0.0433224998414516,2015-09-01
294524,0.0409176610410213,2015-09-01
4060,0.0379372611641883,2015-12-01
6078,0.0325979851186275,2015-12-01
8247,0.0325979851186275,2015-12-01
9667,0.0325979851186275,2015-12-01
25124,0.0325979851186275,2015-12-01
29392,0.0404052287340164,2015-12-01
128978,0.0404052287340164,2015-12-01
163946,0.0413855873048305,2015-12-01
294524,0.0404052287340164,2015-12-01
1988,0.0709875596320287,2016-03-01
6104,0.0670342260372165,2016-03-01
14590,0.0843704322622562,2016-03-01
64030,0.0645686979517928,2016-03-01
128978,0.0688453940364742,2016-03-01
294524,0.0598696461822674,2016-03-01
1988,0.0587754338801891,2016-06-01
6104,0.0603391857299426,2016-06-01
9667,0.0504919006580541,2016-06-01
14590,0.0974095903378234,2016-06-01
64030,0.0697130654923759,2016-06-01
128978,0.050140890506756,2016-06-01
1988,0.0551849667011314,2016-09-01
6104,0.0580857450132151,2016-09-01
9667,0.0530574084027275,2016-09-01
14590,0.1084324836568142,2016-09-01
64030,0.069743933167861,2016-09-01
294524,0.0633244278990201,2016-09-01
1988,0.0358790858111979,2016-12-01
6104,0.0522827046500283,2016-12-01
14590,0.1067522626152421,2016-12-01
64030,0.0803892612670679,2016-12-01
128978,0.0450683223859839,2016-12-01
294524,0.0411857087239868,2016-12-01
1913,0.0480304965861111,2017-03-01
1988,0.0581849424925108,2017-03-01
6104,0.0471317204706343,2017-03-01
14590,0.0986996375762319,2017-03-01
64030,0.0655952687809603,2017-03-01
294524,0.0489694251784045,2017-03-01
1209,0.0338280834257602,2017-06-01
1988,0.0291081052273511,2017-06-01
7881,0.0458542630076408,2017-06-01
11228,0.0367474965751171,2017-06-01
14590,0.0285607576370239,2017-06-01
29751,0.0367474965751171,2017-06-01
1209,0.0376999676227569,2017-09-01
6104,0.037567600607872,2017-09-01
7881,0.0801632106304168,2017-09-01
8247,0.0350505895912647,2017-09-01
14590,0.1274710297584533,2017-09-01
29392,0.0410720631480217,2017-09-01
1913,0.0508600689045028,2017-12-01
1988,0.0673177922017897,2017-12-01
9667,0.0508314636370618,2017-12-01
14590,0.0751534552093826,2017-12-01
64030,0.0572761781779627,2017-12-01
128978,0.0494761967351203,2017-12-01
6104,0.0512676000126971,2018-03-01
14590,0.0646286037822825,2018-03-01
64030,0.0731172948068953,2018-03-01
162129,0.0413184632838205,2018-03-01
163946,0.0475052828144645,2018-03-01
294524,0.0444358419385285,2018-03-01
1913,0.0306789522515154,2018-06-01
1988,0.0421889869652431,2018-06-01
14590,0.063287611479568,2018-06-01
64030,0.0422225133051088,2018-06-01
162129,0.0444821703991245,2018-06-01
294524,0.031586236060171,2018-06-01
4060,0.037789145237939,2018-09-01
7881,0.0679283120838733,2018-09-01
8030,0.0480076907775846,2018-09-01
29392,0.0813861559662908,2018-09-01
29751,0.0800678066663031,2018-09-01
64030,0.0434856911368045,2018-09-01
6104,0.0240877289324998,2018-12-01
29392,0.0240877289324998,2018-12-01
29733,0.0223939977586269,2018-12-01
29751,0.0240877289324998,2018-12-01
64030,0.0240877289324998,2018-12-01
162129,0.0259967949241399,2018-12-01
1988,0.0268684141337871,2019-03-01
6104,0.0307416971772909,2019-03-01
7881,0.0251325890421867,2019-03-01
8030,0.0251325890421867,2019-03-01
14590,0.0577461794018745,2019-03-01
64030,0.029643278568983,2019-03-01
163946,0.0253494903445243,2019-03-01
1988,0.0312328655272722,2019-06-01
6104,0.0195429511368274,2019-06-01
7881,0.0208359975367784,2019-06-01
8030,0.0208359975367784,2019-06-01
14590,0.035103466361761,2019-06-01
29392,0.0195429511368274,2019-06-01
29751,0.0195429511368274,2019-06-01
34443,0.0195429511368274,2019-06-01
163946,0.0234615299850702,2019-06-01
1913,0.030026594568289,2019-09-01
1988,0.0354826353059748,2019-09-01
14590,0.0369236581057316,2019-09-01
64030,0.0643794638347523,2019-09-01
100243,0.0464334697111646,2019-09-01
128978,0.0467930962810526,2019-09-01
294524,0.0398996080248207,2019-09-01
1913,0.0350162330027785,2019-12-01
1988,0.0473116275107309,2019-12-01
14590,0.046366641737691,2019-12-01
64030,0.056293719458679,2019-12-01
100243,0.0546696490470877,2019-12-01
128978,0.0491748903885903,2019-12-01
294524,0.0359462866853587,2019-12-01
1988,0.0396960941311475,2020-03-01
6104,0.0327467020881341,2020-03-01
14590,0.0532053687459308,2020-03-01
64030,0.0468460238252806,2020-03-01
100243,0.0492417197305754,2020-03-01
162129,0.0410761222200109,2020-03-01
294524,0.0337576843565473,2020-03-01
1988,0.0467983217949177,2020-06-01
6104,0.0617660884732116,2020-06-01
8030,0.070744639484974,2020-06-01
34443,0.059230217447238,2020-06-01
64030,0.0902677124741969,2020-06-01
128978,0.0504493507063907,2020-06-01
162129,0.0593637133995449,2020-06-01
1988,0.0453149662223956,2020-09-01
6078,0.0305471569385156,2020-09-01
6104,0.0421519713314971,2020-09-01
29392,0.0352836190816469,2020-09-01
34443,0.030552824531857,2020-09-01
64030,0.0320703036203249,2020-09-01
128978,0.0336512046226754,2020-09-01
1913,0.0296004953810881,2020-12-01
1988,0.0323816231519917,2020-12-01
29392,0.031070199757432,2020-12-01
64030,0.0675112651175771,2020-12-01
100243,0.032419761029907,2020-12-01
128978,0.0393858604572287,2020-12-01
294524,0.0404236426791799,2020-12-01
6104,0.0446809131351517,2021-03-01
8030,0.0630948622168108,2021-03-01
29392,0.0739622598168606,2021-03-01
64030,0.0700962070676128,2021-03-01
162129,0.1234845875889291,2021-03-01
163946,0.0473123288581088,2021-03-01
294524,0.0466028734592176,2021-03-01
1913,0.0095760412514209,2021-06-01
1988,0.0124960076063871,2021-06-01
6104,0.0095760412514209,2021-06-01
8247,0.0095760412514209,2021-06-01
9667,0.0118749989196658,2021-06-01
14590,0.0096598528325557,2021-06-01
29392,0.0095760412514209,2021-06-01
34443,0.0095760412514209,2021-06-01
35168,0.0098444828763604,2021-06-01
128978,0.0095760412514209,2021-06-01
1913,0.0182336680591106,2021-09-01
1988,0.0182336680591106,2021-09-01
4213,0.0182336680591106,2021-09-01
6078,0.0182336680591106,2021-09-01
6104,0.0182336680591106,2021-09-01
8247,0.0182336680591106,2021-09-01
25124,0.0359682738780975,2021-09-01
34443,0.0182336680591106,2021-09-01
64030,0.0182336680591106,2021-09-01
128978,0.0182336680591106,2021-09-01
162129,0.0230646710842847,2021-09-01
294524,0.0182336680591106,2021-09-01
1913,0.0178643148392438,2021-12-01
1988,0.0178643148392438,2021-12-01
4060,0.0258380826562643,2021-12-01
4213,0.0178643148392438,2021-12-01
6078,0.0178643148392438,2021-12-01
8247,0.0178643148392438,2021-12-01
9667,0.0286914203315973,2021-12-01
11228,0.0178643148392438,2021-12-01
14590,0.0258373096585273,2021-12-01
29733,0.0286914203315973,2021-12-01
162129,0.0258373096585273,2021-12-01
1913,0.0187665037810802,2022-03-01
1988,0.0187665037810802,2022-03-01
4060,0.0208683256059885,2022-03-01
6078,0.0208683256059885,2022-03-01
8247,0.0187665037810802,2022-03-01
11228,0.0208683256059885,2022-03-01
34443,0.0187665037810802,2022-03-01
35168,0.0208683256059885,2022-03-01
64030,0.0283444374799728,2022-03-01
100243,0.0187665037810802,2022-03-01
1913,0.0203946884721517,2022-06-01
4060,0.0203946884721517,2022-06-01
4213,0.0203946884721517,2022-06-01
6078,0.0203946884721517,2022-06-01
6104,0.0203946884721517,2022-06-01
8030,0.0203946884721517,2022-06-01
8247,0.0203946884721517,2022-06-01
11228,0.0203946884721517,2022-06-01
25124,0.0280466526746749,2022-06-01
29392,0.0203946884721517,2022-06-01
29733,0.0280466526746749,2022-06-01
34443,0.0203946884721517,2022-06-01
64030,0.0203946884721517,2022-06-01
128978,0.0203946884721517,2022-06-01
162129,0.0203946884721517,2022-06-01
163946,0.0203946884721517,2022-06-01
294524,0.0203946884721517,2022-06-01
7881,0.0175418124033305,2022-09-01
11228,0.0314403503812352,2022-09-01
29392,0.0310487025443956,2022-09-01
29733,0.0319157198059857,2022-09-01
64030,0.0160274166620154,2022-09-01
100243,0.0277690054936934,2022-09-01
162129,0.0188834463261874,2022-09-01
1913,0.0223041586577892,2022-12-01
1988,0.0223041586577892,2022-12-01
4060,0.0223041586577892,2022-12-01
4213,0.0223041586577892,2022-12-01
6104,0.0360957533121109,2022-12-01
8030,0.0309730451554059,2022-12-01
8247,0.0223041586577892,2022-12-01
9667,0.0223041586577892,2022-12-01
11228,0.0223041586577892,2022-12-01
29392,0.0223041586577892,2022-12-01
35168,0.0223041586577892,2022-12-01
64030,0.0249431151896715,2022-12-01
128978,0.0223041586577892,2022-12-01
162129,0.0336954034864902,2022-12-01
4213,0.0187837816774845,2023-03-01
6104,0.0259541142731905,2023-03-01
8247,0.0187837816774845,2023-03-01
11228,0.0187837816774845,2023-03-01
29392,0.0187837816774845,2023-03-01
34443,0.0187837816774845,2023-03-01
100243,0.0198286678642034,2023-03-01
128978,0.0187837816774845,2023-03-01
294524,0.0198439955711364,2023-03-01
6104,0.0310142764002566,2023-06-01
29392,0.0266551495850286,2023-06-01
34443,0.0287232640497586,2023-06-01
64030,0.0293404637176478,2023-06-01
100243,0.0263818676669737,2023-06-01
128978,0.0278253444975648,2023-06-01
163946,0.0265330985041597,2023-06-01
1913,0.014956896341541,2023-09-01
6104,0.0146848162337019,2023-09-01
29392,0.0236522490361787,2023-09-01
35168,0.0236110797543615,2023-09-01
100243,0.0133920031662581,2023-09-01
128978,0.0157749224351822,2023-09-01
163946,0.0190073042704033,2023-09-01
6104,0.0149506653913381,2023-12-01
8247,0.0116643047442813,2023-12-01
29751,0.0109874938080365,2023-12-01
100243,0.0147059684550296,2023-12-01
128978,0.0139031909430094,2023-12-01
162129,0.0091420436009851,2023-12-01
163946,0.0105958189368645,2023-12-01
1988,0.0092868665233254,2024-03-01
4060,0.0092868665233254,2024-03-01
6104,0.014837990514934,2024-03-01
34443,0.0116278668865561,2024-03-01
35168,0.0092868665233254,2024-03-01
100243,0.0098396949470043,2024-03-01
162129,0.0139315137639641,2024-03-01
1988,0.0112628312781453,2024-06-01
6078,0.0194363463670015,2024-06-01
6104,0.0112628312781453,2024-06-01
8030,0.0086743822321295,2024-06-01
8247,0.0086743822321295,2024-06-01
29392,0.0086743822321295,2024-06-01
34443,0.0112628312781453,2024-06-01
100243,0.0086743822321295,2024-06-01
128978,0.0086743822321295,2024-06-01
163946,0.0086743822321295,2024-06-01
294524,0.0086743822321295,2024-06-01
1209,0.0095522860065102,2024-09-01
4060,0.009456486441195,2024-09-01
6104,0.0128827886655926,2024-09-01
25124,0.0095522860065102,2024-09-01
34443,0.0096964454278349,2024-09-01
100243,0.0126088140532374,2024-09-01
283184,0.0096994210034608,2024-09-01
1209,0.0125273298472166,2024-12-01
4060,0.0079204766079783,2024-12-01
11228,0.0079204766079783,2024-12-01
25124,0.0079204766079783,2024-12-01
29751,0.0106021044775843,2024-12-01
34443,0.0079204766079783,2024-12-01
128978,0.0079204766079783,2024-12-01
294524,0.0109417662024497,2024-12-01
1209,0.0084837591275572,2025-03-01
4060,0.0084837591275572,2025-03-01
11228,0.0084837591275572,2025-03-01
25124,0.0084837591275572,2025-03-01
29392,0.0084837591275572,2025-03-01
29733,0.0084837591275572,2025-03-01
29751,0.0084837591275572,2025-03-01
35168,0.0084837591275572,2025-03-01
128978,0.0084837591275572,2025-03-01
162129,0.0103018498048186,2025-03-01
294524,0.0140774957835674,2025-03-01
8030,0.0091438582167029,2025-06-01
8247,0.0091438582167029,2025-06-01
25124,0.0091438582167029,2025-06-01
29751,0.0098001565784215,2025-06-01
64030,0.0091438582167029,2025-06-01
100243,0.00923409499228,2025-06-01
128978,0.0091438582167029,2025-06-01
163946,0.0091438582167029,2025-06-01
294524,0.0113648613914847,2025-06-01
1913,0.0069684192324168,2025-09-01
4060,0.0161672439829568,2025-09-01
4213,0.0053898967919351,2025-09-01
8030,0.0090935954413422,2025-09-01
9667,0.0082711716268727,2025-09-01
29751,0.0200822875299092,2025-09-01
294524,0.0063127394463349,2025-09-01
2574,0.0273193822874379,2001-03-01
3650,0.0319269780608328,2001-03-01
4058,0.0291224364356369,2001-03-01
5047,0.0400157736831567,2001-03-01
5492,0.0306103296039504,2001-03-01
5764,0.0273986771428385,2001-03-01
5783,0.0281252019511785,2001-03-01
6268,0.026952158479171,2001-03-01
7921,0.0366365157305594,2001-03-01
7985,0.0266530240290236,2001-03-01
8402,0.0278586441264177,2001-03-01
15267,0.0310018701125439,2001-03-01
29901,0.0392475153236153,2001-03-01
66065,0.0272046805590764,2001-03-01
122380,0.0306063473503599,2001-03-01
3650,0.0289432990948402,2001-06-01
4058,0.0304788924336708,2001-06-01
5256,0.0292189423276756,2001-06-01
5492,0.02927382463563,2001-06-01
6223,0.0332647505458177,2001-06-01
7085,0.0294886427085116,2001-06-01
8463,0.0319126044732251,2001-06-01
9771,0.0319126044732251,2001-06-01
10920,0.040691242841259,2001-06-01
14477,0.02927382463563,2001-06-01
15267,0.0332915727355734,2001-06-01
29901,0.0287440962810497,2001-06-01
60979,0.0319126044732251,2001-06-01
65609,0.033491590867856,2001-06-01
122380,0.0315995550105448,2001-06-01
1598,0.0222804456396769,2001-09-01
3851,0.022057705134979,2001-09-01
4199,0.0252101571060614,2001-09-01
4598,0.0220144330750179,2001-09-01
5047,0.0220730126787135,2001-09-01
5256,0.0220144330750179,2001-09-01
5492,0.0391083483497296,2001-09-01
5783,0.0240936586565349,2001-09-01
6216,0.0281347049996222,2001-09-01
7921,0.0222804456396769,2001-09-01
7923,0.0296721290808479,2001-09-01
9882,0.0261169274611488,2001-09-01
10795,0.0245769691397912,2001-09-01
30098,0.0391083483497296,2001-09-01
60979,0.0296721290808479,2001-09-01
65609,0.0366523267256435,2001-09-01
66065,0.0301214661323843,2001-09-01
1598,0.0284428713272207,2001-12-01
1891,0.0358726367839946,2001-12-01
2285,0.0294680715644563,2001-12-01
3062,0.0270757946157692,2001-12-01
4494,0.0495238337479503,2001-12-01
5047,0.0449769071993342,2001-12-01
5492,0.0297632198154426,2001-12-01
5783,0.028794860931141,2001-12-01
6216,0.0268074074404866,2001-12-01
6223,0.0368929846245623,2001-12-01
7085,0.0471042054325651,2001-12-01
8358,0.0273448237707971,2001-12-01
8402,0.027038748077792,2001-12-01
9882,0.0424290243149969,2001-12-01
10983,0.0300265191847503,2001-12-01
14477,0.0382438622464884,2001-12-01
3062,0.0440358848867386,2002-03-01
4494,0.0390630681581814,2002-03-01
5492,0.0442964952200974,2002-03-01
5783,0.0307747195057459,2002-03-01
6223,0.0286030720381469,2002-03-01
9203,0.0308754214474453,2002-03-01
9882,0.0292317893677456,2002-03-01
10795,0.0300583292901721,2002-03-01
14225,0.0449559868437457,2002-03-01
29901,0.0569915246610369,2002-03-01
30098,0.0303464705594293,2002-03-01
60979,0.0287168668208168,2002-03-01
65609,0.0427697847101614,2002-03-01
66446,0.0338244592071301,2002-03-01
122380,0.0341537120108186,2002-03-01
143912,0.0533312906433346,2002-03-01
4423,0.0362854067111552,2002-06-01
4494,0.0488363741362968,2002-06-01
5492,0.029433035842898,2002-06-01
5783,0.0487857296326171,2002-06-01
6223,0.0303172733926657,2002-06-01
9771,0.049859313195903,2002-06-01
9882,0.0436613398931631,2002-06-01
14225,0.0572221177144658,2002-06-01
24617,0.0575266853340692,2002-06-01
29901,0.0761942096005043,2002-06-01
30098,0.0432909318659245,2002-06-01
60979,0.0339534139323913,2002-06-01
65609,0.0462998014925874,2002-06-01
66446,0.051472364482197,2002-06-01
122380,0.0299281985911132,2002-06-01
143912,0.0731716514595396,2002-06-01
3062,0.0450704986301491,2002-09-01
4494,0.052756257782606,2002-09-01
5783,0.0508300062357606,2002-09-01
6223,0.0410354317151605,2002-09-01
9771,0.0524793758649101,2002-09-01
9882,0.0458219146648791,2002-09-01
10795,0.0393410470681822,2002-09-01
14225,0.0710236256922587,2002-09-01
24617,0.038488887175035,2002-09-01
29901,0.0709722055259521,2002-09-01
30098,0.0411123463692509,2002-09-01
60979,0.0361522374617789,2002-09-01
65609,0.0538925684254645,2002-09-01
66446,0.0565204841697397,2002-09-01
122380,0.036913916397582,2002-09-01
143912,0.0823707301466281,2002-09-01
1300,0.0173298418521881,2002-12-01
2574,0.0173298418521881,2002-12-01
4199,0.0173298418521881,2002-12-01
4321,0.0190611407160758,2002-12-01
5764,0.0182691235095262,2002-12-01
5783,0.0173298418521881,2002-12-01
5959,0.0264913272112607,2002-12-01
6223,0.0173298418521881,2002-12-01
9225,0.0173298418521881,2002-12-01
9771,0.040444616228342,2002-12-01
9882,0.0218977164477109,2002-12-01
10016,0.0182691235095262,2002-12-01
10519,0.0264913272112607,2002-12-01
10795,0.0186516661196947,2002-12-01
10983,0.0182691235095262,2002-12-01
29901,0.0363002829253673,2002-12-01
30098,0.0335624180734157,2002-12-01
65609,0.0250866264104843,2002-12-01
143912,0.0363002829253673,2002-12-01
2285,0.0245831590145826,2003-03-01
3835,0.0285785403102636,2003-03-01
4423,0.0242918562144041,2003-03-01
4494,0.0338715687394142,2003-03-01
5783,0.030380917713046,2003-03-01
7921,0.0279669389128685,2003-03-01
7985,0.0263459924608469,2003-03-01
9203,0.0285785403102636,2003-03-01
9778,0.0245831590145826,2003-03-01
10983,0.0263459924608469,2003-03-01
15267,0.0241564437747001,2003-03-01
24617,0.0241564437747001,2003-03-01
29901,0.0308372341096401,2003-03-01
30098,0.0241564437747001,2003-03-01
60979,0.0279669389128685,2003-03-01
66446,0.0511739067733287,2003-03-01
122380,0.0311920773237943,2003-03-01
143912,0.0442406497895717,2003-03-01
1891,0.0307823978364467,2003-06-01
2574,0.0371137596666812,2003-06-01
2817,0.0314493551850318,2003-06-01
5047,0.0318792164325714,2003-06-01
6223,0.0318223349750041,2003-06-01
7921,0.0305578783154487,2003-06-01
9225,0.0314493551850318,2003-06-01
9882,0.0505506694316864,2003-06-01
10016,0.0314493551850318,2003-06-01
10795,0.04608765989542,2003-06-01
10867,0.0305024683475494,2003-06-01
10983,0.0307823978364467,2003-06-01
14477,0.0314493551850318,2003-06-01
66446,0.1870950609445572,2003-06-01
122380,0.0318223349750041,2003-06-01
143912,0.0505506694316864,2003-06-01
2574,0.0601435940867383,2003-09-01
3062,0.0304804713842163,2003-09-01
3650,0.0323518565077961,2003-09-01
4199,0.0308900085507319,2003-09-01
5783,0.0473613856079941,2003-09-01
6216,0.037345317149577,2003-09-01
7923,0.0482159222750042,2003-09-01
9882,0.0708548701396073,2003-09-01
10795,0.0608430034390869,2003-09-01
14477,0.0339307114380203,2003-09-01
24617,0.0363458418789191,2003-09-01
29901,0.0570430083674137,2003-09-01
30098,0.0520800042020529,2003-09-01
66065,0.0419405488582146,2003-09-01
66446,0.0605914466371328,2003-09-01
143912,0.0399559910039144,2003-09-01
3062,0.0259584754955283,2003-12-01
5783,0.0233603867277196,2003-12-01
6216,0.0423849079038923,2003-12-01
6223,0.0227315693719449,2003-12-01
9225,0.0299208829978864,2003-12-01
9771,0.0535296664354885,2003-12-01
9778,0.02161200683594,2003-12-01
14225,0.033051357111987,2003-12-01
24617,0.0569769030367769,2003-12-01
29901,0.0482570739618978,2003-12-01
30098,0.0412610720142115,2003-12-01
60979,0.0437805276508955,2003-12-01
65609,0.0249877059965649,2003-12-01
66446,0.0377962610486097,2003-12-01
122380,0.0371559093804154,2003-12-01
143912,0.0342231136790042,2003-12-01
2574,0.0234846317923946,2004-03-01
3062,0.0272362563052248,2004-03-01
5783,0.0307099091327798,2004-03-01
6216,0.0413623083499743,2004-03-01
6223,0.0256198041899923,2004-03-01
6268,0.0270424424662537,2004-03-01
9771,0.0504629939466927,2004-03-01
9778,0.0230421000576928,2004-03-01
14225,0.0230954035510057,2004-03-01
24617,0.0346916046410195,2004-03-01
29901,0.0416657245462173,2004-03-01
30098,0.0347249531441362,2004-03-01
60979,0.0312580017479719,2004-03-01
66446,0.0504252357135986,2004-03-01
122380,0.042496548068601,2004-03-01
143912,0.0436583172367054,2004-03-01
1598,0.0338550701878432,2004-06-01
2574,0.0215960101071386,2004-06-01
5783,0.0325649479116576,2004-06-01
6216,0.0335408022036225,2004-06-01
6223,0.0413489236957819,2004-06-01
6268,0.0201676199829687,2004-06-01
9225,0.0422389761050417,2004-06-01
9771,0.0504356063226457,2004-06-01
14225,0.0278270806998319,2004-06-01
24617,0.0509158538209191,2004-06-01
29901,0.0382775376943224,2004-06-01
30098,0.0389042460396279,2004-06-01
60979,0.0560442718160371,2004-06-01
65609,0.0202710316417652,2004-06-01
66446,0.0397412559108711,2004-06-01
143912,0.020529016963578,2004-06-01
2574,0.0270709260608615,2004-09-01
3062,0.0300746315903387,2004-09-01
3650,0.0221592228180847,2004-09-01
3851,0.021639313737629,2004-09-01
6216,0.0374563572137504,2004-09-01
6223,0.0197764855634206,2004-09-01
6268,0.0312894376216409,2004-09-01
9771,0.0701883547521519,2004-09-01
14225,0.0385583655569376,2004-09-01
24617,0.0333138051894625,2004-09-01
29901,0.0415007516154911,2004-09-01
30098,0.0241157786285519,2004-09-01
60979,0.0444554207014576,2004-09-01
65609,0.0250950257353169,2004-09-01
66446,0.0922658383932731,2004-09-01
143912,0.0302961453977601,2004-09-01
1891,0.023409806379232,2004-12-01
2574,0.0629469547428856,2004-12-01
2817,0.0262419748731835,2004-12-01
3062,0.042167567315537,2004-12-01
4494,0.0245747614481571,2004-12-01
5783,0.0267883435947917,2004-12-01
6216,0.0325586020314214,2004-12-01
6223,0.0761198826504941,2004-12-01
10519,0.0247463815666765,2004-12-01
24617,0.0306024571560558,2004-12-01
29901,0.0246605822501203,2004-12-01
30098,0.0236104763457587,2004-12-01
65609,0.0250065053766691,2004-12-01
66065,0.0239993280913931,2004-12-01
66446,0.0761198826504941,2004-12-01
122380,0.0484656973838964,2004-12-01
1598,0.0361018811011566,2005-03-01
3062,0.0414426228274612,2005-03-01
3650,0.0369255798728426,2005-03-01
5492,0.0281677687256583,2005-03-01
5783,0.0279097850066453,2005-03-01
6216,0.0407475030203868,2005-03-01
9225,0.0284339849837394,2005-03-01
9771,0.032353792504107,2005-03-01
10519,0.029892549941422,2005-03-01
24617,0.0488025387506727,2005-03-01
29901,0.0959668867928003,2005-03-01
30098,0.0381536785272862,2005-03-01
60979,0.0287844931000185,2005-03-01
66065,0.0288201833620065,2005-03-01
66446,0.075787577755295,2005-03-01
143912,0.0314959654596833,2005-03-01
1598,0.0256417617201805,2005-06-01
1891,0.0270112473517656,2005-06-01
2574,0.0256417617201805,2005-06-01
2817,0.0273523237556219,2005-06-01
3062,0.0322360731661319,2005-06-01
3650,0.0256417617201805,2005-06-01
4494,0.0256417617201805,2005-06-01
5783,0.0256417617201805,2005-06-01
6216,0.0256417617201805,2005-06-01
6223,0.0256417617201805,2005-06-01
6268,0.0256417617201805,2005-06-01
7921,0.0256417617201805,2005-06-01
8253,0.0256417617201805,2005-06-01
9225,0.0256417617201805,2005-06-01
9771,0.0256417617201805,2005-06-01
9882,0.0256417617201805,2005-06-01
10867,0.0256417617201805,2005-06-01
14225,0.0322360731661319,2005-06-01
15267,0.0256417617201805,2005-06-01
24617,0.0256417617201805,2005-06-01
29901,0.0322360731661319,2005-06-01
30098,0.0256417617201805,2005-06-01
60979,0.0256417617201805,2005-06-01
65609,0.0256417617201805,2005-06-01
66065,0.0256417617201805,2005-06-01
66446,0.0256417617201805,2005-06-01
112168,0.0256417617201805,2005-06-01
122380,0.0256417617201805,2005-06-01
143912,0.0322360731661319,2005-06-01
3062,0.0430248036420674,2005-09-01
3650,0.0387626576688109,2005-09-01
4199,0.037455452245805,2005-09-01
6216,0.0341800367672177,2005-09-01
7921,0.035771661782771,2005-09-01
9771,0.0456040168185347,2005-09-01
9882,0.0566091516520276,2005-09-01
10867,0.0357073261870407,2005-09-01
14225,0.0481824805708218,2005-09-01
14477,0.0310954388782225,2005-09-01
24617,0.0575211780666703,2005-09-01
29901,0.0394881248691996,2005-09-01
60979,0.0358541151210669,2005-09-01
65609,0.0317788860638131,2005-09-01
66446,0.0313766834496457,2005-09-01
122380,0.0311595078401518,2005-09-01
3062,0.0419298324891725,2005-12-01
3650,0.0413716576639773,2005-12-01
4494,0.0289276523152023,2005-12-01
5783,0.0276979148404826,2005-12-01
7085,0.0288392356427509,2005-12-01
9225,0.0344863113262651,2005-12-01
9771,0.0388624807018908,2005-12-01
14477,0.0334994002006046,2005-12-01
15267,0.0514884431858177,2005-12-01
24617,0.0448502554115884,2005-12-01
29901,0.1182089202344424,2005-12-01
30098,0.0330954433107179,2005-12-01
60979,0.0351873606182462,2005-12-01
66446,0.0593466841687597,2005-12-01
122380,0.0423018184985506,2005-12-01
163036,0.0370324823860359,2005-12-01
3062,0.0541570628563194,2006-03-01
3650,0.0562924189081469,2006-03-01
6223,0.0346943329570271,2006-03-01
7085,0.0373804370831564,2006-03-01
9771,0.0335021945807318,2006-03-01
10519,0.0326551506652717,2006-03-01
14477,0.0350362574978658,2006-03-01
15267,0.0362067407556274,2006-03-01
24617,0.0706215994330983,2006-03-01
29901,0.0863826416372099,2006-03-01
30098,0.0513009010513944,2006-03-01
60979,0.0355808617705833,2006-03-01
66446,0.0437865785690153,2006-03-01
122380,0.0395471394956478,2006-03-01
143912,0.1319454852165825,2006-03-01
163036,0.0393232788917126,2006-03-01
1598,0.0263975225389003,2006-06-01
2574,0.0263975225389003,2006-06-01
3062,0.0320723727345466,2006-06-01
3650,0.0263975225389003,2006-06-01
3851,0.0538626424968242,2006-06-01
5783,0.0314737074077129,2006-06-01
6223,0.0263975225389003,2006-06-01
7921,0.0263975225389003,2006-06-01
9225,0.0263975225389003,2006-06-01
9771,0.0265244897454977,2006-06-01
9882,0.0263975225389003,2006-06-01
10867,0.0263975225389003,2006-06-01
24617,0.0315947718918323,2006-06-01
29901,0.032531127333641,2006-06-01
60979,0.0320723727345466,2006-06-01
66446,0.0268446262925863,2006-06-01
148349,0.0268446262925863,2006-06-01
163036,0.0263975225389003,2006-06-01
3062,0.0316865481436252,2006-09-01
3650,0.0305714569985866,2006-09-01
3851,0.0829581767320633,2006-09-01
6223,0.0306925717741251,2006-09-01
7921,0.0316865481436252,2006-09-01
10795,0.0305714569985866,2006-09-01
14225,0.0331121310591697,2006-09-01
15267,0.0320128761231899,2006-09-01
24617,0.0306828785687685,2006-09-01
29901,0.0331121310591697,2006-09-01
60979,0.0326972678303718,2006-09-01
66446,0.0307154469192028,2006-09-01
122380,0.0306925717741251,2006-09-01
143912,0.0533998906612396,2006-09-01
148349,0.0307154469192028,2006-09-01
163036,0.0306925717741251,2006-09-01
1598,0.0289117004722356,2006-12-01
2574,0.0289117004722356,2006-12-01
3062,0.0289117004722356,2006-12-01
3650,0.0289117004722356,2006-12-01
6223,0.0289117004722356,2006-12-01
7085,0.0289117004722356,2006-12-01
7921,0.0289117004722356,2006-12-01
8463,0.0289117004722356,2006-12-01
9225,0.0289117004722356,2006-12-01
10795,0.0289117004722356,2006-12-01
10867,0.0289117004722356,2006-12-01
14225,0.0289563592523336,2006-12-01
15267,0.0289117004722356,2006-12-01
24617,0.0289563592523336,2006-12-01
29901,0.0289563592523336,2006-12-01
60979,0.0289563592523336,2006-12-01
66446,0.0289563592523336,2006-12-01
112168,0.0289117004722356,2006-12-01
122380,0.0289117004722356,2006-12-01
148349,0.0289563592523336,2006-12-01
163036,0.0289563592523336,2006-12-01
1598,0.0296672023832798,2007-03-01
2574,0.0296672023832798,2007-03-01
3062,0.0296672023832798,2007-03-01
3650,0.0296672023832798,2007-03-01
6223,0.0296672023832798,2007-03-01
7085,0.0296672023832798,2007-03-01
8463,0.0296672023832798,2007-03-01
10867,0.0296672023832798,2007-03-01
14225,0.0296672023832798,2007-03-01
24617,0.0296672023832798,2007-03-01
29901,0.0326284021139144,2007-03-01
60979,0.0296672023832798,2007-03-01
66065,0.0296672023832798,2007-03-01
66446,0.0296672023832798,2007-03-01
122380,0.0296672023832798,2007-03-01
148349,0.0296672023832798,2007-03-01
2574,0.0471330092046617,2007-06-01
3650,0.0490863204875667,2007-06-01
6223,0.0433594643044521,2007-06-01
7085,0.0472054540973906,2007-06-01
8358,0.0380485081529689,2007-06-01
8463,0.0430152067777062,2007-06-01
9771,0.0738660129418041,2007-06-01
14225,0.0526006926055743,2007-06-01
24617,0.0659753410429772,2007-06-01
29901,0.0701372441625035,2007-06-01
30098,0.0434890026417719,2007-06-01
60979,0.0393552578140825,2007-06-01
66065,0.0494790481093495,2007-06-01
66446,0.0512398531231252,2007-06-01
143912,0.0450202900911066,2007-06-01
163036,0.0492597078966767,2007-06-01
165123,0.0486219611891104,2007-06-01
1598,0.0326511412858963,2007-09-01
2574,0.0326511412858963,2007-09-01
3062,0.0326511412858963,2007-09-01
3851,0.04494409263134,2007-09-01
5783,0.0294979270547628,2007-09-01
7085,0.0326511412858963,2007-09-01
7921,0.0294979270547628,2007-09-01
9225,0.0326511412858963,2007-09-01
9771,0.0294979270547628,2007-09-01
9882,0.0326511412858963,2007-09-01
10867,0.0326511412858963,2007-09-01
14225,0.0326511412858963,2007-09-01
24617,0.0326511412858963,2007-09-01
29901,0.0326511412858963,2007-09-01
60979,0.0326511412858963,2007-09-01
66446,0.0326511412858963,2007-09-01
112168,0.0294979270547628,2007-09-01
143912,0.0326511412858963,2007-09-01
163036,0.0326511412858963,2007-09-01
176928,0.0346618331968784,2007-09-01
1598,0.038041990250349,2007-12-01
2574,0.0317888557910919,2007-12-01
3062,0.0317888557910919,2007-12-01
3851,0.0498598776757717,2007-12-01
7085,0.0325789973139762,2007-12-01
9225,0.0317888557910919,2007-12-01
9771,0.0317888557910919,2007-12-01
9882,0.0317888557910919,2007-12-01
10867,0.0304539334028959,2007-12-01
14225,0.0317888557910919,2007-12-01
24617,0.0317888557910919,2007-12-01
29901,0.0317888557910919,2007-12-01
60979,0.0969997271895408,2007-12-01
66446,0.0325789973139762,2007-12-01
143912,0.0317888557910919,2007-12-01
163036,0.0317888557910919,2007-12-01
176928,0.0299782529473304,2007-12-01
1598,0.0319932214915752,2008-03-01
2574,0.0319932214915752,2008-03-01
3062,0.0319932214915752,2008-03-01
3851,0.1436209678649902,2008-03-01
6223,0.0319932214915752,2008-03-01
7085,0.0319932214915752,2008-03-01
7921,0.0319932214915752,2008-03-01
9225,0.0319932214915752,2008-03-01
9882,0.0319932214915752,2008-03-01
14225,0.037504207342863,2008-03-01
24617,0.0319932214915752,2008-03-01
29901,0.0319932214915752,2008-03-01
60979,0.0319932214915752,2008-03-01
66065,0.0471109226346015,2008-03-01
66446,0.0319932214915752,2008-03-01
143912,0.0319932214915752,2008-03-01
163036,0.0471109226346015,2008-03-01
1598,0.0288617238402366,2008-06-01
2574,0.0288617238402366,2008-06-01
3062,0.0288617238402366,2008-06-01
6223,0.0288617238402366,2008-06-01
7085,0.0288617238402366,2008-06-01
7921,0.0288617238402366,2008-06-01
8253,0.0288617238402366,2008-06-01
9225,0.0288617238402366,2008-06-01
9771,0.0288617238402366,2008-06-01
9882,0.0288617238402366,2008-06-01
10867,0.0288617238402366,2008-06-01
14225,0.0288617238402366,2008-06-01
15267,0.0288617238402366,2008-06-01
24617,0.0288617238402366,2008-06-01
29901,0.0288617238402366,2008-06-01
60979,0.0288617238402366,2008-06-01
66065,0.0362233892083168,2008-06-01
66446,0.0288617238402366,2008-06-01
112168,0.0288617238402366,2008-06-01
143912,0.0288617238402366,2008-06-01
176928,0.0288617238402366,2008-06-01
1598,0.0318726822733879,2008-09-01
2574,0.0316674262285232,2008-09-01
3062,0.0316674262285232,2008-09-01
6223,0.0318726822733879,2008-09-01
6268,0.0289036128669977,2008-09-01
7085,0.0316674262285232,2008-09-01
9771,0.0300541128963232,2008-09-01
9882,0.045672457665205,2008-09-01
14225,0.0316674262285232,2008-09-01
24617,0.0316674262285232,2008-09-01
29901,0.0316674262285232,2008-09-01
60979,0.0318726822733879,2008-09-01
66065,0.0305169261991977,2008-09-01
122380,0.0318726822733879,2008-09-01
143912,0.0316674262285232,2008-09-01
163036,0.3559663593769073,2008-09-01
176928,0.0298658851534128,2008-09-01
3062,0.0703919094003383,2008-12-01
3650,0.0470340508890323,2008-12-01
3851,0.0546280665368617,2008-12-01
4199,0.0475836288131965,2008-12-01
6216,0.0468836487557212,2008-12-01
6223,0.0616782085437957,2008-12-01
9771,0.0538838485309882,2008-12-01
9882,0.0550805669147269,2008-12-01
24617,0.0724003056423506,2008-12-01
29901,0.0668369396892581,2008-12-01
30098,0.0557301653276856,2008-12-01
60979,0.0475051038178642,2008-12-01
66065,0.0460705561314757,2008-12-01
66446,0.0493262940487176,2008-12-01
143912,0.0546776099176945,2008-12-01
163036,0.0731739735058737,2008-12-01
165123,0.0561695135040274,2008-12-01
2574,0.051558189449567,2009-03-01
3062,0.0707271701808855,2009-03-01
3650,0.0492404053497736,2009-03-01
4199,0.050648279091349,2009-03-01
6216,0.0502207316865463,2009-03-01
6223,0.0506871164487605,2009-03-01
9771,0.0540824672196919,2009-03-01
9882,0.0632566949511787,2009-03-01
14225,0.0492149594191218,2009-03-01
24617,0.0636138237479159,2009-03-01
29901,0.0646707247708668,2009-03-01
30098,0.057808526526794,2009-03-01
66446,0.0605247936704386,2009-03-01
143912,0.0716374066488823,2009-03-01
163036,0.084946056477169,2009-03-01
165123,0.0542011348870378,2009-03-01
176928,0.051306795441562,2009-03-01
3851,0.1632573956497171,2009-06-01
4199,0.0585654227163367,2009-06-01
4494,0.0769206054414534,2009-06-01
5878,0.0666137094871484,2009-06-01
5959,0.0586456939001318,2009-06-01
6223,0.0681531874975433,2009-06-01
7085,0.1706385847659767,2009-06-01
8463,0.1218118852363035,2009-06-01
9882,0.0991048544464611,2009-06-01
10519,0.1264943015579364,2009-06-01
14225,0.0736072961770056,2009-06-01
24617,0.100527081892842,2009-06-01
29901,0.0613635175791991,2009-06-01
60979,0.0623114459760504,2009-06-01
112168,0.0651251386349216,2009-06-01
143912,0.1114683163188776,2009-06-01
163036,0.2458545984487261,2009-06-01
1300,0.053762717722865,2009-09-01
2574,0.053868300828099,2009-09-01
3062,0.054081752543651,2009-09-01
3851,0.0761812566418143,2009-09-01
6216,0.0406597200989296,2009-09-01
8402,0.0443686255565505,2009-09-01
8463,0.0572975621678681,2009-09-01
9771,0.0505384884893298,2009-09-01
9882,0.0608676127360698,2009-09-01
10519,0.0933836984011029,2009-09-01
14225,0.0677752507692336,2009-09-01
24617,0.0703607133977792,2009-09-01
29901,0.0553616524516828,2009-09-01
60979,0.06049481953252,2009-09-01
143912,0.0644236189054427,2009-09-01
163036,0.1407046371506384,2009-09-01
176928,0.0797957753980753,2009-09-01
3851,0.0616060090359128,2009-12-01
4199,0.0486653828612687,2009-12-01
6223,0.0869634821910054,2009-12-01
7085,0.066662130418968,2009-12-01
8463,0.0609667076382448,2009-12-01
9771,0.0850478531311631,2009-12-01
10519,0.0919871101542491,2009-12-01
14225,0.0578370152014189,2009-12-01
14477,0.0511605207089148,2009-12-01
24617,0.0479824078650015,2009-12-01
29901,0.0462999780664571,2009-12-01
60979,0.0520244066416903,2009-12-01
66065,0.0606827640834364,2009-12-01
66446,0.0610902746096474,2009-12-01
112168,0.0505816417564815,2009-12-01
143912,0.137250108835205,2009-12-01
163036,0.173162955114745,2009-12-01
2574,0.0262179579476888,2010-03-01
3851,0.0303125929312915,2010-03-01
6216,0.0418092011338345,2010-03-01
6223,0.0481301528370818,2010-03-01
6268,0.0223612855869065,2010-03-01
7921,0.0555855825535806,2010-03-01
9225,0.0291909157000325,2010-03-01
9771,0.078499709094651,2010-03-01
10519,0.0694102297749271,2010-03-01
15267,0.0236580734314717,2010-03-01
24617,0.0787672429018335,2010-03-01
29901,0.0538697250860737,2010-03-01
60979,0.0458810198850872,2010-03-01
66446,0.0916349243546501,2010-03-01
143912,0.1597130941733135,2010-03-01
163036,0.0548146253428989,2010-03-01
176928,0.03787591181233,2010-03-01
1598,0.0167044177651405,2010-06-01
2574,0.0167044177651405,2010-06-01
3062,0.0167044177651405,2010-06-01
6223,0.0167044177651405,2010-06-01
7085,0.0167044177651405,2010-06-01
9225,0.0167044177651405,2010-06-01
9771,0.0167044177651405,2010-06-01
9882,0.0167044177651405,2010-06-01
10519,0.0167044177651405,2010-06-01
10795,0.0239108521491289,2010-06-01
14225,0.0167044177651405,2010-06-01
24617,0.0167044177651405,2010-06-01
29901,0.0167044177651405,2010-06-01
60979,0.0167044177651405,2010-06-01
66065,0.0239108521491289,2010-06-01
66446,0.0167044177651405,2010-06-01
143912,0.0167044177651405,2010-06-01
163036,0.3499919176101684,2010-06-01
176928,0.0167044177651405,2010-06-01
183736,0.0167044177651405,2010-06-01
1598,0.0367017107425379,2010-09-01
3062,0.067128761489747,2010-09-01
4423,0.0322066676747173,2010-09-01
6223,0.058439766360141,2010-09-01
7085,0.0520389287411199,2010-09-01
9771,0.0414524734702942,2010-09-01
9882,0.0566018039625303,2010-09-01
14225,0.0402562313535092,2010-09-01
15267,0.0354082075295798,2010-09-01
24617,0.0640021146694278,2010-09-01
29901,0.0529893295799899,2010-09-01
60979,0.0447830400679584,2010-09-01
66446,0.0409364763498656,2010-09-01
143912,0.049735141686601,2010-09-01
163036,0.0727580210634425,2010-09-01
176928,0.0440363325983611,2010-09-01
183736,0.0525091488747953,2010-09-01
3062,0.0782713601065467,2010-12-01
6216,0.0410801150543321,2010-12-01
6223,0.0693748734405561,2010-12-01
7085,0.0841457351506326,2010-12-01
9225,0.041632864566323,2010-12-01
9771,0.0415488795429345,2010-12-01
9882,0.0743787863629189,2010-12-01
10519,0.0499821629426887,2010-12-01
14225,0.0394863791391062,2010-12-01
24617,0.0609216114888063,2010-12-01
29901,0.0608725693944306,2010-12-01
60979,0.0407758059922913,2010-12-01
66065,0.0419338546996087,2010-12-01
66446,0.0647424430071527,2010-12-01
143912,0.0606984072178307,2010-12-01
163036,0.0945570137961695,2010-12-01
183736,0.0642728686417059,2010-12-01
3062,0.0599467667490218,2011-03-01
6216,0.0416425342916864,2011-03-01
6223,0.0749296222607527,2011-03-01
7085,0.0565295416780789,2011-03-01
9225,0.0506710889622348,2011-03-01
9771,0.0540274511949841,2011-03-01
9882,0.0746068338369971,2011-03-01
10519,0.0451269914315332,2011-03-01
24617,0.0650590605329568,2011-03-01
29901,0.0607236550050555,2011-03-01
66065,0.0411256292800418,2011-03-01
66446,0.056120574676033,2011-03-01
143912,0.0691267180035545,2011-03-01
163036,0.1072370570389188,2011-03-01
165123,0.0483532110203275,2011-03-01
176928,0.0412648498589008,2011-03-01
183736,0.0526489018239093,2011-03-01
1598,0.0324967801570892,2011-06-01
2574,0.0330901369452476,2011-06-01
3062,0.0330901369452476,2011-06-01
3851,0.0884602516889572,2011-06-01
6223,0.0324967801570892,2011-06-01
9225,0.0330901369452476,2011-06-01
9771,0.0324967801570892,2011-06-01
9882,0.0324967801570892,2011-06-01
10519,0.0324967801570892,2011-06-01
10795,0.0693638026714325,2011-06-01
14225,0.0330901369452476,2011-06-01
24617,0.0330901369452476,2011-06-01
29901,0.0330901369452476,2011-06-01
66446,0.0324967801570892,2011-06-01
112168,0.0324967801570892,2011-06-01
143912,0.0330901369452476,2011-06-01
176928,0.0324967801570892,2011-06-01
180652,0.0536981895565986,2011-06-01
183736,0.0324967801570892,2011-06-01
1598,0.0287234932184219,2011-09-01
2574,0.0287234932184219,2011-09-01
3062,0.0287234932184219,2011-09-01
3851,0.0290734451264143,2011-09-01
6223,0.0287234932184219,2011-09-01
7085,0.0514788180589675,2011-09-01
8402,0.0287234932184219,2011-09-01
9225,0.0287234932184219,2011-09-01
9771,0.0287234932184219,2011-09-01
9882,0.0287234932184219,2011-09-01
10519,0.0287234932184219,2011-09-01
10795,0.0290734451264143,2011-09-01
14225,0.0287234932184219,2011-09-01
24617,0.0287234932184219,2011-09-01
29901,0.0287234932184219,2011-09-01
66065,0.1914478093385696,2011-09-01
66446,0.0287234932184219,2011-09-01
112168,0.0287234932184219,2011-09-01
143912,0.0287234932184219,2011-09-01
163036,0.0288660787045955,2011-09-01
176928,0.0287234932184219,2011-09-01
183736,0.0287234932184219,2011-09-01
1598,0.0374584980309009,2011-12-01
3062,0.0380348972976207,2011-12-01
3851,0.0496554300189018,2011-12-01
5959,0.0374584980309009,2011-12-01
6223,0.0409991703927516,2011-12-01
6268,0.0374584980309009,2011-12-01
8253,0.0374584980309009,2011-12-01
8402,0.0428952500224113,2011-12-01
9225,0.0380348972976207,2011-12-01
9771,0.0380348972976207,2011-12-01
9882,0.0761750638484954,2011-12-01
10795,0.0422622635960578,2011-12-01
14225,0.0380348972976207,2011-12-01
24617,0.0380348972976207,2011-12-01
29901,0.0434716492891311,2011-12-01
60979,0.0374584980309009,2011-12-01
66446,0.0374584980309009,2011-12-01
112168,0.0374584980309009,2011-12-01
143912,0.0380348972976207,2011-12-01
163036,0.1038043648004531,2011-12-01
176928,0.0374584980309009,2011-12-01
183736,0.0374584980309009,2011-12-01
186310,0.0860158875584602,2011-12-01
1598,0.0373787060379982,2012-03-01
3062,0.0380119197070598,2012-03-01
3650,0.0380564965307712,2012-03-01
3851,0.0890528559684753,2012-03-01
5256,0.0380564965307712,2012-03-01
5878,0.0389503389596939,2012-03-01
6223,0.0373787060379982,2012-03-01
7435,0.0380564965307712,2012-03-01
7921,0.04590680077672,2012-03-01
8402,0.0426319278776645,2012-03-01
9225,0.0471283122897148,2012-03-01
9771,0.056545864790678,2012-03-01
9882,0.0803805440664291,2012-03-01
10795,0.0375254303216934,2012-03-01
14225,0.0834674388170242,2012-03-01
24617,0.0380119197070598,2012-03-01
29901,0.056337472051382,2012-03-01
65609,0.0832441076636314,2012-03-01
66065,0.0426319278776645,2012-03-01
176928,0.0373787060379982,2012-03-01
189491,0.0373787060379982,2012-03-01
3062,0.0784105797096465,2012-06-01
4598,0.0588389763297412,2012-06-01
6216,0.0653994115860525,2012-06-01
6223,0.0854803778258788,2012-06-01
6268,0.0532653029780186,2012-06-01
7085,0.0740177436316584,2012-06-01
7985,0.0552780166168222,2012-06-01
9771,0.0764592740749189,2012-06-01
9882,0.1115284500087786,2012-06-01
10795,0.0535408161142645,2012-06-01
29901,0.0781975025402988,2012-06-01
66446,0.0523181194719186,2012-06-01
143912,0.0725023044691688,2012-06-01
163036,0.0904268157494649,2012-06-01
165123,0.055296641000473,2012-06-01
183736,0.0684715587709007,2012-06-01
186310,0.0630930787088209,2012-06-01
189491,0.0607652544992865,2012-06-01
3062,0.0653473684224534,2012-09-01
4598,0.0563044323020456,2012-09-01
6216,0.088837949649781,2012-09-01
6223,0.1095361811992807,2012-09-01
6268,0.0939027975864514,2012-09-01
7985,0.0552731750724397,2012-09-01
9771,0.0628732260029728,2012-09-01
9882,0.1054455375145877,2012-09-01
24617,0.0581433704348199,2012-09-01
29901,0.0656319777143442,2012-09-01
66446,0.0595717900487835,2012-09-01
112168,0.0580022201848654,2012-09-01
143912,0.0576844488043113,2012-09-01
163036,0.0816755108939085,2012-09-01
165123,0.0640569815633047,2012-09-01
176928,0.0669756796425991,2012-09-01
186310,0.052671563140708,2012-09-01
189491,0.06756668757537,2012-09-01
2574,0.0449535759196292,2012-12-01
3062,0.0442599084264186,2012-12-01
3851,0.0407638426961405,2012-12-01
4598,0.0398292399747001,2012-12-01
6216,0.0413172342707206,2012-12-01
6223,0.0662086970156804,2012-12-01
6268,0.0610355858945134,2012-12-01
8253,0.0395815044030303,2012-12-01
9771,0.0426729099948512,2012-12-01
9882,0.0688267139690176,2012-12-01
10519,0.0407935768351632,2012-12-01
29901,0.0402554884380908,2012-12-01
66446,0.0638537649489746,2012-12-01
112168,0.0559796510591565,2012-12-01
143912,0.0471018938817315,2012-12-01
163036,0.0545955918049524,2012-12-01
165123,0.055736498132895,2012-12-01
189491,0.0568456124930565,2012-12-01
2574,0.0610299344387801,2013-03-01
3062,0.071076325744731,2013-03-01
6216,0.0625929292498691,2013-03-01
6223,0.0641631539871597,2013-03-01
7085,0.0431732173890685,2013-03-01
9225,0.0553068164361267,2013-03-01
9771,0.053944505674877,2013-03-01
9882,0.0748111738781696,2013-03-01
10519,0.0458450522301321,2013-03-01
10795,0.0539338648176864,2013-03-01
24617,0.0393689804069134,2013-03-01
29901,0.0526379154426043,2013-03-01
66446,0.0669271982922957,2013-03-01
112168,0.0408635587702362,2013-03-01
163036,0.0727663036632712,2013-03-01
165123,0.0493769338424432,2013-03-01
186310,0.0459158916634014,2013-03-01
189491,0.0575552468462212,2013-03-01
3062,0.0827636741349175,2013-06-01
3835,0.0415703912371205,2013-06-01
3851,0.1201591503469333,2013-06-01
4598,0.0514555492322417,2013-06-01
5878,0.0471564791923701,2013-06-01
6216,0.040371173013379,2013-06-01
7085,0.0753532042752008,2013-06-01
7985,0.0568016872375938,2013-06-01
9771,0.0415814768435561,2013-06-01
10795,0.0706273775763977,2013-06-01
14225,0.097376297494288,2013-06-01
24617,0.0436662863759773,2013-06-01
29901,0.0810121022270737,2013-06-01
65609,0.0472365429661793,2013-06-01
66446,0.0514838580933454,2013-06-01
163036,0.0992774297010831,2013-06-01
176928,0.0397270180569275,2013-06-01
180652,0.0349597864874621,2013-06-01
2574,0.0384137371795975,2013-09-01
3062,0.0429084980369823,2013-09-01
3835,0.0425652476409778,2013-09-01
3851,0.0493436936714517,2013-09-01
4598,0.0309700566988802,2013-09-01
6216,0.0384950035622723,2013-09-01
6223,0.0535057768506475,2013-09-01
7085,0.11227744979743,2013-09-01
9225,0.0414826232106525,2013-09-01
9771,0.0675426080704263,2013-09-01
10795,0.0614219300095633,2013-09-01
14225,0.1007253154191028,2013-09-01
24617,0.0357422951018778,2013-09-01
66446,0.0490703037264556,2013-09-01
143912,0.0330026782614659,2013-09-01
163036,0.2355679458605273,2013-09-01
176928,0.0394728569415123,2013-09-01
189491,0.0470690024753996,2013-09-01
2574,0.0307613236747051,2013-12-01
3062,0.0356514170047539,2013-12-01
3851,0.0426243324174668,2013-12-01
6216,0.0604658948926989,2013-12-01
7085,0.0737915592931545,2013-12-01
9771,0.0555743995842209,2013-12-01
10795,0.0663216840175765,2013-12-01
14225,0.1106776095965944,2013-12-01
14477,0.0260640287058231,2013-12-01
24617,0.0372642558021756,2013-12-01
29901,0.030563380554138,2013-12-01
66446,0.0575369971744846,2013-12-01
112168,0.0303481445451691,2013-12-01
143912,0.0259785351985776,2013-12-01
163036,0.1062314943867979,2013-12-01
165123,0.0299146333503815,2013-12-01
176928,0.0286885602260424,2013-12-01
189491,0.04309665181432,2013-12-01
2574,0.0383197031915187,2014-03-01
2817,0.0357647314667701,2014-03-01
3062,0.0383197031915187,2014-03-01
3835,0.0357647314667701,2014-03-01
3851,0.0383197031915187,2014-03-01
5046,0.0357647314667701,2014-03-01
5047,0.0440000668168067,2014-03-01
5492,0.0357647314667701,2014-03-01
6223,0.0440000668168067,2014-03-01
7085,0.0684892907738685,2014-03-01
7923,0.0357647314667701,2014-03-01
7985,0.0357647314667701,2014-03-01
9225,0.0383197031915187,2014-03-01
9771,0.0383197031915187,2014-03-01
9882,0.0383197031915187,2014-03-01
14225,0.0855149552226066,2014-03-01
14477,0.0357647314667701,2014-03-01
24617,0.0383197031915187,2014-03-01
29901,0.0383197031915187,2014-03-01
66065,0.0357647314667701,2014-03-01
66446,0.0440000668168067,2014-03-01
112168,0.0440000668168067,2014-03-01
143912,0.0383197031915187,2014-03-01
163036,0.0383197031915187,2014-03-01
186310,0.0357647314667701,2014-03-01
2574,0.0461270690561461,2014-06-01
3062,0.0612967560069022,2014-06-01
4598,0.0357213309959003,2014-06-01
6216,0.0429165410216744,2014-06-01
6223,0.0492255278773435,2014-06-01
7085,0.0601525205105981,2014-06-01
9771,0.0592122647661126,2014-06-01
9882,0.0433850528777541,2014-06-01
10795,0.047636750651929,2014-06-01
14225,0.0380087395379225,2014-06-01
24617,0.0375696785354173,2014-06-01
29901,0.0514847916877827,2014-06-01
143912,0.0455627152835767,2014-06-01
148349,0.0386763742229598,2014-06-01
163036,0.0801684006909948,2014-06-01
165123,0.0484876430449991,2014-06-01
176928,0.0367586079504638,2014-06-01
316056,0.0566355439216419,2014-06-01
3062,0.0617052108951353,2014-09-01
4598,0.0407549469582293,2014-09-01
6216,0.0597710491493161,2014-09-01
6223,0.058034045014744,2014-09-01
7085,0.0601023796080662,2014-09-01
9225,0.0418145898257779,2014-09-01
9771,0.0535472531370132,2014-09-01
9882,0.0419263825151864,2014-09-01
10795,0.0579181662612436,2014-09-01
14225,0.0403826661303603,2014-09-01
20116,0.0574362913132936,2014-09-01
29901,0.0550677660435989,2014-09-01
143912,0.0454819138410654,2014-09-01
163036,0.077802498997524,2014-09-01
165123,0.0566255184909432,2014-09-01
176928,0.0409783601083846,2014-09-01
186310,0.0426602774334523,2014-09-01
316056,0.0564112933865166,2014-09-01
2574,0.0530743727435557,2014-12-01
3062,0.0646168636238804,2014-12-01
5878,0.0446892820307791,2014-12-01
6216,0.0713963212534138,2014-12-01
6223,0.0676055738613792,2014-12-01
7085,0.0614708063342987,2014-12-01
9771,0.0625505275323079,2014-12-01
10795,0.0512327153006623,2014-12-01
14225,0.0480958570464701,2014-12-01
20116,0.0507245409571722,2014-12-01
29901,0.0600987284253424,2014-12-01
143912,0.0468220237386503,2014-12-01
163036,0.0851167092295975,2014-12-01
165123,0.0490212138959886,2014-12-01
183736,0.0453657998168585,2014-12-01
186310,0.0477158439533247,2014-12-01
189491,0.0503298391594731,2014-12-01
316056,0.0456802623142121,2014-12-01
2574,0.0472837495495697,2015-03-01
3062,0.0537229577267053,2015-03-01
3650,0.0445655729205162,2015-03-01
5492,0.0433228707236809,2015-03-01
6216,0.0808193319292049,2015-03-01
6223,0.0623838562801991,2015-03-01
7085,0.0593327269726709,2015-03-01
8358,0.0458364777621391,2015-03-01
9771,0.0572324611433949,2015-03-01
20116,0.0484381372160742,2015-03-01
29901,0.0603068306930632,2015-03-01
66446,0.0677731843563594,2015-03-01
143912,0.0450283088802704,2015-03-01
163036,0.0732873489082278,2015-03-01
165123,0.0467918699005351,2015-03-01
183736,0.0484516186805569,2015-03-01
186310,0.044354924640511,2015-03-01
189491,0.0453606808001247,2015-03-01
2285,0.0411154052706244,2015-06-01
2574,0.0456917398236077,2015-06-01
2817,0.039152123062334,2015-06-01
3062,0.0536826605657123,2015-06-01
3650,0.040999361729129,2015-06-01
3851,0.0422022689088781,2015-06-01
4598,0.0524934971137055,2015-06-01
6216,0.0791748257946886,2015-06-01
6223,0.0495418382221826,2015-06-01
7085,0.0448543547713687,2015-06-01
8358,0.0479110047977997,2015-06-01
10795,0.0416182140192432,2015-06-01
10920,0.0389487104287494,2015-06-01
29901,0.0618409972519069,2015-06-01
66446,0.0600585400765938,2015-06-01
163036,0.082300108048404,2015-06-01
165123,0.0483746998309285,2015-06-01
186310,0.0422261521790751,2015-06-01
2574,0.0564510385619972,2015-09-01
3062,0.0444138337373581,2015-09-01
3851,0.0468227906535293,2015-09-01
4598,0.0479448100086424,2015-09-01
5256,0.0473034795826395,2015-09-01
6216,0.0885636780717828,2015-09-01
6223,0.0516968463709867,2015-09-01
7085,0.0639298859040999,2015-09-01
7435,0.0455603839179221,2015-09-01
8358,0.047162659375019,2015-09-01
9225,0.043358309127775,2015-09-01
9882,0.0468884156360792,2015-09-01
10795,0.0510426284013072,2015-09-01
10920,0.045050106030699,2015-09-01
29901,0.0615617337160187,2015-09-01
66446,0.0592811110489208,2015-09-01
163036,0.0724155690285399,2015-09-01
186310,0.0537637090439772,2015-09-01
2574,0.0591636759486681,2015-12-01
3062,0.0460158122203023,2015-12-01
3650,0.0449007431763466,2015-12-01
4598,0.0521229181645469,2015-12-01
6216,0.0732739922610403,2015-12-01
6223,0.0557914317729821,2015-12-01
7085,0.0605612295632602,2015-12-01
8358,0.0445347108626825,2015-12-01
9225,0.0443381983641808,2015-12-01
10795,0.0566824876163757,2015-12-01
10920,0.0444048902824535,2015-12-01
14225,0.0447319895732194,2015-12-01
15267,0.0407505652179502,2015-12-01
29901,0.0471493078312828,2015-12-01
66446,0.0868527065805726,2015-12-01
148349,0.0446407327341312,2015-12-01
163036,0.0853866213811238,2015-12-01
186310,0.0467383802535982,2015-12-01
2574,0.0630241214007659,2016-03-01
3062,0.0526046705638502,2016-03-01
3650,0.0483056367603574,2016-03-01
4598,0.0460722860062355,2016-03-01
6216,0.0627385645141616,2016-03-01
6223,0.0554799224349853,2016-03-01
7085,0.0486970997180994,2016-03-01
7923,0.0433899871518305,2016-03-01
9225,0.0471049105895616,2016-03-01
10795,0.0526591250810317,2016-03-01
10920,0.0492778671849906,2016-03-01
14225,0.0435988320458112,2016-03-01
29901,0.0559594951591238,2016-03-01
66446,0.0815673830773046,2016-03-01
143912,0.0429974884176984,2016-03-01
163036,0.0912808717636673,2016-03-01
165123,0.0474606808022827,2016-03-01
189491,0.04404494151565,2016-03-01
2574,0.0538283910127566,2016-06-01
3062,0.0459599139293991,2016-06-01
3650,0.0419537480758278,2016-06-01
4598,0.0482987536983723,2016-06-01
5492,0.0396870097042396,2016-06-01
6216,0.0697051951244515,2016-06-01
6223,0.0520113528557793,2016-06-01
7085,0.0512688027089548,2016-06-01
9225,0.0562272644298532,2016-06-01
10519,0.0397898743761516,2016-06-01
10920,0.0429770189376397,2016-06-01
14225,0.040480653703482,2016-06-01
20116,0.0470125138790562,2016-06-01
29901,0.0595133382023319,2016-06-01
66446,0.0743950110852938,2016-06-01
143912,0.0488730333491999,2016-06-01
163036,0.0947437820496994,2016-06-01
186310,0.0456273417920725,2016-06-01
2574,0.0535399794603087,2016-09-01
3062,0.0460621284716772,2016-09-01
3851,0.0447933354936037,2016-09-01
6216,0.0577045818307884,2016-09-01
6223,0.0573665821097207,2016-09-01
7085,0.0563314551294989,2016-09-01
8358,0.0412350214420895,2016-09-01
9225,0.0468716480803204,2016-09-01
9882,0.0442675082112062,2016-09-01
10795,0.0660020928792477,2016-09-01
10920,0.0421300278455001,2016-09-01
14225,0.0441684228794493,2016-09-01
24617,0.042110474568805,2016-09-01
29901,0.0617572163800156,2016-09-01
66446,0.078880706833214,2016-09-01
143912,0.0522343281658923,2016-09-01
163036,0.0916027707048407,2016-09-01
186310,0.0407754617709525,2016-09-01
2285,0.0433787215749815,2016-12-01
2574,0.0393718668430702,2016-12-01
3062,0.0349546425742688,2016-12-01
3835,0.0375846139192767,2016-12-01
3851,0.0394355725208787,2016-12-01
7085,0.0634841603722243,2016-12-01
8463,0.039294812799375,2016-12-01
9225,0.0340603061393185,2016-12-01
9882,0.0424396630587377,2016-12-01
10519,0.0482894208615084,2016-12-01
10795,0.0471658894370191,2016-12-01
14225,0.0315957348739768,2016-12-01
24617,0.0325932955138931,2016-12-01
29901,0.0741228134148353,2016-12-01
66446,0.0436421661068454,2016-12-01
163036,0.0669996995693098,2016-12-01
165123,0.0481277421009045,2016-12-01
186310,0.0312203386268072,2016-12-01
2285,0.0393501711441526,2017-03-01
2574,0.0425993083311673,2017-03-01
2817,0.0392769422374338,2017-03-01
6216,0.0400598035055786,2017-03-01
6268,0.0395745476039148,2017-03-01
7085,0.0445581024210007,2017-03-01
9225,0.0386901240164946,2017-03-01
10795,0.0425453574882796,2017-03-01
10920,0.0486696289444689,2017-03-01
20116,0.0332871122132657,2017-03-01
28192,0.08088898863155,2017-03-01
29901,0.0404174522587022,2017-03-01
66446,0.0351883413797647,2017-03-01
143912,0.0342716637129588,2017-03-01
148349,0.0428098986242393,2017-03-01
163036,0.0651197922138968,2017-03-01
186310,0.0372558182920199,2017-03-01
316056,0.033060966321975,2017-03-01
2285,0.0258214794224482,2017-06-01
4598,0.0289537980214988,2017-06-01
5492,0.0499635395903618,2017-06-01
5878,0.0271093981410633,2017-06-01
6268,0.0393344357897599,2017-06-01
6774,0.0257353177071046,2017-06-01
7435,0.0469029229612893,2017-06-01
8402,0.0252548647601117,2017-06-01
9225,0.0326748280679595,2017-06-01
10795,0.0329642963394024,2017-06-01
14225,0.0327018923195532,2017-06-01
15267,0.0497212078858939,2017-06-01
24617,0.04528198919371,2017-06-01
28192,0.0418592542806288,2017-06-01
29901,0.105535260394612,2017-06-01
65609,0.0254385706821045,2017-06-01
163036,0.0989522319214238,2017-06-01
186310,0.0260103391200237,2017-06-01
1891,0.0285470106325932,2017-09-01
2574,0.0379665116181008,2017-09-01
2817,0.0290810095912207,2017-09-01
3062,0.0459910265711813,2017-09-01
3851,0.0367256178244047,2017-09-01
5256,0.0286213789543653,2017-09-01
6216,0.0469373321698994,2017-09-01
7085,0.076679075319945,2017-09-01
8463,0.0305887385382092,2017-09-01
10795,0.0380504456014622,2017-09-01
14225,0.0299311323087863,2017-09-01
24617,0.0459910265711813,2017-09-01
28192,0.0582762700222763,2017-09-01
29901,0.0401931365624378,2017-09-01
30098,0.0382594773750995,2017-09-01
66446,0.065582556582543,2017-09-01
112168,0.0315030556672843,2017-09-01
163036,0.0842346161214342,2017-09-01
176928,0.0295665578937158,2017-09-01
2574,0.035355751639919,2017-12-01
3851,0.0334132134834532,2017-12-01
4598,0.032026766753387,2017-12-01
5256,0.0307861099806952,2017-12-01
5878,0.0293246519431116,2017-12-01
6216,0.0344289489998049,2017-12-01
6223,0.0330089879440739,2017-12-01
7085,0.0342278612629196,2017-12-01
9225,0.0301730220597339,2017-12-01
10795,0.0599715375830445,2017-12-01
14225,0.036673687420441,2017-12-01
15267,0.028353899146611,2017-12-01
28192,0.0532261893560833,2017-12-01
29901,0.0335983490279756,2017-12-01
30098,0.0340490652229,2017-12-01
66446,0.0409079560918869,2017-12-01
122380,0.0280058215271609,2017-12-01
143912,0.0420561754124257,2017-12-01
163036,0.0449899155053935,2017-12-01
2285,0.0376574793022861,2018-03-01
2574,0.0495185666155266,2018-03-01
4598,0.0380040529203601,2018-03-01
5878,0.0428793422612194,2018-03-01
6216,0.0356815531076995,2018-03-01
6268,0.0376471345728473,2018-03-01
7085,0.0358194462308103,2018-03-01
9203,0.0336233733460041,2018-03-01
9225,0.0359986787341492,2018-03-01
9882,0.0373415483712867,2018-03-01
10795,0.0532687942482848,2018-03-01
10867,0.0327364719380352,2018-03-01
10920,0.0412482751644222,2018-03-01
20116,0.0339196072544087,2018-03-01
28192,0.0611701731044831,2018-03-01
66446,0.0523214421192946,2018-03-01
122380,0.0351901129256942,2018-03-01
143912,0.0499432413365001,2018-03-01
163036,0.0774242103464958,2018-03-01
1300,0.0309438146650791,2018-06-01
2574,0.0321112088859081,2018-06-01
2817,0.0309438146650791,2018-06-01
3650,0.0309438146650791,2018-06-01
6216,0.0312194470316171,2018-06-01
6223,0.0305879283696413,2018-06-01
6268,0.032093197107315,2018-06-01
6774,0.0293971002101898,2018-06-01
7085,0.0321112088859081,2018-06-01
9225,0.0321112088859081,2018-06-01
10519,0.0309438146650791,2018-06-01
10795,0.0305879283696413,2018-06-01
14225,0.0321112088859081,2018-06-01
28192,0.0321112088859081,2018-06-01
29901,0.0321112088859081,2018-06-01
30098,0.0321112088859081,2018-06-01
66446,0.0372396744787693,2018-06-01
122380,0.0293971002101898,2018-06-01
143912,0.0321112088859081,2018-06-01
148349,0.0293971002101898,2018-06-01
163036,0.0322685055434703,2018-06-01
2574,0.0573038759828309,2018-09-01
2817,0.0510882349237006,2018-09-01
3851,0.0512744782124288,2018-09-01
4199,0.0340579593336794,2018-09-01
5046,0.0388820506921693,2018-09-01
6268,0.0413530928161622,2018-09-01
6774,0.0402226537005134,2018-09-01
7085,0.070510987403781,2018-09-01
7435,0.0439883164530356,2018-09-01
8253,0.0324822380127607,2018-09-01
10519,0.0340960311836674,2018-09-01
10795,0.0483041591819657,2018-09-01
14225,0.0366008230017628,2018-09-01
15267,0.0441634747649013,2018-09-01
28192,0.0855277767591035,2018-09-01
65609,0.0355583974524484,2018-09-01
66446,0.0522082709891961,2018-09-01
148349,0.0349564240849556,2018-09-01
163036,0.032923030859987,2018-09-01
1300,0.0546697422923053,2018-12-01
2285,0.0357818916572541,2018-12-01
2574,0.0670394780124309,2018-12-01
3835,0.033543471688248,2018-12-01
5492,0.0365420068470125,2018-12-01
6216,0.0502376233581582,2018-12-01
6774,0.0335240850541907,2018-12-01
7085,0.0595982068886856,2018-12-01
10519,0.0371835869990025,2018-12-01
14225,0.0396595723568677,2018-12-01
15267,0.0318518471528797,2018-12-01
28192,0.0410235187311943,2018-12-01
29901,0.0375401769105953,2018-12-01
30098,0.0314009930279617,2018-12-01
60979,0.0343159746941369,2018-12-01
66446,0.1073006364272134,2018-12-01
148349,0.03862305899831,2018-12-01
163036,0.0396087054094802,2018-12-01
186310,0.036108670794872,2018-12-01
2285,0.0390198286979746,2019-03-01
2574,0.0496436001046088,2019-03-01
3851,0.0367649278843846,2019-03-01
4598,0.0373422990598477,2019-03-01
6216,0.046143557605346,2019-03-01
6223,0.0625001815522409,2019-03-01
6268,0.0428703139464309,2019-03-01
7085,0.0475919432944524,2019-03-01
9882,0.0415241667890376,2019-03-01
10795,0.0490441370722244,2019-03-01
10920,0.0406236928083411,2019-03-01
14225,0.0387536928926475,2019-03-01
28192,0.0903219876810275,2019-03-01
30098,0.0504318424643736,2019-03-01
65609,0.0395131111261264,2019-03-01
66446,0.0719875222233887,2019-03-01
163036,0.0818194622431773,2019-03-01
186310,0.0368808498643154,2019-03-01
316056,0.0360413946422012,2019-03-01
1891,0.0386916050631442,2019-06-01
2285,0.0347479879723124,2019-06-01
2574,0.0435882505276731,2019-06-01
4423,0.0339357856282374,2019-06-01
4598,0.0543359425418551,2019-06-01
5256,0.0325378412625497,2019-06-01
6223,0.0492652821154586,2019-06-01
6268,0.0330489920986177,2019-06-01
6774,0.0314102916016584,2019-06-01
9225,0.0412776579551227,2019-06-01
10795,0.0404273588003886,2019-06-01
10920,0.0368863924534625,2019-06-01
14225,0.0351552057520396,2019-06-01
28192,0.049758050291255,2019-06-01
30098,0.0311243046882209,2019-06-01
65609,0.0325806373328164,2019-06-01
66446,0.0668713384351725,2019-06-01
163036,0.075337435958026,2019-06-01
176928,0.0304293055315897,2019-06-01
2574,0.0420875416302101,2019-09-01
3851,0.0389655651240753,2019-09-01
4598,0.0350269535956533,2019-09-01
5256,0.0359119406776329,2019-09-01
5492,0.0358473323727509,2019-09-01
6268,0.0383102167065725,2019-09-01
6774,0.0341989780885446,2019-09-01
7085,0.0577548659801358,2019-09-01
9225,0.0400102396657137,2019-09-01
9882,0.0412959489921507,2019-09-01
10795,0.0388370537353015,2019-09-01
14225,0.0387197816483725,2019-09-01
15267,0.0601197442674847,2019-09-01
28192,0.0486117615366033,2019-09-01
29901,0.0411407846633703,2019-09-01
60979,0.044978461257772,2019-09-01
66446,0.03712378419565,2019-09-01
163036,0.0678044334894092,2019-09-01
176928,0.0356048265951624,2019-09-01
1891,0.0393367092706288,2019-12-01
2574,0.0479113074999581,2019-12-01
3851,0.0444251412781228,2019-12-01
4598,0.0366011988427302,2019-12-01
6223,0.0387258185943332,2019-12-01
6774,0.0386080784091137,2019-12-01
7085,0.0442540470530615,2019-12-01
7435,0.0368719688597865,2019-12-01
9203,0.036220201864712,2019-12-01
9225,0.0415793158290304,2019-12-01
9882,0.0485624695928885,2019-12-01
10519,0.0437629779512372,2019-12-01
10795,0.0684190557841146,2019-12-01
10920,0.0445002446749921,2019-12-01
14225,0.037180451100878,2019-12-01
35077,0.0474087293283279,2019-12-01
65609,0.0373705158173552,2019-12-01
66446,0.0734430702124415,2019-12-01
163036,0.0750379374859446,2019-12-01
2574,0.0363001376390457,2020-03-01
3650,0.0368041954934597,2020-03-01
3851,0.0368041954934597,2020-03-01
4598,0.0368041954934597,2020-03-01
5783,0.0368041954934597,2020-03-01
7923,0.035699512809515,2020-03-01
9225,0.0363001376390457,2020-03-01
9882,0.0368041954934597,2020-03-01
10519,0.0368041954934597,2020-03-01
10795,0.0368041954934597,2020-03-01
10920,0.0368041954934597,2020-03-01
14225,0.0363001376390457,2020-03-01
35077,0.0479324907064437,2020-03-01
65609,0.0368041954934597,2020-03-01
66065,0.0368041954934597,2020-03-01
66446,0.0389640070497989,2020-03-01
163036,0.0363001376390457,2020-03-01
165123,0.0368041954934597,2020-03-01
186310,0.0368041954934597,2020-03-01
2574,0.0735116543270629,2020-06-01
3851,0.1600144328665899,2020-06-01
4598,0.0609312512004235,2020-06-01
6268,0.0794631218476381,2020-06-01
7085,0.0486226470152925,2020-06-01
8253,0.0505861780666234,2020-06-01
9225,0.049169857850607,2020-06-01
9778,0.049605729885502,2020-06-01
9882,0.0682877230442678,2020-06-01
10519,0.0880655240134752,2020-06-01
10795,0.149001626865992,2020-06-01
14225,0.0540240396724643,2020-06-01
28192,0.0611394314741779,2020-06-01
35077,0.0999201964717059,2020-06-01
36191,0.0794182162442691,2020-06-01
60979,0.0474831049159233,2020-06-01
66065,0.0454742324912091,2020-06-01
66446,0.072825934947829,2020-06-01
148349,0.0471879548697357,2020-06-01
163036,0.0651197773601334,2020-06-01
1891,0.0397140374545914,2020-09-01
2574,0.0438521554983359,2020-09-01
3851,0.0675032184236946,2020-09-01
4598,0.0479415215042133,2020-09-01
6223,0.0488240137000976,2020-09-01
6268,0.0540729897266652,2020-09-01
6774,0.0386487174897471,2020-09-01
7085,0.0404906002063719,2020-09-01
9882,0.0725477910471831,2020-09-01
10795,0.0748385397574531,2020-09-01
10920,0.0446084692862303,2020-09-01
14225,0.0396180276998934,2020-09-01
28192,0.0597598390284231,2020-09-01
29901,0.0438521554983359,2020-09-01
35077,0.0816408344914957,2020-09-01
36190,0.047736012048316,2020-09-01
36191,0.0430766959799981,2020-09-01
122380,0.0460961811026635,2020-09-01
148349,0.03985769956549,2020-09-01
176928,0.0392676266526488,2020-09-01
3062,0.0401316471175637,2020-12-01
3851,0.1168769443114043,2020-12-01
4598,0.0366748617955727,2020-12-01
5046,0.0382913350887982,2020-12-01
7085,0.073955052690303,2020-12-01
8463,0.0367843896730514,2020-12-01
9882,0.0914279369728931,2020-12-01
10795,0.0949767808718655,2020-12-01
10983,0.0485240476987355,2020-12-01
28192,0.0384886675297711,2020-12-01
35077,0.0994033548944685,2020-12-01
36190,0.0476471720073113,2020-12-01
36191,0.0399949824961722,2020-12-01
60979,0.0520027024108662,2020-12-01
66446,0.0658141190534363,2020-12-01
122380,0.0394176357478588,2020-12-01
148349,0.040198330405812,2020-12-01
163036,0.0667501958790223,2020-12-01
165123,0.0484617767086753,2020-12-01
186310,0.0418009218846451,2020-12-01
3062,0.0347344252711312,2021-03-01
3851,0.0474845597479559,2021-03-01
5256,0.0347558943331224,2021-03-01
6774,0.0396700403372263,2021-03-01
7085,0.0460047874973317,2021-03-01
7435,0.0381110420793604,2021-03-01
9203,0.0353073082530247,2021-03-01
10519,0.0358082828827506,2021-03-01
10867,0.0349157745149477,2021-03-01
10920,0.0381686516600865,2021-03-01
14225,0.0356083753714269,2021-03-01
14477,0.036376105241457,2021-03-01
24617,0.0403781248647309,2021-03-01
29901,0.0356083753714269,2021-03-01
36190,0.0365563354277148,2021-03-01
36191,0.052108123766122,2021-03-01
122380,0.0382478496071122,2021-03-01
163036,0.0804279259746937,2021-03-01
165123,0.0383381698235318,2021-03-01
316056,0.0360114704513004,2021-03-01
2285,0.0209108076705731,2021-06-01
3851,0.0399542906733685,2021-06-01
4494,0.0233764053585277,2021-06-01
4598,0.0240419997643706,2021-06-01
6774,0.020311808909123,2021-06-01
7085,0.0255215150389307,2021-06-01
9225,0.032232298141495,2021-06-01
10795,0.0360417934766441,2021-06-01
10920,0.0272175942504893,2021-06-01
14225,0.0280028698701764,2021-06-01
28192,0.0225076879943817,2021-06-01
29901,0.0214076975146718,2021-06-01
35077,0.0216052165965866,2021-06-01
36190,0.0151380381795103,2021-06-01
36191,0.0217710129068545,2021-06-01
65609,0.0206448901257869,2021-06-01
148349,0.0177164681381285,2021-06-01
163036,0.0282275019798965,2021-06-01
165123,0.0173304177556754,2021-06-01
316056,0.0173754248639732,2021-06-01
2574,0.0387310907244682,2021-09-01
3062,0.0304461792111396,2021-09-01
4494,0.0334574952721595,2021-09-01
6216,0.038027137517929,2021-09-01
6223,0.0334574952721595,2021-09-01
9225,0.0319196097552776,2021-09-01
9882,0.0376909673213958,2021-09-01
10016,0.033538457006216,2021-09-01
10983,0.0372223556041717,2021-09-01
14225,0.0305376015603542,2021-09-01
24617,0.0302996970713138,2021-09-01
28192,0.0297328233718872,2021-09-01
29901,0.030566731467843,2021-09-01
30098,0.0367772206664085,2021-09-01
35077,0.0375820025801658,2021-09-01
60979,0.0322065204381942,2021-09-01
65609,0.0335664600133895,2021-09-01
66446,0.0302996970713138,2021-09-01
112168,0.0304461792111396,2021-09-01
163036,0.033532865345478,2021-09-01
2285,0.0313972495496273,2021-12-01
2574,0.0347207151353359,2021-12-01
3062,0.0308877117931842,2021-12-01
3851,0.0340145900845527,2021-12-01
4494,0.0336632095277309,2021-12-01
6216,0.0308877117931842,2021-12-01
6223,0.0322498567402362,2021-12-01
7085,0.0322764627635479,2021-12-01
9225,0.0338187329471111,2021-12-01
9882,0.0323220714926719,2021-12-01
10016,0.0328322909772396,2021-12-01
14225,0.0335115231573581,2021-12-01
14477,0.0308069661259651,2021-12-01
23546,0.0321796908974647,2021-12-01
24617,0.0308877117931842,2021-12-01
28192,0.0310739651322364,2021-12-01
36191,0.0308069661259651,2021-12-01
65609,0.0340601988136768,2021-12-01
66446,0.0308877117931842,2021-12-01
163036,0.0339879840612411,2021-12-01
165123,0.0321691110730171,2021-12-01
316056,0.0308069661259651,2021-12-01
1891,0.0288330954024459,2022-03-01
2574,0.0470540572211898,2022-03-01
3851,0.0677438277966808,2022-03-01
4598,0.0439106873938225,2022-03-01
7085,0.0403041488374817,2022-03-01
9225,0.0390214322002657,2022-03-01
9882,0.050711231561873,2022-03-01
10795,0.0657819795430622,2022-03-01
10920,0.0322579509775099,2022-03-01
14225,0.0355932137240241,2022-03-01
20116,0.0325053510419486,2022-03-01
23546,0.0335794925653124,2022-03-01
28192,0.0418895091032358,2022-03-01
35077,0.0296375144735773,2022-03-01
36191,0.0306930912335498,2022-03-01
65609,0.0360634253904858,2022-03-01
148349,0.0439469913872524,2022-03-01
163036,0.0343047750616666,2022-03-01
165123,0.0350687795178727,2022-03-01
316056,0.032701581831804,2022-03-01
1891,0.0407339790552205,2022-06-01
2285,0.0346615063393529,2022-06-01
2574,0.0482777344494248,2022-06-01
3851,0.0684875217242378,2022-06-01
4598,0.0412453221565573,2022-06-01
9225,0.0460289782187415,2022-06-01
9882,0.0524654074058541,2022-06-01
10795,0.0679457247285323,2022-06-01
10920,0.0382665568516008,2022-06-01
20116,0.0397777374556233,2022-06-01
23546,0.042703258335624,2022-06-01
24617,0.0339271979951526,2022-06-01
28192,0.0397730460852049,2022-06-01
29901,0.0341970568088387,2022-06-01
35077,0.0579886595462928,2022-06-01
36191,0.0487126061986537,2022-06-01
65609,0.0390329636152515,2022-06-01
148349,0.0421584701050763,2022-06-01
163036,0.0511272043683939,2022-06-01
316056,0.0352862999983074,2022-06-01
2285,0.038020156937599,2022-09-01
2574,0.0382479884552857,2022-09-01
4598,0.0386807789983899,2022-09-01
6223,0.0409399122980772,2022-09-01
7085,0.0491555384340539,2022-09-01
9882,0.0783305507630719,2022-09-01
10016,0.0467215850521849,2022-09-01
10795,0.0852323864945743,2022-09-01
10920,0.0438835233946677,2022-09-01
24617,0.0402424021342044,2022-09-01
29901,0.0395880456728292,2022-09-01
30098,0.0514372348271949,2022-09-01
35077,0.1065855456151174,2022-09-01
36190,0.0472665448644402,2022-09-01
36191,0.0481220615519133,2022-09-01
60979,0.0394493168262235,2022-09-01
65609,0.0413435289242675,2022-09-01
122380,0.045976371994305,2022-09-01
163036,0.0550944800413514,2022-09-01
186310,0.0391366055824176,2022-09-01
2574,0.0556344305463792,2022-12-01
3851,0.0583275866029497,2022-12-01
4058,0.0400110473169312,2022-12-01
4494,0.0784267672235367,2022-12-01
4598,0.038992156744594,2022-12-01
5959,0.0439449934189168,2022-12-01
6216,0.0493862449448167,2022-12-01
6223,0.0472432717772408,2022-12-01
8463,0.0486116570658984,2022-12-01
9882,0.0543116344695166,2022-12-01
10016,0.0466833353779349,2022-12-01
10795,0.0618132548170045,2022-12-01
14225,0.0418724979132257,2022-12-01
24617,0.0435567261741488,2022-12-01
29901,0.0390298230257972,2022-12-01
35077,0.0749838987145791,2022-12-01
36191,0.0665235487082131,2022-12-01
65609,0.0514726259345645,2022-12-01
163036,0.0729956452450554,2022-12-01
316056,0.0414582896447994,2022-12-01
2574,0.0625397799415605,2023-03-01
3851,0.0764662207712055,2023-03-01
4494,0.0410472602004394,2023-03-01
4598,0.043312819414679,2023-03-01
7085,0.0398518333733903,2023-03-01
9225,0.0441718617063498,2023-03-01
9882,0.0758577026676567,2023-03-01
10016,0.0361365948785269,2023-03-01
10519,0.0396300074646279,2023-03-01
10795,0.0772675020023513,2023-03-01
14225,0.0453622504062307,2023-03-01
23546,0.0377287671874453,2023-03-01
28192,0.0406025041073783,2023-03-01
29901,0.0429221860807314,2023-03-01
35077,0.0639369259875392,2023-03-01
36191,0.0381411049870914,2023-03-01
65609,0.048138076200123,2023-03-01
148349,0.0411160412760959,2023-03-01
163036,0.061989931335009,2023-03-01
316056,0.0365085793379768,2023-03-01
2574,0.0412588549285985,2023-06-01
3851,0.0687743381301634,2023-06-01
4598,0.0334726259384879,2023-06-01
6216,0.0332719897947265,2023-06-01
7435,0.0337354131924866,2023-06-01
9225,0.0379736548697056,2023-06-01
9882,0.0632269992511698,2023-06-01
10016,0.0385696792222512,2023-06-01
10795,0.0455409943620054,2023-06-01
10983,0.0378201889779446,2023-06-01
23546,0.0442175534497806,2023-06-01
28192,0.0324850007216301,2023-06-01
35077,0.0647690462515308,2023-06-01
60979,0.0379851551172625,2023-06-01
65609,0.0326845622968328,2023-06-01
112168,0.0357249027614818,2023-06-01
163036,0.0366566287325449,2023-06-01
165123,0.0334635158384796,2023-06-01
183736,0.0353823685629494,2023-06-01
316056,0.0342205796742537,2023-06-01
2574,0.036087729036808,2023-09-01
3062,0.0286872219294309,2023-09-01
4321,0.0311564784497022,2023-09-01
4494,0.0286872219294309,2023-09-01
5047,0.0286872219294309,2023-09-01
6216,0.0286872219294309,2023-09-01
6268,0.0315174832940101,2023-09-01
7085,0.0327325649559497,2023-09-01
8402,0.0287254378199577,2023-09-01
8463,0.0315174832940101,2023-09-01
9771,0.0315174832940101,2023-09-01
9882,0.032176449894905,2023-09-01
10795,0.0589930973947048,2023-09-01
10983,0.0286872219294309,2023-09-01
20116,0.0308366920799016,2023-09-01
23546,0.0309459436684846,2023-09-01
26590,0.0286872219294309,2023-09-01
28192,0.0286872219294309,2023-09-01
29901,0.0286872219294309,2023-09-01
35077,0.0311038885265588,2023-09-01
36191,0.0286872219294309,2023-09-01
65609,0.0286872219294309,2023-09-01
163036,0.0290118772536516,2023-09-01
165123,0.0315174832940101,2023-09-01
189491,0.0298324916511774,2023-09-01
316056,0.0311564784497022,2023-09-01
1598,0.0259751380224347,2023-12-01
2574,0.0377962321530264,2023-12-01
3851,0.0565955728598372,2023-12-01
4321,0.0355579328710719,2023-12-01
4494,0.028780097200866,2023-12-01
6268,0.0332694945861602,2023-12-01
7085,0.0355740796219197,2023-12-01
8402,0.0299242278355873,2023-12-01
8463,0.0278782983823738,2023-12-01
9225,0.0278275798400979,2023-12-01
9771,0.0365600433935865,2023-12-01
9882,0.0643497040567637,2023-12-01
10795,0.0644293477243041,2023-12-01
14225,0.0271476532020971,2023-12-01
28192,0.0316416189794574,2023-12-01
30098,0.0260997016399336,2023-12-01
65609,0.0266455995550948,2023-12-01
148349,0.0315811644358499,2023-12-01
183736,0.0284003950980118,2023-12-01
316056,0.0358937990146221,2023-12-01
2574,0.0401913320277024,2024-03-01
3851,0.0505463709423623,2024-03-01
4494,0.0237202886832376,2024-03-01
4598,0.0313777868960411,2024-03-01
6268,0.0247642208535844,2024-03-01
6774,0.0242163569026711,2024-03-01
7085,0.0289869231306596,2024-03-01
8463,0.0298099995854629,2024-03-01
9225,0.0254112869069798,2024-03-01
9882,0.0609342366690907,2024-03-01
10519,0.0241658624682836,2024-03-01
10795,0.0565586698050884,2024-03-01
14225,0.0311106345376168,2024-03-01
28192,0.0289298272781836,2024-03-01
35077,0.0350823758428666,2024-03-01
36191,0.0346003800525388,2024-03-01
43197,0.023776103841225,2024-03-01
65609,0.0255104195005473,2024-03-01
122380,0.0235650527642462,2024-03-01
165123,0.0327859033656355,2024-03-01
2574,0.0266439393162727,2024-06-01
3851,0.0268864035606384,2024-06-01
4321,0.0266439393162727,2024-06-01
4494,0.0266439393162727,2024-06-01
7085,0.0266439393162727,2024-06-01
7435,0.0266439393162727,2024-06-01
8253,0.0266439393162727,2024-06-01
8402,0.0266439393162727,2024-06-01
8463,0.0266439393162727,2024-06-01
9225,0.0268864035606384,2024-06-01
9778,0.028803976252675,2024-06-01
9882,0.0329347476363182,2024-06-01
10519,0.0266439393162727,2024-06-01
10920,0.0266439393162727,2024-06-01
10983,0.0266439393162727,2024-06-01
14225,0.0268864035606384,2024-06-01
23546,0.0268864035606384,2024-06-01
28192,0.0266439393162727,2024-06-01
36190,0.0266439393162727,2024-06-01
43197,0.0266439393162727,2024-06-01
65609,0.0266439393162727,2024-06-01
165123,0.0266439393162727,2024-06-01
316056,0.0266439393162727,2024-06-01
2574,0.0369153198139942,2024-09-01
2817,0.0301481306813735,2024-09-01
3650,0.031555584014278,2024-09-01
3851,0.0363403197660841,2024-09-01
6268,0.044960169127906,2024-09-01
7085,0.0444718625194563,2024-09-01
7435,0.0500130180034429,2024-09-01
8463,0.0346789904350466,2024-09-01
9225,0.0313077735943385,2024-09-01
9771,0.0367464208895652,2024-09-01
9778,0.0315114896643458,2024-09-01
9882,0.0555709411916074,2024-09-01
10795,0.0647410436603414,2024-09-01
15267,0.0302455892057651,2024-09-01
29901,0.0310099354369506,2024-09-01
43197,0.0298484377407532,2024-09-01
45169,0.0343749702070357,2024-09-01
163036,0.0305915158884539,2024-09-01
165123,0.0336750285632021,2024-09-01
316056,0.0351616504919324,2024-09-01
2574,0.025097778501807,2024-12-01
4321,0.0238410073939435,2024-12-01
4494,0.0244883867456061,2024-12-01
6268,0.0255767485228446,2024-12-01
7435,0.0344441455222594,2024-12-01
7923,0.0250220383016718,2024-12-01
8402,0.0258546334852913,2024-12-01
8463,0.0248758667682392,2024-12-01
9225,0.0356201612072966,2024-12-01
9882,0.0707788217115873,2024-12-01
10795,0.0598333186710974,2024-12-01
10920,0.0238959195976713,2024-12-01
23546,0.0362851814534774,2024-12-01
26590,0.025097754615342,2024-12-01
29901,0.0358954409317267,2024-12-01
35077,0.0342372561858944,2024-12-01
43197,0.0251751605878653,2024-12-01
65609,0.0238645219573331,2024-12-01
165123,0.0279432575656803,2024-12-01
316056,0.0254653241546,2024-12-01
1300,0.0220372900366783,2025-03-01
1598,0.0220372900366783,2025-03-01
1891,0.0220372900366783,2025-03-01
2285,0.0297772642225027,2025-03-01
2574,0.0227756034582853,2025-03-01
2817,0.0220372900366783,2025-03-01
3650,0.0220372900366783,2025-03-01
4058,0.0223633591085672,2025-03-01
4321,0.0220372900366783,2025-03-01
4494,0.0220372900366783,2025-03-01
4598,0.0220372900366783,2025-03-01
5046,0.0220372900366783,2025-03-01
5047,0.0220372900366783,2025-03-01
5256,0.0220372900366783,2025-03-01
5764,0.0220372900366783,2025-03-01
5783,0.0220372900366783,2025-03-01
5878,0.0220372900366783,2025-03-01
6223,0.0220372900366783,2025-03-01
7435,0.0223633591085672,2025-03-01
7923,0.0220372900366783,2025-03-01
7985,0.0220372900366783,2025-03-01
8253,0.0220372900366783,2025-03-01
8358,0.0220372900366783,2025-03-01
8402,0.0220372900366783,2025-03-01
8463,0.0220372900366783,2025-03-01
9771,0.0220372900366783,2025-03-01
9778,0.0223633591085672,2025-03-01
9882,0.0258225165307521,2025-03-01
10519,0.0257337540388107,2025-03-01
10867,0.0220372900366783,2025-03-01
10920,0.0220372900366783,2025-03-01
15267,0.0223633591085672,2025-03-01
26590,0.0220372900366783,2025-03-01
35077,0.0223633591085672,2025-03-01
36191,0.0220372900366783,2025-03-01
43197,0.0223633591085672,2025-03-01
65609,0.0220372900366783,2025-03-01
66065,0.0220372900366783,2025-03-01
112168,0.0220372900366783,2025-03-01
122380,0.0220372900366783,2025-03-01
163036,0.0220372900366783,2025-03-01
165123,0.0220372900366783,2025-03-01
183736,0.0220372900366783,2025-03-01
186310,0.0257337540388107,2025-03-01
316056,0.0223633591085672,2025-03-01
2574,0.0430236189359972,2025-06-01
3650,0.026202217156952,2025-06-01
3851,0.0398032698847516,2025-06-01
4494,0.0248662440706061,2025-06-01
4598,0.0341326494314809,2025-06-01
6774,0.0283155147276993,2025-06-01
7435,0.0241238758601348,2025-06-01
8463,0.0237984492568373,2025-06-01
9882,0.043994633161021,2025-06-01
10519,0.0296598368424349,2025-06-01
10795,0.0373263052896582,2025-06-01
14225,0.0279017393103443,2025-06-01
15267,0.0240970200150448,2025-06-01
30098,0.0243274650472693,2025-06-01
35077,0.0297816167979659,2025-06-01
43197,0.030505202108415,2025-06-01
65609,0.0264026066369173,2025-06-01
165123,0.034180144948544,2025-06-01
186310,0.0328300554834339,2025-06-01
316056,0.027361296985706,2025-06-01
2574,0.0439324178961804,2025-09-01
3650,0.0267986759029446,2025-09-01
3851,0.0325697979039378,2025-09-01
4598,0.0263720921021527,2025-09-01
7085,0.0223166051612415,2025-09-01
7985,0.0211882097244407,2025-09-01
9882,0.0236433894030763,2025-09-01
10795,0.0255040350296092,2025-09-01
10920,0.0254059072211865,2025-09-01
14225,0.0253874897373829,2025-09-01
29901,0.0386027088530612,2025-09-01
35077,0.0234921257254774,2025-09-01
36191,0.0225786109323382,2025-09-01
43197,0.0286591604750634,2025-09-01
65609,0.0234624480207049,2025-09-01
122380,0.0205018904661187,2025-09-01
148349,0.0224047018235186,2025-09-01
163036,0.0318694342979592,2025-09-01
165123,0.0347362711070163,2025-09-01
316056,0.0251772354366773,2025-09-01
2184,0.038684744387865,2001-03-01
5125,0.038684744387865,2001-03-01
5643,0.038684744387865,2001-03-01
6829,0.038684744387865,2001-03-01
7906,0.038684744387865,2001-03-01
11511,0.038684744387865,2001-03-01
11672,0.038684744387865,2001-03-01
14418,0.038684744387865,2001-03-01
25119,0.038684744387865,2001-03-01
25434,0.038684744387865,2001-03-01
28180,0.038684744387865,2001-03-01
28191,0.038684744387865,2001-03-01
28930,0.038684744387865,2001-03-01
29015,0.038684744387865,2001-03-01
29736,0.0530449897050857,2001-03-01
64410,0.0530449897050857,2001-03-01
64768,0.0424423925578594,2001-03-01
64891,0.0410983711481094,2001-03-01
65417,0.038684744387865,2001-03-01
114524,0.0410983711481094,2001-03-01
118122,0.0530449897050857,2001-03-01
140541,0.038684744387865,2001-03-01
141459,0.038684744387865,2001-03-01
2184,0.0506340361832719,2001-06-01
5125,0.0526945089264702,2001-06-01
11511,0.0560967177033149,2001-06-01
25119,0.0558024518267812,2001-06-01
29736,0.0497749224794562,2001-06-01
31846,0.0712118433442434,2001-06-01
61420,0.054576927936483,2001-06-01
64768,0.0833406727470556,2001-06-01
114524,0.0489295604258332,2001-06-01
126296,0.0489295604258332,2001-06-01
9248,0.0409052601750296,2001-09-01
11672,0.0385107893422324,2001-09-01
25340,0.0336404600235366,2001-09-01
25434,0.0332545035950463,2001-09-01
29015,0.0322611950908308,2001-09-01
29736,0.0462451167503237,2001-09-01
61420,0.0418810553469104,2001-09-01
64410,0.03294623591031,2001-09-01
64768,0.0371687572665072,2001-09-01
65417,0.0412232057740084,2001-09-01
5073,0.037212174385786,2001-12-01
5518,0.0382174365222454,2001-12-01
8823,0.0345082879066467,2001-12-01
25340,0.0345082879066467,2001-12-01
28180,0.0439065210521221,2001-12-01
28930,0.0347697958350181,2001-12-01
61420,0.0366063006222248,2001-12-01
114524,0.0360944718122482,2001-12-01
118122,0.0382174365222454,2001-12-01
141459,0.1634333878755569,2001-12-01
2184,0.0359906463837749,2002-03-01
5518,0.034046371010108,2002-03-01
6669,0.0326856725280102,2002-03-01
8823,0.0556916385178039,2002-03-01
9248,0.0376139373965059,2002-03-01
11511,0.0360058717939532,2002-03-01
25340,0.0498113364710064,2002-03-01
28180,0.0430590555560175,2002-03-01
29015,0.031755713369617,2002-03-01
29736,0.0682634792481081,2002-03-01
4839,0.0458276714877092,2002-06-01
6669,0.0356171904132074,2002-06-01
6829,0.0344485571466253,2002-06-01
8823,0.0491819831480148,2002-06-01
11672,0.0381051637540797,2002-06-01
25340,0.0610304240483562,2002-06-01
29736,0.0677066857359958,2002-06-01
31846,0.0302266271931381,2002-06-01
64410,0.0468719543888081,2002-06-01
118122,0.0405916939768765,2002-06-01
2184,0.0811227708429846,2002-09-01
5073,0.0555191499672273,2002-09-01
6669,0.0525697611748009,2002-09-01
6829,0.0571773987030675,2002-09-01
11672,0.0928208809590166,2002-09-01
31846,0.0643824278861631,2002-09-01
61420,0.0525822444206062,2002-09-01
64768,0.0687446868400844,2002-09-01
114524,0.0621068131683708,2002-09-01
119314,0.1269959910614351,2002-09-01
2184,0.0478431645905621,2002-12-01
4839,0.0402206284943368,2002-12-01
6669,0.0468899541505861,2002-12-01
8823,0.0489829059106835,2002-12-01
9248,0.0515781462900599,2002-12-01
11672,0.0549837146922426,2002-12-01
25340,0.0510432298209971,2002-12-01
29736,0.0774122558387841,2002-12-01
61420,0.0517419389689985,2002-12-01
118122,0.0446389554544618,2002-12-01
2184,0.0794797582862903,2003-03-01
9248,0.085934684515986,2003-03-01
11511,0.080711372861792,2003-03-01
11672,0.0733276967724366,2003-03-01
29015,0.073952863291889,2003-03-01
29736,0.1000715103123837,2003-03-01
31846,0.083398934993422,2003-03-01
64410,0.0798775413264687,2003-03-01
65417,0.0705415074380687,2003-03-01
119314,0.0802848385503109,2003-03-01
4839,0.0610324144363403,2003-06-01
11672,0.0617616549134254,2003-06-01
12459,0.062577299773693,2003-06-01
29015,0.0650072246789932,2003-06-01
61420,0.0649940595030784,2003-06-01
64768,0.07327301800251,2003-06-01
65417,0.06186343729496,2003-06-01
118122,0.0656355246901512,2003-06-01
126296,0.0630972385406494,2003-06-01
140541,0.1476810127496719,2003-06-01
6669,0.0502637688976633,2003-09-01
8823,0.0646490617486658,2003-09-01
9248,0.0752822532525412,2003-09-01
12459,0.0603010079319189,2003-09-01
25340,0.0637991239673728,2003-09-01
29015,0.0594723373882712,2003-09-01
29736,0.0816352014472691,2003-09-01
31846,0.0885197555030703,2003-09-01
61420,0.0653676982944589,2003-09-01
118122,0.054967850174408,2003-09-01
4839,0.0322808921337127,2003-12-01
9248,0.0373818986117839,2003-12-01
11672,0.0374202392995357,2003-12-01
25340,0.0333807989954948,2003-12-01
29736,0.0458821095526218,2003-12-01
31846,0.0334604270756244,2003-12-01
61420,0.0335030406713485,2003-12-01
64410,0.0377194657921791,2003-12-01
118122,0.0466984845697879,2003-12-01
126296,0.0468184985220432,2003-12-01
8823,0.0287285596132278,2004-03-01
9248,0.0369202904403209,2004-03-01
11511,0.0316694006323814,2004-03-01
11672,0.0454248674213886,2004-03-01
12459,0.0317695066332817,2004-03-01
25119,0.035060241818428,2004-03-01
28191,0.0326914899051189,2004-03-01
29736,0.0497634932398796,2004-03-01
64768,0.0370243340730667,2004-03-01
118122,0.0455289110541343,2004-03-01
5518,0.0637113451957702,2004-06-01
6669,0.0357148945331573,2004-06-01
8823,0.0329855717718601,2004-06-01
11672,0.0461144782602787,2004-06-01
12459,0.0674658641219139,2004-06-01
25340,0.0375923067331314,2004-06-01
29736,0.0375996492803096,2004-06-01
31846,0.0444547049701213,2004-06-01
118122,0.0339391604065895,2004-06-01
149318,0.0330635048449039,2004-06-01
2184,0.0430319532752037,2004-09-01
5680,0.0430319532752037,2004-09-01
6829,0.0430319532752037,2004-09-01
9248,0.0491533428430557,2004-09-01
11672,0.0465283989906311,2004-09-01
12459,0.0645013898611068,2004-09-01
23809,0.0434371046721935,2004-09-01
25119,0.0434371046721935,2004-09-01
29736,0.0491533428430557,2004-09-01
118122,0.0491533428430557,2004-09-01
141459,0.0484150350093841,2004-09-01
149318,0.0439253225922584,2004-09-01
5518,0.0512999624594478,2004-12-01
6669,0.0684945759788394,2004-12-01
12459,0.0884125026116018,2004-12-01
25340,0.0525919508327012,2004-12-01
28180,0.0591801521425197,2004-12-01
29736,0.0947683527377283,2004-12-01
118122,0.0603713203220549,2004-12-01
119314,0.0487160751262476,2004-12-01
140541,0.08256253207524,2004-12-01
141459,0.0679019378138421,2004-12-01
160211,0.0507667756701124,2004-12-01
7906,0.0738621950149536,2005-03-01
8823,0.0740253180265426,2005-03-01
9248,0.0664531961083412,2005-03-01
11672,0.0567266792058944,2005-03-01
28191,0.0514236278831958,2005-03-01
29015,0.0490817986428737,2005-03-01
29736,0.0673057436943054,2005-03-01
118122,0.0525999851524829,2005-03-01
119314,0.0504079908132553,2005-03-01
155394,0.0509919561445713,2005-03-01
160211,0.1450188606977462,2005-03-01
4839,0.0505186915397644,2005-06-01
6669,0.059273175895214,2005-06-01
8823,0.0580792874097824,2005-06-01
9248,0.0657650902867317,2005-06-01
11672,0.0483202748000621,2005-06-01
12459,0.0530789084732532,2005-06-01
25340,0.0563549399375915,2005-06-01
64410,0.0692278668284416,2005-06-01
118122,0.0658443421125412,2005-06-01
149318,0.0495893321931362,2005-06-01
160211,0.0492280162870883,2005-06-01
4839,0.0568178907675036,2005-09-01
9248,0.0661075868562366,2005-09-01
11672,0.054158636119678,2005-09-01
28180,0.0619972215620979,2005-09-01
29015,0.052624401550206,2005-09-01
29736,0.0828473367722574,2005-09-01
64410,0.0525165696425976,2005-09-01
64768,0.0714138858579325,2005-09-01
118122,0.0633295102358494,2005-09-01
119314,0.0510295241617418,2005-09-01
155394,0.0549449168071864,2005-09-01
4839,0.0461947930846468,2005-12-01
5518,0.0637940092512104,2005-12-01
6669,0.0462096568061942,2005-12-01
9248,0.0584269261041011,2005-12-01
11672,0.057418785546619,2005-12-01
25340,0.0482250036915813,2005-12-01
29015,0.0480522279249122,2005-12-01
29736,0.0621245989924029,2005-12-01
64410,0.0523655636641817,2005-12-01
118122,0.0694907121067196,2005-12-01
119314,0.0818330412535763,2005-12-01
5518,0.0714637339612596,2006-03-01
8823,0.0535949934158765,2006-03-01
9248,0.060402442405074,2006-03-01
11511,0.0733435303905363,2006-03-01
11672,0.0658554738602733,2006-03-01
28180,0.0602588459223035,2006-03-01
29015,0.0683458554520788,2006-03-01
29736,0.0705980039029057,2006-03-01
64410,0.062929668488757,2006-03-01
118122,0.0697623628235237,2006-03-01
160211,0.0562832698991511,2006-03-01
6669,0.0657870769076125,2006-06-01
9248,0.0561015626612266,2006-06-01
11672,0.0487044624639816,2006-06-01
12459,0.0460838320898874,2006-06-01
13498,0.0448580447908094,2006-06-01
29015,0.0536702510824433,2006-06-01
64410,0.0501041516943989,2006-06-01
119314,0.0633549289359903,2006-06-01
126296,0.0458747969251157,2006-06-01
149318,0.048115955349022,2006-06-01
165914,0.0536702510824433,2006-06-01
6669,0.0506289387559492,2006-09-01
8823,0.0556505333598818,2006-09-01
9248,0.0715108199593898,2006-09-01
11672,0.0652199300831738,2006-09-01
12459,0.0664790821147128,2006-09-01
25340,0.0653685807198267,2006-09-01
28180,0.0591754965650512,2006-09-01
29736,0.0774790895457255,2006-09-01
64410,0.0658897029008713,2006-09-01
118122,0.0622896591777743,2006-09-01
165914,0.0659134936208011,2006-09-01
5073,0.0689000189304351,2006-12-01
5518,0.0456730425357818,2006-12-01
6669,0.053824495524168,2006-12-01
7906,0.0456730425357818,2006-12-01
8823,0.0616542249917984,2006-12-01
9248,0.0456730425357818,2006-12-01
11511,0.0456730425357818,2006-12-01
11672,0.0456730425357818,2006-12-01
12459,0.0942928120493888,2006-12-01
25119,0.0576758906245231,2006-12-01
25340,0.0456730425357818,2006-12-01
25434,0.0456730425357818,2006-12-01
28180,0.0456730425357818,2006-12-01
28191,0.0669477880001068,2006-12-01
29015,0.0456730425357818,2006-12-01
29736,0.0456730425357818,2006-12-01
64410,0.0456730425357818,2006-12-01
64768,0.0467724651098251,2006-12-01
155394,0.0456730425357818,2006-12-01
160211,0.0545709691941738,2006-12-01
165914,0.0504459366202354,2006-12-01
8823,0.0538902462887042,2007-03-01
9248,0.0600824428412268,2007-03-01
11511,0.0574001692077884,2007-03-01
11672,0.057834798675067,2007-03-01
12459,0.0631907590205085,2007-03-01
25340,0.0491109465944929,2007-03-01
29015,0.0560277072593002,2007-03-01
29736,0.0554338632783228,2007-03-01
64768,0.0703640999628637,2007-03-01
126296,0.0573209214129353,2007-03-01
165914,0.0567952854901393,2007-03-01
6669,0.0449729559999224,2007-06-01
11511,0.0451790601676031,2007-06-01
11672,0.0435339524223235,2007-06-01
12459,0.0472772441491954,2007-06-01
25340,0.04999883901602,2007-06-01
25434,0.0451647388504447,2007-06-01
29736,0.0602591441487136,2007-06-01
64410,0.0435049053382687,2007-06-01
114524,0.0433492986816393,2007-06-01
149318,0.0434746109019036,2007-06-01
165914,0.0583623464246474,2007-06-01
4839,0.0406466387212276,2007-09-01
5073,0.0496742762625217,2007-09-01
6669,0.0496742762625217,2007-09-01
7154,0.0503231026232242,2007-09-01
8823,0.0406466387212276,2007-09-01
9248,0.0406466387212276,2007-09-01
11672,0.0406466387212276,2007-09-01
13498,0.0497962199151515,2007-09-01
25340,0.0406466387212276,2007-09-01
29736,0.0406466387212276,2007-09-01
64410,0.0406466387212276,2007-09-01
118122,0.0765296593308448,2007-09-01
160211,0.0406466387212276,2007-09-01
6829,0.0448489269704235,2007-12-01
9248,0.05923360852395,2007-12-01
12459,0.0583733923068811,2007-12-01
28191,0.0505242845765007,2007-12-01
29015,0.0610001978528807,2007-12-01
29736,0.0639268326644309,2007-12-01
61420,0.0435321531958067,2007-12-01
64410,0.0493617333955291,2007-12-01
118122,0.0811332705384432,2007-12-01
160211,0.0624546382704627,2007-12-01
165914,0.0440151689578564,2007-12-01
178015,0.046048957187071,2007-12-01
9248,0.0757959620036681,2008-03-01
11511,0.0762454959240476,2008-03-01
11672,0.0647765586032058,2008-03-01
12459,0.064050407177941,2008-03-01
25119,0.0616767364183251,2008-03-01
28180,0.0656246325984834,2008-03-01
29015,0.0749901068016551,2008-03-01
29736,0.0986965112424808,2008-03-01
64410,0.0783350997378044,2008-03-01
160211,0.0638664212591607,2008-03-01
165914,0.0597641311582299,2008-03-01
178704,0.062458003385021,2008-03-01
6669,0.0480694818842867,2008-06-01
8823,0.0547051594190414,2008-06-01
9248,0.0554186157921267,2008-06-01
28180,0.0610869226065468,2008-06-01
29015,0.0546016376302027,2008-06-01
29736,0.0862395888909785,2008-06-01
61420,0.051552628219895,2008-06-01
64410,0.0664824670982102,2008-06-01
118122,0.0559985718637459,2008-06-01
155394,0.0483758218396081,2008-06-01
160211,0.0772790375534588,2008-06-01
178704,0.0485054062117667,2008-06-01
2184,0.0374374911189079,2008-09-01
5125,0.0374374911189079,2008-09-01
5680,0.0374374911189079,2008-09-01
6829,0.0374374911189079,2008-09-01
9248,0.0374374911189079,2008-09-01
11511,0.0374374911189079,2008-09-01
11672,0.0374374911189079,2008-09-01
12459,0.0444175526499748,2008-09-01
23809,0.0444175526499748,2008-09-01
25119,0.0444175526499748,2008-09-01
28191,0.0374374911189079,2008-09-01
28930,0.0374374911189079,2008-09-01
29736,0.0454086288809776,2008-09-01
31846,0.0374374911189079,2008-09-01
61420,0.0374374911189079,2008-09-01
64410,0.0444175526499748,2008-09-01
118122,0.0634972900152206,2008-09-01
160211,0.0444175526499748,2008-09-01
178704,0.0444175526499748,2008-09-01
11672,0.0456363656996604,2008-12-01
28180,0.0715908385909485,2008-12-01
29015,0.0483336743004165,2008-12-01
29736,0.0642206866442103,2008-12-01
64410,0.0472982639267863,2008-12-01
114524,0.0520424507252091,2008-12-01
118122,0.0490381964556852,2008-12-01
140541,0.0438557240789896,2008-12-01
155394,0.0425776367375407,2008-12-01
165914,0.069614685635615,2008-12-01
178015,0.0432419829688425,2008-12-01
178704,0.0495776290423658,2008-12-01
9248,0.061946231972121,2009-03-01
11672,0.0609762288260213,2009-03-01
28180,0.0759703773863135,2009-03-01
29015,0.0787125438216609,2009-03-01
29736,0.092459533156075,2009-03-01
64410,0.0611888170798241,2009-03-01
64768,0.0572595450963976,2009-03-01
114524,0.0722243677753658,2009-03-01
141459,0.0579988988336769,2009-03-01
165914,0.0877582522573121,2009-03-01
178015,0.0534294574844665,2009-03-01
178704,0.0623737286463811,2009-03-01
28180,0.0491688637194855,2009-06-01
29015,0.0676008030957127,2009-06-01
29736,0.0572331905217662,2009-06-01
64410,0.0780203913301647,2009-06-01
114524,0.0548634054182364,2009-06-01
140541,0.0492573146236092,2009-06-01
141459,0.0613408971306264,2009-06-01
149318,0.0500502826086897,2009-06-01
155394,0.0694612540547697,2009-06-01
161844,0.0450940785707591,2009-06-01
165914,0.0654870706534498,2009-06-01
178704,0.072708511845068,2009-06-01
11511,0.0646779512370837,2009-09-01
13498,0.0440511147426329,2009-09-01
25434,0.0415162464806927,2009-09-01
29015,0.0750902045793832,2009-09-01
29736,0.038622769123032,2009-09-01
114524,0.0527059651953885,2009-09-01
118122,0.1237480032999498,2009-09-01
141459,0.0646818091707699,2009-09-01
155394,0.0546481488281725,2009-09-01
160211,0.0396628079125761,2009-09-01
178015,0.0409162246089759,2009-09-01
178704,0.0604266659797567,2009-09-01
6829,0.0454888989717804,2009-12-01
9248,0.031732819616375,2009-12-01
11672,0.031759934260603,2009-12-01
28180,0.0368121309004789,2009-12-01
29015,0.0316827687580882,2009-12-01
29736,0.0405563453602275,2009-12-01
64891,0.0294926467237531,2009-12-01
114524,0.0528660754603308,2009-12-01
118122,0.0448751154454414,2009-12-01
119314,0.0384205083092985,2009-12-01
155394,0.0496976892314727,2009-12-01
160211,0.053092461289954,2009-12-01
4839,0.0112052746117115,2010-03-01
5073,0.1323573440313339,2010-03-01
6669,0.0112052746117115,2010-03-01
6829,0.0112052746117115,2010-03-01
8823,0.0165598019957542,2010-03-01
11511,0.0112052746117115,2010-03-01
25340,0.0112052746117115,2010-03-01
28180,0.0112052746117115,2010-03-01
28191,0.0112052746117115,2010-03-01
28930,0.025858299806714,2010-03-01
29015,0.0112052746117115,2010-03-01
29736,0.0112052746117115,2010-03-01
64410,0.0112052746117115,2010-03-01
114524,0.0119136748835444,2010-03-01
118122,0.1323573440313339,2010-03-01
155394,0.0112052746117115,2010-03-01
161844,0.0112052746117115,2010-03-01
5073,0.0939965849337924,2010-06-01
8823,0.059424575165242,2010-06-01
11672,0.0627688649389478,2010-06-01
14418,0.0540801936038817,2010-06-01
25434,0.0172035532533345,2010-06-01
28180,0.0347988863068618,2010-06-01
29736,0.0449960696195656,2010-06-01
64410,0.0361907022697199,2010-06-01
155394,0.0291687683687249,2010-06-01
160211,0.051160251889885,2010-06-01
161844,0.0357615196956861,2010-06-01
5073,0.0655357310090315,2010-09-01
6829,0.0500951507424421,2010-09-01
8823,0.0422870613441817,2010-09-01
9248,0.0455888018074846,2010-09-01
11511,0.034555400279872,2010-09-01
11672,0.0459393055221598,2010-09-01
25340,0.0492305433419368,2010-09-01
28180,0.0583305286664723,2010-09-01
29736,0.0607019036382066,2010-09-01
64410,0.0815436823258633,2010-09-01
114524,0.0588008412964362,2010-09-01
155394,0.0803902942309558,2010-09-01
5073,0.0868174790580404,2010-12-01
6829,0.0388974315529273,2010-12-01
9248,0.040907506927865,2010-12-01
11672,0.0372375566589213,2010-12-01
25340,0.0427731875036839,2010-12-01
25434,0.0376354599449739,2010-12-01
28180,0.0597991307798238,2010-12-01
29015,0.0627274006071969,2010-12-01
61420,0.0415855544374427,2010-12-01
114524,0.0591406621336199,2010-12-01
141459,0.0489848206045794,2010-12-01
155394,0.0892352702819077,2010-12-01
2184,0.0483643485729711,2011-03-01
5073,0.0518838035989012,2011-03-01
9248,0.0428789613491497,2011-03-01
11511,0.0667889798823706,2011-03-01
11672,0.0460107310441943,2011-03-01
25119,0.0405649045988827,2011-03-01
28180,0.0559700484654608,2011-03-01
29015,0.0372859535977316,2011-03-01
29736,0.0489974236403569,2011-03-01
114524,0.0382637630084676,2011-03-01
141459,0.0456422663637121,2011-03-01
155394,0.0808560787897711,2011-03-01
2184,0.048680538396992,2011-06-01
5073,0.0635849393862238,2011-06-01
6669,0.0477164661028303,2011-06-01
8823,0.048302148150278,2011-06-01
9248,0.0482446835949345,2011-06-01
25119,0.0416037405643596,2011-06-01
25340,0.0542719431371568,2011-06-01
28180,0.0693895319581427,2011-06-01
64410,0.0561045866551299,2011-06-01
114524,0.0513890711001773,2011-06-01
141459,0.0491779213477931,2011-06-01
155394,0.090885462827998,2011-06-01
2184,0.060115809444035,2011-09-01
5073,0.0571551473693363,2011-09-01
6829,0.0643292830523429,2011-09-01
9248,0.03846800715057,2011-09-01
11672,0.0403742121318886,2011-09-01
14418,0.0428302026306101,2011-09-01
28180,0.0652760926550433,2011-09-01
29736,0.0425357139978384,2011-09-01
64410,0.0605367020342649,2011-09-01
141459,0.0413880266596845,2011-09-01
155394,0.067993553790171,2011-09-01
165914,0.0384811197488892,2011-09-01
2184,0.055402489746711,2011-12-01
5073,0.0702343395183624,2011-12-01
6829,0.0462663064781257,2011-12-01
11672,0.047408512289328,2011-12-01
14418,0.0781222257778138,2011-12-01
25340,0.0475353634035026,2011-12-01
25434,0.0492152978742222,2011-12-01
28180,0.0569097571666598,2011-12-01
64410,0.0638220866388225,2011-12-01
141459,0.045214472025061,2011-12-01
155394,0.0809349734417374,2011-12-01
165914,0.0579239600929363,2011-12-01
5073,0.0801550569679386,2012-03-01
11511,0.0791067160167234,2012-03-01
14418,0.1153773503218783,2012-03-01
28191,0.0677618066892417,2012-03-01
29015,0.0742657539435681,2012-03-01
64410,0.0733414964323023,2012-03-01
114524,0.0632743049219718,2012-03-01
118122,0.0829368879474271,2012-03-01
141459,0.0610246508220493,2012-03-01
155394,0.0629421193011892,2012-03-01
165914,0.0791952273170064,2012-03-01
184996,0.0700518196160894,2012-03-01
2184,0.0779041393070305,2012-06-01
5073,0.0703736699110328,2012-06-01
5518,0.0597099146237293,2012-06-01
11511,0.0582931633118067,2012-06-01
14418,0.0712923313083848,2012-06-01
29015,0.0696207343039067,2012-06-01
31846,0.057179301919347,2012-06-01
64410,0.0926442757804852,2012-06-01
119314,0.0586075238457116,2012-06-01
141459,0.0588828274651832,2012-06-01
155394,0.0630322387728576,2012-06-01
165914,0.0733842019220024,2012-06-01
2184,0.0474256458964094,2012-09-01
5073,0.0755692688740601,2012-09-01
6829,0.0433105220302075,2012-09-01
14418,0.1257094747841124,2012-09-01
25119,0.0461158121256354,2012-09-01
25434,0.0448507458564003,2012-09-01
28191,0.0732262532828721,2012-09-01
29015,0.0625561607632633,2012-09-01
64410,0.0530811419109185,2012-09-01
119314,0.0703036548855272,2012-09-01
149318,0.0501715407723031,2012-09-01
178015,0.0495678715843185,2012-09-01
2184,0.039192721247673,2012-12-01
4839,0.0375708080828189,2012-12-01
5073,0.039192721247673,2012-12-01
5125,0.0332453809678554,2012-12-01
6669,0.0332453809678554,2012-12-01
7154,0.0332453809678554,2012-12-01
9248,0.0359328538179397,2012-12-01
14418,0.0356292203068733,2012-12-01
25340,0.0374324470758438,2012-12-01
28191,0.0482716932892799,2012-12-01
29015,0.0356292203068733,2012-12-01
64891,0.0332453809678554,2012-12-01
65417,0.0332453809678554,2012-12-01
118122,0.0332453809678554,2012-12-01
119314,0.0332453809678554,2012-12-01
140541,0.0332453809678554,2012-12-01
155394,0.0335626415908336,2012-12-01
2184,0.0344090424478054,2013-03-01
5125,0.0289994627237319,2013-03-01
5518,0.0289994627237319,2013-03-01
5680,0.0289994627237319,2013-03-01
6669,0.0289994627237319,2013-03-01
6829,0.0289994627237319,2013-03-01
7154,0.0289994627237319,2013-03-01
7906,0.0289994627237319,2013-03-01
9248,0.0366742350161075,2013-03-01
25340,0.0331072583794593,2013-03-01
25434,0.0289994627237319,2013-03-01
29015,0.0331072583794593,2013-03-01
61420,0.0289994627237319,2013-03-01
64891,0.0289994627237319,2013-03-01
65417,0.0289994627237319,2013-03-01
114524,0.0289994627237319,2013-03-01
118122,0.0289994627237319,2013-03-01
119314,0.0289994627237319,2013-03-01
140541,0.0289994627237319,2013-03-01
149318,0.0289994627237319,2013-03-01
161844,0.0289994627237319,2013-03-01
178704,0.0289994627237319,2013-03-01
184996,0.0428747460246086,2013-03-01
2184,0.0385993681848049,2013-06-01
4839,0.0309905726462602,2013-06-01
5518,0.0333343483507633,2013-06-01
8823,0.0309905726462602,2013-06-01
14418,0.0350271910429,2013-06-01
25340,0.0347705744206905,2013-06-01
28180,0.0309905726462602,2013-06-01
28191,0.0369550436735153,2013-06-01
29015,0.0378560461103916,2013-06-01
155394,0.0309905726462602,2013-06-01
165914,0.0810507982969284,2013-06-01
184996,0.0318619944155216,2013-06-01
2184,0.0586402951768094,2013-09-01
9248,0.0520291228156908,2013-09-01
11672,0.0527090552042978,2013-09-01
25340,0.0497609730094605,2013-09-01
61420,0.0461526858788041,2013-09-01
64410,0.0655408110098485,2013-09-01
119314,0.0462952003940011,2013-09-01
140541,0.0556899859246937,2013-09-01
141459,0.0555579797146226,2013-09-01
165914,0.0694506817233394,2013-09-01
178704,0.0463290760891443,2013-09-01
184996,0.0648773036747312,2013-09-01
2184,0.0447817176802221,2013-12-01
4839,0.0801715018108004,2013-12-01
5518,0.0464757059427171,2013-12-01
5680,0.0491196965719113,2013-12-01
8823,0.0686547763236322,2013-12-01
12459,0.0426524253748973,2013-12-01
14418,0.0535514211580539,2013-12-01
25340,0.0669434675732708,2013-12-01
28191,0.0637817717867129,2013-12-01
29015,0.0493360766307648,2013-12-01
119314,0.0439769080648983,2013-12-01
165914,0.0853248339579076,2013-12-01
2184,0.0983681792173366,2014-03-01
5073,0.0637218264822738,2014-03-01
8823,0.0593907497048153,2014-03-01
11511,0.0533797758260733,2014-03-01
11672,0.059038239522948,2014-03-01
25340,0.0532694862877293,2014-03-01
29015,0.0823892047137507,2014-03-01
64410,0.0539111074908803,2014-03-01
141459,0.0521756116260248,2014-03-01
165914,0.0519678309674347,2014-03-01
178015,0.0541161427565489,2014-03-01
178704,0.0584858738580562,2014-03-01
2184,0.0836340599530836,2014-06-01
4839,0.0463423245036238,2014-06-01
9248,0.0492906718340015,2014-06-01
11672,0.041095292188348,2014-06-01
14418,0.0644376005987884,2014-06-01
25340,0.0627947168525219,2014-06-01
64410,0.0709642137778336,2014-06-01
114524,0.0457476070998676,2014-06-01
140541,0.0421975475209359,2014-06-01
155394,0.0542076224917523,2014-06-01
165914,0.0498179302344386,2014-06-01
178704,0.0413021129076539,2014-06-01
2184,0.0614164596943716,2014-09-01
9248,0.0596461790732377,2014-09-01
11672,0.0601309303833539,2014-09-01
14418,0.0697027830748185,2014-09-01
25340,0.0532346537472277,2014-09-01
25434,0.0604393099976784,2014-09-01
29736,0.0587716433877917,2014-09-01
64410,0.0556584305527549,2014-09-01
104432,0.0599842792432477,2014-09-01
155394,0.0589448333863143,2014-09-01
165914,0.0568736922321031,2014-09-01
184996,0.0545023616248719,2014-09-01
4839,0.0355809442698955,2014-12-01
5125,0.0324380882084369,2014-12-01
8823,0.0355809442698955,2014-12-01
11672,0.0324380882084369,2014-12-01
12459,0.0324380882084369,2014-12-01
25340,0.0355809442698955,2014-12-01
28180,0.0355809442698955,2014-12-01
28191,0.0386751592159271,2014-12-01
29015,0.0349522903561592,2014-12-01
29736,0.0350889898836612,2014-12-01
31846,0.0324380882084369,2014-12-01
61420,0.0324380882084369,2014-12-01
64891,0.0324380882084369,2014-12-01
104432,0.0386751592159271,2014-12-01
114524,0.0389149859547615,2014-12-01
118122,0.0324380882084369,2014-12-01
119314,0.0324380882084369,2014-12-01
161844,0.0325025543570518,2014-12-01
165914,0.0351534560322761,2014-12-01
2184,0.0753109256666114,2015-03-01
5073,0.0707741465087617,2015-03-01
5518,0.0627340794502385,2015-03-01
8823,0.0620560869730243,2015-03-01
11511,0.0617076180450582,2015-03-01
11672,0.0639510790241525,2015-03-01
29015,0.0757897721655012,2015-03-01
31846,0.057443774381447,2015-03-01
64768,0.0605971814450879,2015-03-01
140541,0.0602562793540141,2015-03-01
161844,0.0590744046368983,2015-03-01
165914,0.0570420163897526,2015-03-01
2184,0.0458812623313744,2015-06-01
5073,0.0532177328728843,2015-06-01
14418,0.1031714816179515,2015-06-01
25340,0.0438891085215122,2015-06-01
29015,0.0565327590625575,2015-06-01
31846,0.0466287802871626,2015-06-01
64410,0.0441340948661643,2015-06-01
64891,0.045706654116573,2015-06-01
119314,0.0461663376364437,2015-06-01
140541,0.0486574321541142,2015-06-01
155394,0.0591915788405474,2015-06-01
165914,0.0668332567851581,2015-06-01
2184,0.0333247855305671,2015-09-01
4839,0.0363318100571632,2015-09-01
5073,0.0333247855305671,2015-09-01
5125,0.0333247855305671,2015-09-01
5680,0.0333247855305671,2015-09-01
6669,0.0333247855305671,2015-09-01
6829,0.0333247855305671,2015-09-01
8823,0.0363318100571632,2015-09-01
12459,0.0333247855305671,2015-09-01
13498,0.0333247855305671,2015-09-01
14418,0.0363318100571632,2015-09-01
25340,0.0333247855305671,2015-09-01
28180,0.0363318100571632,2015-09-01
29015,0.0412075109779834,2015-09-01
29736,0.0363318100571632,2015-09-01
61420,0.0333247855305671,2015-09-01
64410,0.0333247855305671,2015-09-01
64768,0.0412075109779834,2015-09-01
118122,0.0333247855305671,2015-09-01
126296,0.0333247855305671,2015-09-01
141459,0.0333247855305671,2015-09-01
165914,0.0376938804984092,2015-09-01
5518,0.0435585112625049,2015-12-01
8823,0.0554806981573203,2015-12-01
12459,0.040973758654824,2015-12-01
14418,0.0650158214737025,2015-12-01
25340,0.0634639728541259,2015-12-01
29015,0.0858997012893819,2015-12-01
64891,0.0404075019268762,2015-12-01
104432,0.0710667403889272,2015-12-01
140541,0.0485895510160688,2015-12-01
141459,0.0412502543154338,2015-12-01
160211,0.0454750982861431,2015-12-01
165914,0.078516766478232,2015-12-01
2184,0.0606070513735812,2016-03-01
8823,0.0732070107113203,2016-03-01
11511,0.0756458610878883,2016-03-01
12459,0.0532679468485139,2016-03-01
14418,0.1238312361080422,2016-03-01
23809,0.0496675014357115,2016-03-01
28180,0.0580092885665073,2016-03-01
29015,0.1344174191954502,2016-03-01
114524,0.0953792810763592,2016-03-01
140541,0.0670693571249737,2016-03-01
165914,0.0525586996086236,2016-03-01
178015,0.0565756904422791,2016-03-01
6669,0.0468273129571094,2016-06-01
8823,0.064017355880678,2016-06-01
14418,0.1116291092830573,2016-06-01
23809,0.0494575549536352,2016-06-01
28930,0.050902048007938,2016-06-01
29015,0.0488435363997492,2016-06-01
31846,0.0504151533173714,2016-06-01
64410,0.048430401021075,2016-06-01
114524,0.1391273278655284,2016-06-01
140541,0.0636219425702683,2016-06-01
149318,0.048540340150118,2016-06-01
160211,0.062605103674127,2016-06-01
13498,0.0568925073881177,2016-09-01
14418,0.0576826427954369,2016-09-01
23809,0.0532451984165183,2016-09-01
25340,0.0623389735840719,2016-09-01
28930,0.0512785100104542,2016-09-01
29015,0.0906684379481724,2016-09-01
29736,0.0491325572668005,2016-09-01
65417,0.0602943964314013,2016-09-01
114524,0.1068916732068557,2016-09-01
140541,0.0558597683031678,2016-09-01
160211,0.0642920173927745,2016-09-01
165914,0.0681236280055904,2016-09-01
2184,0.0572798210255281,2016-12-01
6669,0.0502218650254359,2016-12-01
7154,0.0514638655353085,2016-12-01
8823,0.0573489426683632,2016-12-01
11511,0.0746854292706923,2016-12-01
12459,0.0469000101367786,2016-12-01
14418,0.0878296887656078,2016-12-01
25340,0.0698349088625394,2016-12-01
29015,0.0762423477811481,2016-12-01
104432,0.055810365510676,2016-12-01
126296,0.0869015253743488,2016-12-01
165914,0.0939428920742119,2016-12-01
2184,0.0597031594767124,2017-03-01
8823,0.0658368209209952,2017-03-01
11511,0.0697041515949685,2017-03-01
11672,0.0528784330851642,2017-03-01
12459,0.0527493602877904,2017-03-01
25340,0.052625530776284,2017-03-01
29015,0.0751836313190081,2017-03-01
29736,0.0588494363471126,2017-03-01
31846,0.0516650149860875,2017-03-01
140541,0.0568586358185554,2017-03-01
165914,0.0610480385079492,2017-03-01
178015,0.0569605050405041,2017-03-01
4839,0.0561154526277935,2017-06-01
9248,0.0442443863810959,2017-06-01
11672,0.0417028462481051,2017-06-01
12459,0.0462218932078219,2017-06-01
14418,0.0410591025842038,2017-06-01
25340,0.0513006721547507,2017-06-01
29015,0.0687807755833566,2017-06-01
29736,0.0427898538667294,2017-06-01
64891,0.0402631660419706,2017-06-01
140541,0.0424179477237318,2017-06-01
155394,0.0543304611880796,2017-06-01
165914,0.0574895194684845,2017-06-01
4839,0.0314993672072887,2017-09-01
5073,0.0304775666445493,2017-09-01
5125,0.0304775666445493,2017-09-01
5680,0.0304775666445493,2017-09-01
6669,0.0304775666445493,2017-09-01
6829,0.0304775666445493,2017-09-01
7154,0.0329843126237392,2017-09-01
8823,0.0306016355752944,2017-09-01
9248,0.0304775666445493,2017-09-01
11511,0.0306016355752944,2017-09-01
12459,0.0304775666445493,2017-09-01
13498,0.0304775666445493,2017-09-01
23809,0.0306742526590824,2017-09-01
25119,0.0304775666445493,2017-09-01
25340,0.0304775666445493,2017-09-01
28180,0.0314993672072887,2017-09-01
28191,0.0304775666445493,2017-09-01
29015,0.0314993672072887,2017-09-01
29736,0.0383472070097923,2017-09-01
61420,0.0304775666445493,2017-09-01
64410,0.0304775666445493,2017-09-01
64891,0.0356741845607757,2017-09-01
104432,0.0304775666445493,2017-09-01
141459,0.0304775666445493,2017-09-01
155394,0.0304775666445493,2017-09-01
160211,0.0423365943133831,2017-09-01
165914,0.0374494642019271,2017-09-01
4839,0.0564862533898538,2017-12-01
5518,0.04296336286911,2017-12-01
11511,0.0563682488822505,2017-12-01
11672,0.0589511779862278,2017-12-01
12459,0.0469421528602376,2017-12-01
25340,0.0471467795014804,2017-12-01
28180,0.0425518356340311,2017-12-01
29015,0.0718561842432489,2017-12-01
29736,0.0516930242417215,2017-12-01
64891,0.0711855579957152,2017-12-01
104432,0.0558165057404885,2017-12-01
165914,0.0802986134330423,2017-12-01
5518,0.0467197157617045,2018-03-01
5680,0.0468263259044445,2018-03-01
11511,0.0547051188341135,2018-03-01
11672,0.0411177123445718,2018-03-01
14418,0.0651558663422964,2018-03-01
29015,0.0839920978740755,2018-03-01
31846,0.043729364473859,2018-03-01
64891,0.1023964829433912,2018-03-01
149318,0.0683949932576293,2018-03-01
165914,0.093445826340597,2018-03-01
178015,0.0618671011933183,2018-03-01
178704,0.0428361299148025,2018-03-01
5680,0.0399456272176789,2018-06-01
7154,0.0369509197137625,2018-06-01
11511,0.0442930711025167,2018-06-01
12459,0.0473634806857256,2018-06-01
25340,0.0522546684152189,2018-06-01
28180,0.0515519837850331,2018-06-01
29015,0.0813122709948832,2018-06-01
31846,0.0458187146139691,2018-06-01
64410,0.0447275918983159,2018-06-01
65417,0.0375374948548528,2018-06-01
160211,0.046530382397154,2018-06-01
165914,0.0895460684279411,2018-06-01
5518,0.0474197052245294,2018-09-01
5680,0.0453623151408606,2018-09-01
6669,0.0492250014571114,2018-09-01
7154,0.0464339667802937,2018-09-01
13498,0.047475694420926,2018-09-01
23809,0.0455773315984218,2018-09-01
25340,0.0656657512274425,2018-09-01
29015,0.0629268239830187,2018-09-01
29736,0.0712918787871294,2018-09-01
114524,0.0814739312485787,2018-09-01
126296,0.05844922881023,2018-09-01
149318,0.051802917604977,2018-09-01
2184,0.034384336322546,2018-12-01
4839,0.0705214664340019,2018-12-01
5073,0.0344086065888404,2018-12-01
5125,0.034384336322546,2018-12-01
5518,0.0344086065888404,2018-12-01
5680,0.034384336322546,2018-12-01
6669,0.034384336322546,2018-12-01
7154,0.0392374992370605,2018-12-01
8823,0.034384336322546,2018-12-01
11511,0.034384336322546,2018-12-01
12459,0.034384336322546,2018-12-01
23809,0.0392374992370605,2018-12-01
25119,0.034384336322546,2018-12-01
25340,0.034384336322546,2018-12-01
28191,0.034384336322546,2018-12-01
29015,0.034384336322546,2018-12-01
64410,0.034384336322546,2018-12-01
64891,0.036227636039257,2018-12-01
65417,0.0392374992370605,2018-12-01
104432,0.034384336322546,2018-12-01
114524,0.0344086065888404,2018-12-01
126296,0.0344086065888404,2018-12-01
160211,0.043469101190567,2018-12-01
165914,0.0366001836955547,2018-12-01
4839,0.0863557830452919,2019-03-01
5680,0.0398310720920562,2019-03-01
7154,0.0398310720920562,2019-03-01
8823,0.0380095392465591,2019-03-01
11511,0.0380095392465591,2019-03-01
14418,0.0380095392465591,2019-03-01
25434,0.0398310720920562,2019-03-01
29015,0.0380095392465591,2019-03-01
65417,0.0398310720920562,2019-03-01
114524,0.0380095392465591,2019-03-01
160211,0.0398310720920562,2019-03-01
165914,0.0384387858211994,2019-03-01
4839,0.076610267162323,2019-06-01
5680,0.0471624471247196,2019-06-01
6669,0.0403869412839412,2019-06-01
7154,0.0471624471247196,2019-06-01
12459,0.0403869412839412,2019-06-01
25340,0.0403869412839412,2019-06-01
25434,0.0471624471247196,2019-06-01
31846,0.0403869412839412,2019-06-01
64410,0.0403869412839412,2019-06-01
65417,0.0471624471247196,2019-06-01
114524,0.0403869412839412,2019-06-01
160211,0.0471624471247196,2019-06-01
6669,0.0925216165086234,2019-09-01
8823,0.0433345514314147,2019-09-01
12459,0.05624493679052,2019-09-01
13498,0.0590884069258455,2019-09-01
14418,0.1058875680540562,2019-09-01
25119,0.0486663927721875,2019-09-01
25340,0.1009909852235465,2019-09-01
28191,0.0547322091827364,2019-09-01
29736,0.0613611461705771,2019-09-01
64410,0.0619258046974664,2019-09-01
104432,0.0520679523765217,2019-09-01
140541,0.0614254882851518,2019-09-01
2184,0.0549933757646628,2019-12-01
4839,0.0435195843354193,2019-12-01
8823,0.0470925347714288,2019-12-01
11511,0.0700673649597537,2019-12-01
12459,0.05739147348912,2019-12-01
13498,0.0492230928614038,2019-12-01
25340,0.0616260947881247,2019-12-01
28191,0.0535022901877354,2019-12-01
29015,0.0516451026524365,2019-12-01
29736,0.0530277688802879,2019-12-01
104432,0.0562088813973141,2019-12-01
184996,0.0674561159777844,2019-12-01
4839,0.0619315484466322,2020-03-01
5680,0.0495648324752936,2020-03-01
8823,0.0582266882535456,2020-03-01
11672,0.0507727182640551,2020-03-01
14418,0.0536017010128099,2020-03-01
23809,0.0614440460724959,2020-03-01
25340,0.0557919582688403,2020-03-01
29015,0.0524389017045958,2020-03-01
65417,0.0540250322638855,2020-03-01
140541,0.0498826675276487,2020-03-01
160211,0.0539830613598528,2020-03-01
178704,0.0503412075045059,2020-03-01
4839,0.1118046327948262,2020-06-01
8823,0.0685473281650017,2020-06-01
12459,0.0587052200214628,2020-06-01
14418,0.1069326547928315,2020-06-01
25119,0.0680295180281324,2020-06-01
25340,0.0703996103258113,2020-06-01
64891,0.0620763963641675,2020-06-01
104432,0.0999882595798804,2020-06-01
140541,0.0874849260992227,2020-06-01
155394,0.0865875174042673,2020-06-01
165914,0.056344714787759,2020-06-01
178704,0.0583861756383405,2020-06-01
4839,0.1053132014678635,2020-09-01
5073,0.0676391431535786,2020-09-01
5680,0.0665759105460938,2020-09-01
8823,0.0728808954431864,2020-09-01
11511,0.0682152286671597,2020-09-01
13498,0.0707950143598897,2020-09-01
14418,0.0701428678541071,2020-09-01
23809,0.0696175028884746,2020-09-01
25340,0.0655855572896698,2020-09-01
104432,0.0636012003273797,2020-09-01
140541,0.0775400839454296,2020-09-01
155394,0.064063898417145,2020-09-01
2184,0.0689382348464523,2020-12-01
4839,0.1756730270346007,2020-12-01
5680,0.0519850719022605,2020-12-01
8823,0.0520189695791365,2020-12-01
11511,0.0641271310526739,2020-12-01
12459,0.0486399533873844,2020-12-01
23809,0.0482783017643229,2020-12-01
25340,0.0529762248617886,2020-12-01
28191,0.0560128966209942,2020-12-01
31846,0.0497325378974223,2020-12-01
155394,0.0581692895433072,2020-12-01
184996,0.0747933567378494,2020-12-01
5680,0.0646228251783036,2021-03-01
6829,0.0569226793322407,2021-03-01
8823,0.0510880363395433,2021-03-01
11511,0.0583077973571626,2021-03-01
12459,0.0507204405297784,2021-03-01
14418,0.0523352028686093,2021-03-01
28180,0.0650691571167046,2021-03-01
29015,0.0520859607665301,2021-03-01
31846,0.0507515903106208,2021-03-01
64891,0.0662014443388583,2021-03-01
140541,0.0661022787327104,2021-03-01
178704,0.0515179278998201,2021-03-01
184996,0.0753220541309274,2021-03-01
2184,0.0293462272118103,2021-06-01
4839,0.0407939198595248,2021-06-01
5643,0.0275745823230163,2021-06-01
11511,0.0297151426270191,2021-06-01
12459,0.0285063507694806,2021-06-01
14418,0.0326231177394689,2021-06-01
28180,0.0494171420284892,2021-06-01
37420,0.0334732598300525,2021-06-01
64410,0.0283743041735848,2021-06-01
104432,0.0354255554316934,2021-06-01
114524,0.0256121487762742,2021-06-01
149318,0.039713817484208,2021-06-01
161844,0.0318026210676123,2021-06-01
4839,0.0432564750239333,2021-09-01
6829,0.0440970796478568,2021-09-01
13498,0.05102860942567,2021-09-01
14418,0.0452220692151621,2021-09-01
23809,0.0551990360099625,2021-09-01
28180,0.0419355797595932,2021-09-01
37420,0.0468700372022189,2021-09-01
37460,0.0466238412338085,2021-09-01
104432,0.0491083101610623,2021-09-01
140541,0.0509363881104729,2021-09-01
155394,0.0394978222570093,2021-09-01
161844,0.050396262389658,2021-09-01
165914,0.0399179482383681,2021-09-01
4839,0.0629715581154885,2021-12-01
8823,0.0562693230086975,2021-12-01
13498,0.0599625921757716,2021-12-01
14418,0.0497064350726751,2021-12-01
23809,0.0515736675031132,2021-12-01
25340,0.0523207540182415,2021-12-01
28180,0.0542005554294955,2021-12-01
37420,0.0490986565175426,2021-12-01
37460,0.0461622754702302,2021-12-01
104432,0.0581018958302637,2021-12-01
140541,0.0460561101384022,2021-12-01
149318,0.0522033346399499,2021-12-01
161844,0.0536614659268067,2021-12-01
2184,0.0371106564998626,2022-03-01
6669,0.0371106564998626,2022-03-01
8823,0.0371106564998626,2022-03-01
11511,0.0371106564998626,2022-03-01
12459,0.0351658537983894,2022-03-01
13498,0.0390865616500377,2022-03-01
25119,0.0371106564998626,2022-03-01
25340,0.0351658537983894,2022-03-01
28191,0.0356746613979339,2022-03-01
29015,0.0351658537983894,2022-03-01
31846,0.0351658537983894,2022-03-01
37460,0.0752587839961052,2022-03-01
104432,0.035525519400835,2022-03-01
114524,0.0351658537983894,2022-03-01
126296,0.0365208610892295,2022-03-01
140541,0.0351658537983894,2022-03-01
149318,0.0551882572472095,2022-03-01
155394,0.0351658537983894,2022-03-01
161844,0.0360937863588333,2022-03-01
178704,0.0351658537983894,2022-03-01
2184,0.0397378802299499,2022-06-01
4839,0.0397378802299499,2022-06-01
6669,0.0397378802299499,2022-06-01
6829,0.0351885147392749,2022-06-01
8823,0.0397378802299499,2022-06-01
11511,0.0371865108609199,2022-06-01
12459,0.0351885147392749,2022-06-01
13498,0.0426101647317409,2022-06-01
25119,0.0397378802299499,2022-06-01
25340,0.0397378802299499,2022-06-01
31846,0.0351885147392749,2022-06-01
37460,0.0351885147392749,2022-06-01
64768,0.0351885147392749,2022-06-01
104432,0.0529393628239631,2022-06-01
114524,0.0351885147392749,2022-06-01
118122,0.0366259440779686,2022-06-01
119314,0.0351885147392749,2022-06-01
149318,0.0535062588751316,2022-06-01
155394,0.0397378802299499,2022-06-01
178704,0.0351885147392749,2022-06-01
2184,0.0394442752003669,2022-09-01
6669,0.0394442752003669,2022-09-01
6829,0.0391911678016185,2022-09-01
8823,0.0394442752003669,2022-09-01
11511,0.0394442752003669,2022-09-01
13498,0.0497094951570034,2022-09-01
25119,0.0404547937214374,2022-09-01
25340,0.0394442752003669,2022-09-01
28191,0.0497094951570034,2022-09-01
104432,0.0393933020532131,2022-09-01
114524,0.0435411483049392,2022-09-01
140541,0.0394442752003669,2022-09-01
149318,0.0497094951570034,2022-09-01
2184,0.0392045006155967,2022-12-01
5073,0.0479194447398185,2022-12-01
6669,0.0392045006155967,2022-12-01
8823,0.0392045006155967,2022-12-01
11511,0.0392045006155967,2022-12-01
12459,0.0384119749069213,2022-12-01
13498,0.0486192852258682,2022-12-01
14418,0.0373427532613277,2022-12-01
25340,0.0392045006155967,2022-12-01
104432,0.0486192852258682,2022-12-01
119314,0.0470418967306613,2022-12-01
140541,0.0373427532613277,2022-12-01
155394,0.0392045006155967,2022-12-01
165914,0.0373427532613277,2022-12-01
11511,0.0367788756379129,2023-03-01
12459,0.0354252254851093,2023-03-01
13498,0.0442602572599088,2023-03-01
25340,0.0344575505751994,2023-03-01
29015,0.0362032683797053,2023-03-01
29736,0.0346942672608182,2023-03-01
37420,0.0379200661202968,2023-03-01
64768,0.0508152324025216,2023-03-01
104432,0.0442602572599088,2023-03-01
114524,0.0379413663089895,2023-03-01
118122,0.0353034272825021,2023-03-01
140541,0.0341467970583282,2023-03-01
149318,0.0376035539947465,2023-03-01
2184,0.0255395304411649,2023-06-01
4839,0.0287953875958919,2023-06-01
5073,0.0255395304411649,2023-06-01
5518,0.0273149870336055,2023-06-01
8823,0.0255395304411649,2023-06-01
9248,0.0267448890954256,2023-06-01
11511,0.0255395304411649,2023-06-01
13498,0.0287953875958919,2023-06-01
14418,0.0255395304411649,2023-06-01
28191,0.0273149870336055,2023-06-01
37420,0.0273149870336055,2023-06-01
64410,0.0273149870336055,2023-06-01
104432,0.028097903355956,2023-06-01
114524,0.0273149870336055,2023-06-01
140541,0.0255395304411649,2023-06-01
141459,0.0267448890954256,2023-06-01
155394,0.0255395304411649,2023-06-01
161844,0.0266173034906387,2023-06-01
2184,0.022207960486412,2023-09-01
4839,0.0223024655133485,2023-09-01
5073,0.022207960486412,2023-09-01
5518,0.022207960486412,2023-09-01
8823,0.022207960486412,2023-09-01
11511,0.022207960486412,2023-09-01
11672,0.022207960486412,2023-09-01
13498,0.0223024655133485,2023-09-01
14418,0.022207960486412,2023-09-01
29015,0.022207960486412,2023-09-01
29736,0.022207960486412,2023-09-01
37420,0.022207960486412,2023-09-01
64410,0.022207960486412,2023-09-01
104432,0.0300181396305561,2023-09-01
114524,0.022207960486412,2023-09-01
140541,0.022207960486412,2023-09-01
155394,0.022207960486412,2023-09-01
161844,0.022207960486412,2023-09-01
165914,0.022207960486412,2023-09-01
2184,0.0200775060802698,2023-12-01
4839,0.0200775060802698,2023-12-01
5073,0.023784652352333,2023-12-01
5518,0.0200775060802698,2023-12-01
8823,0.0200775060802698,2023-12-01
11511,0.0200775060802698,2023-12-01
11672,0.0200775060802698,2023-12-01
13498,0.0200775060802698,2023-12-01
14418,0.0200775060802698,2023-12-01
25119,0.023784652352333,2023-12-01
25434,0.023784652352333,2023-12-01
28180,0.023784652352333,2023-12-01
28191,0.0200775060802698,2023-12-01
29015,0.0200775060802698,2023-12-01
29736,0.0200775060802698,2023-12-01
37420,0.0226166415959596,2023-12-01
64410,0.0200775060802698,2023-12-01
104432,0.0200775060802698,2023-12-01
114524,0.0200775060802698,2023-12-01
140541,0.0200775060802698,2023-12-01
149318,0.023784652352333,2023-12-01
155394,0.0200775060802698,2023-12-01
161844,0.0200775060802698,2023-12-01
2184,0.0239907201762511,2024-03-01
5073,0.0240708554122228,2024-03-01
5518,0.0347326299999097,2024-03-01
6829,0.0219225181609947,2024-03-01
9248,0.0219225181609947,2024-03-01
11511,0.0219225181609947,2024-03-01
11672,0.0236782278832331,2024-03-01
14418,0.0232260031178039,2024-03-01
25434,0.0219225181609947,2024-03-01
28180,0.0278079953574098,2024-03-01
29015,0.0219225181609947,2024-03-01
29736,0.0229822948010508,2024-03-01
37460,0.0221490469096246,2024-03-01
65417,0.0221490469096246,2024-03-01
114524,0.0236782278832331,2024-03-01
160211,0.0221490469096246,2024-03-01
161844,0.0223791307421861,2024-03-01
178015,0.0219225181609947,2024-03-01
178704,0.0219225181609947,2024-03-01
2184,0.0205400567501783,2024-06-01
4839,0.0205400567501783,2024-06-01
5073,0.0269275456666946,2024-06-01
5518,0.0205400567501783,2024-06-01
7906,0.0205400567501783,2024-06-01
11672,0.0205400567501783,2024-06-01
13498,0.0205400567501783,2024-06-01
14418,0.0205400567501783,2024-06-01
25434,0.0269275456666946,2024-06-01
28180,0.0269275456666946,2024-06-01
29736,0.0205400567501783,2024-06-01
64410,0.0205400567501783,2024-06-01
104432,0.0205400567501783,2024-06-01
114524,0.0205400567501783,2024-06-01
118122,0.0205400567501783,2024-06-01
140541,0.0205400567501783,2024-06-01
155394,0.0205400567501783,2024-06-01
161844,0.0205400567501783,2024-06-01
165914,0.0205400567501783,2024-06-01
2184,0.0218138247728347,2024-09-01
5073,0.0319632552564144,2024-09-01
7906,0.0212506093084812,2024-09-01
13498,0.0218138247728347,2024-09-01
14418,0.0219776965677738,2024-09-01
25434,0.0222791545093059,2024-09-01
28180,0.0222791545093059,2024-09-01
64410,0.0212506093084812,2024-09-01
104432,0.0225409120321273,2024-09-01
114524,0.0212506093084812,2024-09-01
140541,0.0218138247728347,2024-09-01
149318,0.028500122949481,2024-09-01
155394,0.0218138247728347,2024-09-01
161844,0.0212506093084812,2024-09-01
165914,0.0212506093084812,2024-09-01
5518,0.0296767704752798,2024-12-01
5680,0.0166915869514896,2024-12-01
6669,0.0166915869514896,2024-12-01
6829,0.016934900502727,2024-12-01
7154,0.0166915869514896,2024-12-01
8823,0.016934900502727,2024-12-01
9248,0.0166915869514896,2024-12-01
11511,0.0166915869514896,2024-12-01
11672,0.0166915869514896,2024-12-01
12459,0.0166915869514896,2024-12-01
14418,0.0294596137662376,2024-12-01
23809,0.0166915869514896,2024-12-01
25340,0.0166915869514896,2024-12-01
28930,0.0166915869514896,2024-12-01
29015,0.0166915869514896,2024-12-01
61420,0.0166915869514896,2024-12-01
64410,0.0197469405277922,2024-12-01
64891,0.0166915869514896,2024-12-01
65417,0.0166915869514896,2024-12-01
104432,0.0294596137662376,2024-12-01
114524,0.0189414370018975,2024-12-01
118122,0.017821533460784,2024-12-01
140541,0.0169405685334794,2024-12-01
141459,0.0166915869514896,2024-12-01
149318,0.0294596137662376,2024-12-01
155394,0.0195626583501516,2024-12-01
160211,0.0166915869514896,2024-12-01
165914,0.0207557859154374,2024-12-01
178015,0.0166915869514896,2024-12-01
178704,0.0166915869514896,2024-12-01
11511,0.0193653832915471,2025-03-01
13498,0.0188938802131156,2025-03-01
14418,0.0209764221800064,2025-03-01
64410,0.0213957463697853,2025-03-01
65417,0.0187164317810365,2025-03-01
104432,0.0258246708804053,2025-03-01
114524,0.0193275706265887,2025-03-01
118122,0.0200517052294965,2025-03-01
140541,0.0188530885529783,2025-03-01
149318,0.0257658703648218,2025-03-01
155394,0.0221323235037262,2025-03-01
178015,0.0193653832915471,2025-03-01
178704,0.0193653832915471,2025-03-01
2184,0.0243360090468224,2025-06-01
14418,0.0448551293278997,2025-06-01
25340,0.0251427007710419,2025-06-01
29015,0.0277170255420266,2025-06-01
37420,0.0259855108796973,2025-06-01
64410,0.0305773065629438,2025-06-01
104432,0.0451778465460576,2025-06-01
114524,0.0250641120268753,2025-06-01
118122,0.0332898685655494,2025-06-01
149318,0.0429740184863131,2025-06-01
155394,0.0283697460974064,2025-06-01
161844,0.0241484912428143,2025-06-01
184996,0.0641737628861498,2025-06-01
13498,0.0282251859374504,2025-09-01
14418,0.0467058399334512,2025-09-01
25340,0.0250782777580695,2025-09-01
29015,0.0326546459426072,2025-09-01
37420,0.0274533646044359,2025-09-01
64410,0.0442317439277079,2025-09-01
104432,0.0279982458174691,2025-09-01
114524,0.0263987126113935,2025-09-01
140541,0.0330095070795197,2025-09-01
155394,0.024977771319715,2025-09-01
161844,0.0288083942795327,2025-09-01
165914,0.0239874982764142,2025-09-01
178015,0.0321600849818728,2025-09-01
3026,0.0590681361162851,2001-03-01
3362,0.0534571974711236,2001-03-01
6502,0.0928131399515458,2001-03-01
10793,0.0730688627396998,2001-03-01
11259,0.06965789097722,2001-03-01
29028,0.0550580478318118,2001-03-01
31587,0.0697435488284589,2001-03-01
61567,0.0548927565844793,2001-03-01
1722,0.0690531269414814,2001-06-01
3362,0.0576860274987775,2001-06-01
6502,0.0938224853022682,2001-06-01
7146,0.0385671596569182,2001-06-01
8762,0.0459649276513171,2001-06-01
10793,0.0948850924210912,2001-06-01
11259,0.0561970194212022,2001-06-01
24316,0.0579840742892626,2001-06-01
1722,0.046815393587386,2001-09-01
3505,0.0539761480192776,2001-09-01
6502,0.0653997474793308,2001-09-01
8762,0.0542401306830866,2001-09-01
10793,0.0523047104761066,2001-09-01
11259,0.0570928410631827,2001-09-01
24316,0.1103236987922461,2001-09-01
29028,0.0680821208522171,2001-09-01
31587,0.0589370461084576,2001-09-01
1722,0.071446760308881,2001-12-01
2435,0.0646872988275528,2001-12-01
2710,0.0608124092718975,2001-12-01
3505,0.0631277737958334,2001-12-01
7146,0.0550770031317873,2001-12-01
10793,0.0802123271666408,2001-12-01
24316,0.1045463898532883,2001-12-01
61567,0.0528235477392105,2001-12-01
144435,0.0969504503280543,2001-12-01
1722,0.0615926350428956,2002-03-01
4016,0.0674956483196459,2002-03-01
6502,0.0950200144761369,2002-03-01
7146,0.0598965918245207,2002-03-01
10247,0.0564936408909114,2002-03-01
10793,0.0943139768444413,2002-03-01
11259,0.0683894227258605,2002-03-01
31587,0.0657717624662597,2002-03-01
144435,0.0948631173370209,2002-03-01
3026,0.0520562801994397,2002-06-01
4016,0.1025332472821692,2002-06-01
5597,0.0483304285273575,2002-06-01
6502,0.1228313842159062,2002-06-01
7146,0.0672954927677814,2002-06-01
10793,0.0786735698013574,2002-06-01
11259,0.0800241097014219,2002-06-01
31587,0.0500214994566988,2002-06-01
144435,0.1341228717691884,2002-06-01
1722,0.0802666023373603,2002-09-01
6502,0.0504667311906814,2002-09-01
10247,0.0489231124520301,2002-09-01
10793,0.0827339068055152,2002-09-01
11259,0.0489231124520301,2002-09-01
24316,0.0616636574268341,2002-09-01
29028,0.0497233159840106,2002-09-01
61567,0.0601292215287685,2002-09-01
142953,0.0516887009143829,2002-09-01
144435,0.0827339068055152,2002-09-01
1722,0.0765456895199391,2002-12-01
3505,0.0628485207420425,2002-12-01
6502,0.0951662915761648,2002-12-01
7146,0.0663863288695058,2002-12-01
10793,0.0802317464609844,2002-12-01
24316,0.0853274696081825,2002-12-01
28877,0.0529203989471037,2002-12-01
29028,0.0615961536685583,2002-12-01
144435,0.09474784939379,2002-12-01
1722,0.0469232089817523,2003-03-01
3121,0.0504336878657341,2003-03-01
3813,0.0419350042939186,2003-03-01
6502,0.0650017037987709,2003-03-01
8543,0.0399391911923885,2003-03-01
10793,0.0499432273209095,2003-03-01
11259,0.0397268012166023,2003-03-01
31587,0.047660119831562,2003-03-01
61567,0.0446415618062019,2003-03-01
1722,0.0703413469859799,2003-06-01
2710,0.0487794942524859,2003-06-01
3026,0.0605546758636929,2003-06-01
6502,0.0880896198508116,2003-06-01
8543,0.0564472447630064,2003-06-01
10793,0.0855080511862254,2003-06-01
24316,0.0548838371392611,2003-06-01
142953,0.0472176381772406,2003-06-01
144435,0.0709336539492551,2003-06-01
1722,0.0578422322536849,2003-09-01
3026,0.0737839431733496,2003-09-01
3505,0.0772899713043461,2003-09-01
6502,0.0742565276999161,2003-09-01
7146,0.0555676798197533,2003-09-01
10793,0.085559306021859,2003-09-01
24316,0.0926880845170747,2003-09-01
29028,0.0713235480568154,2003-09-01
144435,0.0828855517554855,2003-09-01
1722,0.073219777087993,2003-12-01
2435,0.0574900071290804,2003-12-01
3026,0.0545430409911579,2003-12-01
5709,0.0590419081736753,2003-12-01
6502,0.0547122330743935,2003-12-01
7146,0.0564515778435599,2003-12-01
10793,0.0621919123533454,2003-12-01
24316,0.0641183747147487,2003-12-01
144435,0.0749667661536373,2003-12-01
1722,0.072017372652419,2004-03-01
2710,0.0435125982862854,2004-03-01
3505,0.0444332790504458,2004-03-01
6502,0.0631704303418863,2004-03-01
10793,0.0517988569628068,2004-03-01
11259,0.0486168993367048,2004-03-01
28877,0.0515974957719445,2004-03-01
142953,0.0443911219802878,2004-03-01
144435,0.0672947613623795,2004-03-01
1722,0.0517471286123982,2004-06-01
3026,0.0461535280525915,2004-06-01
3121,0.0314794924369488,2004-06-01
3362,0.0322432568341916,2004-06-01
4016,0.0811354563474657,2004-06-01
5071,0.0491467083818915,2004-06-01
7146,0.0306618593080203,2004-06-01
11259,0.0484996223109176,2004-06-01
61567,0.0523557063228201,2004-06-01
1722,0.043614906961911,2004-09-01
3362,0.0327717366220581,2004-09-01
4016,0.0932526163078925,2004-09-01
5071,0.0421309892538528,2004-09-01
6502,0.0436743331819936,2004-09-01
10793,0.0539008053081002,2004-09-01
11259,0.0508303057107829,2004-09-01
28877,0.0619973612151046,2004-09-01
31587,0.0415423546201884,2004-09-01
1722,0.04804334067686,2004-12-01
3170,0.0720794887519811,2004-12-01
4016,0.0694877698692336,2004-12-01
6502,0.0572407385197246,2004-12-01
7146,0.059461989017562,2004-12-01
10247,0.0716071866072369,2004-12-01
11259,0.0709533503295285,2004-12-01
24316,0.0759032941223582,2004-12-01
61567,0.0653863829322113,2004-12-01
1722,0.0608394707166843,2005-03-01
5071,0.0396439040571653,2005-03-01
5709,0.0439585436349038,2005-03-01
6502,0.0728001743026915,2005-03-01
11259,0.0544728359412882,2005-03-01
24316,0.0505481125403823,2005-03-01
28877,0.0623449839878494,2005-03-01
31587,0.0604036421870278,2005-03-01
61567,0.0469659845771861,2005-03-01
2435,0.0396812781691551,2005-06-01
3026,0.0372634455561637,2005-06-01
3505,0.0466622374951839,2005-06-01
5071,0.0403628833591938,2005-06-01
5709,0.0372634455561637,2005-06-01
8762,0.0438333675265312,2005-06-01
10793,0.0418768301606178,2005-06-01
28877,0.0453816726803779,2005-06-01
31587,0.0551006719470024,2005-06-01
61567,0.0461742915213108,2005-06-01
3362,0.0561353607544325,2005-09-01
3505,0.0631029456802151,2005-09-01
5071,0.0595397133423512,2005-09-01
5709,0.0521750240874144,2005-09-01
6502,0.0528492088058896,2005-09-01
10793,0.0754473505852871,2005-09-01
11259,0.0716460093948367,2005-09-01
24316,0.094398901050499,2005-09-01
61567,0.0510745772282407,2005-09-01
2710,0.0478146150708198,2005-12-01
3170,0.0528453327715396,2005-12-01
4016,0.0447119884192943,2005-12-01
5709,0.0458653569221496,2005-12-01
6502,0.0406736880540847,2005-12-01
7146,0.0434005707502365,2005-12-01
28877,0.0521214567124843,2005-12-01
31587,0.0571769811213016,2005-12-01
61567,0.0441729575395584,2005-12-01
1722,0.0480057820677757,2006-03-01
2663,0.045069582760334,2006-03-01
3170,0.0558288730680942,2006-03-01
4016,0.0603870674967765,2006-03-01
11259,0.0587686374783515,2006-03-01
31587,0.0792275294661521,2006-03-01
61567,0.0534775145351886,2006-03-01
142953,0.0419215522706508,2006-03-01
144435,0.0463226437568664,2006-03-01
1722,0.04253720147999,2006-06-01
2663,0.0477939109755894,2006-06-01
3170,0.0497821908145565,2006-06-01
4016,0.0749523840408983,2006-06-01
7146,0.0709515710220539,2006-06-01
10247,0.0471920563793099,2006-06-01
10793,0.0714434638579668,2006-06-01
11259,0.0573701046717405,2006-06-01
142953,0.0675311656600362,2006-06-01
3026,0.0629842793760288,2006-09-01
3170,0.0602908552007447,2006-09-01
3505,0.0504801112791847,2006-09-01
5071,0.0482303555666016,2006-09-01
6502,0.0531663635431995,2006-09-01
10247,0.0641187834395289,2006-09-01
10793,0.079698583962241,2006-09-01
11259,0.0821512966776797,2006-09-01
28877,0.0622747912496822,2006-09-01
3026,0.0356814786791801,2006-12-01
3170,0.0396658852696418,2006-12-01
3505,0.0315051339566707,2006-12-01
5597,0.0356433019042015,2006-12-01
6502,0.0372393950819969,2006-12-01
7146,0.0362656190991401,2006-12-01
10247,0.0338335819542408,2006-12-01
11259,0.0356814786791801,2006-12-01
31587,0.0351773872971534,2006-12-01
1722,0.0534054722131227,2007-03-01
5709,0.0543042099524501,2007-03-01
6502,0.0646256515500499,2007-03-01
10793,0.0424379028993654,2007-03-01
11259,0.0674549339539231,2007-03-01
28877,0.0400277493476411,2007-03-01
31587,0.0694187542303747,2007-03-01
61567,0.0590217475584166,2007-03-01
144435,0.046456292657943,2007-03-01
1722,0.040087905433172,2007-06-01
3026,0.0475860577717396,2007-06-01
3362,0.0348672071386703,2007-06-01
5709,0.0381077063026732,2007-06-01
6502,0.0588019726699473,2007-06-01
10793,0.0318996936581173,2007-06-01
11259,0.0512399549445035,2007-06-01
24316,0.0308480218797362,2007-06-01
31587,0.0344879024571059,2007-06-01
1722,0.0564080787808963,2007-09-01
3026,0.0521338977218427,2007-09-01
5709,0.0452820270479734,2007-09-01
6502,0.0553059279298687,2007-09-01
7146,0.0443571523809864,2007-09-01
11259,0.0569730845133824,2007-09-01
24316,0.0641206544572177,2007-09-01
31587,0.045792550085371,2007-09-01
61567,0.0569407430457533,2007-09-01
1722,0.0494315864137632,2007-12-01
2710,0.0451391757731571,2007-12-01
3026,0.0517023541921842,2007-12-01
5071,0.039175298198744,2007-12-01
5709,0.051728994487752,2007-12-01
7146,0.0433437328292825,2007-12-01
11259,0.0557370354935234,2007-12-01
24316,0.0415140153874451,2007-12-01
31587,0.0484124586407809,2007-12-01
2435,0.0486814207239473,2008-03-01
2710,0.0582062962492801,2008-03-01
5709,0.0484490743880617,2008-03-01
6502,0.0606780580275748,2008-03-01
10247,0.0426756497854817,2008-03-01
11259,0.061877269770731,2008-03-01
24316,0.0627118544148491,2008-03-01
31587,0.0667157756190256,2008-03-01
61567,0.0543110568935527,2008-03-01
2710,0.0681222949888698,2008-06-01
5071,0.0424403476449306,2008-06-01
6502,0.0707245907683859,2008-06-01
8543,0.0681988986793243,2008-06-01
10247,0.0584568065139267,2008-06-01
11259,0.05019637377241,2008-06-01
24316,0.0429474651377076,2008-06-01
31587,0.0740431552664819,2008-06-01
61567,0.0474410897059673,2008-06-01
1722,0.0490659130888661,2008-09-01
2710,0.0697754242988909,2008-09-01
7146,0.0518441256410673,2008-09-01
8543,0.0607415189233206,2008-09-01
10247,0.0544506100306365,2008-09-01
10793,0.0455747353657137,2008-09-01
24316,0.1137466981154849,2008-09-01
31587,0.116469410956194,2008-09-01
144435,0.0565422762736032,2008-09-01
2435,0.0319416560232639,2008-12-01
2710,0.0329510569572448,2008-12-01
3144,0.0353089570999145,2008-12-01
8543,0.037911083549261,2008-12-01
9777,0.0399063564836978,2008-12-01
10247,0.0354012623429298,2008-12-01
10793,0.0639078691601753,2008-12-01
11259,0.0368680953979492,2008-12-01
31587,0.0329510569572448,2008-12-01
1722,0.053198922400821,2009-03-01
2710,0.0522195014736786,2009-03-01
3813,0.0555331385091752,2009-03-01
5709,0.0494657247981974,2009-03-01
11259,0.0560446948529475,2009-03-01
24316,0.0751451190072178,2009-03-01
28877,0.068132778054069,2009-03-01
31587,0.074412804125662,2009-03-01
61567,0.0667397460822908,2009-03-01
1722,0.0503109155047341,2009-06-01
3026,0.0448452275528549,2009-06-01
5709,0.0476468411529644,2009-06-01
6502,0.0462946126239713,2009-06-01
10247,0.0446201276042483,2009-06-01
10793,0.0585592207801098,2009-06-01
11259,0.0436656227189809,2009-06-01
24316,0.065585334188814,2009-06-01
31587,0.0677762305585696,2009-06-01
2710,0.0575800018324592,2009-09-01
3026,0.0462335754380233,2009-09-01
3362,0.0422893318874353,2009-09-01
10247,0.0504794685874858,2009-09-01
10793,0.060403047727853,2009-09-01
11259,0.0520810275498665,2009-09-01
24316,0.0727336170951252,2009-09-01
31587,0.0629379050584156,2009-09-01
61567,0.0672463718296026,2009-09-01
1722,0.0410064179191706,2009-12-01
3026,0.0434028634183839,2009-12-01
5709,0.0421891192341987,2009-12-01
6502,0.0480048606506935,2009-12-01
10247,0.0531689700540554,2009-12-01
10793,0.0547245363577229,2009-12-01
24316,0.0757889345672243,2009-12-01
31587,0.0552668784651601,2009-12-01
61567,0.059847344692905,2009-12-01
1722,0.034585163257808,2010-03-01
2710,0.0438965492568722,2010-03-01
5709,0.0454610733004988,2010-03-01
6502,0.036283849881024,2010-03-01
10247,0.0351991142956272,2010-03-01
10793,0.0434898782450475,2010-03-01
24316,0.0661648966025795,2010-03-01
31587,0.0683074736434568,2010-03-01
61567,0.0376100703174911,2010-03-01
1722,0.040896250937777,2010-06-01
2435,0.0417427090749813,2010-06-01
2710,0.0391716165359973,2010-06-01
3026,0.0427763962589919,2010-06-01
5709,0.0519882298673018,2010-06-01
9777,0.0411625668665824,2010-06-01
10793,0.038551528944904,2010-06-01
24316,0.0657330648892279,2010-06-01
31587,0.0487174429711856,2010-06-01
1722,0.0490000757410366,2010-09-01
2435,0.035925029236215,2010-09-01
2710,0.050095745195508,2010-09-01
3026,0.0447925816783158,2010-09-01
5709,0.0431092932034531,2010-09-01
10247,0.0376767112455294,2010-09-01
10793,0.0490390059586369,2010-09-01
24316,0.0692656255457305,2010-09-01
31587,0.0527467852539938,2010-09-01
2435,0.0395751314393066,2010-12-01
2710,0.0389668851523126,2010-12-01
3026,0.0473364519683944,2010-12-01
3505,0.0400683656796013,2010-12-01
5709,0.0463878348721937,2010-12-01
9777,0.0370440217121886,2010-12-01
10793,0.0470903218861441,2010-12-01
24316,0.0633649917833847,2010-12-01
31587,0.0448850782328215,2010-12-01
1722,0.049182835993999,2011-03-01
2710,0.0490448095731567,2011-03-01
3362,0.0494424744364096,2011-03-01
4016,0.0493932290908077,2011-03-01
5709,0.0644590643027284,2011-03-01
10793,0.0565885592563637,2011-03-01
24316,0.0587732725777213,2011-03-01
31587,0.0667530984878067,2011-03-01
61567,0.0477356282854315,2011-03-01
1722,0.0454986428967451,2011-06-01
2435,0.051046692422714,2011-06-01
3026,0.0547470051349202,2011-06-01
3362,0.0594404213192992,2011-06-01
5709,0.0578686619047687,2011-06-01
10247,0.0488327036400376,2011-06-01
10793,0.0564626540830488,2011-06-01
24316,0.0736398755043672,2011-06-01
31587,0.0573393659221149,2011-06-01
1722,0.0486880295568239,2011-09-01
2710,0.057764365996874,2011-09-01
3026,0.0449391151829313,2011-09-01
3505,0.0522625219411258,2011-09-01
5709,0.0580043105571375,2011-09-01
10247,0.0393447079103095,2011-09-01
10793,0.0562908482865038,2011-09-01
24316,0.0721944148770649,2011-09-01
31587,0.0496329690564689,2011-09-01
1722,0.0507114458794251,2011-12-01
2435,0.0416329571415695,2011-12-01
2663,0.037426322996236,2011-12-01
2710,0.0544826929939588,2011-12-01
3026,0.0420692398593482,2011-12-01
3505,0.0537650633657543,2011-12-01
5709,0.0608331809134899,2011-12-01
10247,0.0439147192108487,2011-12-01
24316,0.059370207392691,2011-12-01
2710,0.0420408315506593,2012-03-01
3026,0.0390762137757693,2012-03-01
3362,0.049902782470347,2012-03-01
3505,0.0535562526472755,2012-03-01
5709,0.0693474237876048,2012-03-01
6502,0.0441722435878475,2012-03-01
10793,0.0428884872090677,2012-03-01
24316,0.0549559723244197,2012-03-01
28877,0.04047852829347,2012-03-01
2435,0.040857762585556,2012-06-01
2710,0.0479941783126171,2012-06-01
3026,0.0453406671600326,2012-06-01
3505,0.044567977515987,2012-06-01
5709,0.0693310218433927,2012-06-01
10793,0.0569719676233275,2012-06-01
24316,0.0806746418998414,2012-06-01
28877,0.0448328627069163,2012-06-01
61567,0.0527227681665994,2012-06-01
2435,0.0379138328135013,2012-09-01
2710,0.0343820340931415,2012-09-01
3144,0.0273811649531126,2012-09-01
3362,0.0273338127881288,2012-09-01
5071,0.0343820340931415,2012-09-01
5709,0.0269823521375656,2012-09-01
6502,0.0269823521375656,2012-09-01
10247,0.0273811649531126,2012-09-01
24316,0.0339818894863128,2012-09-01
28877,0.0310236830264329,2012-09-01
2435,0.0383959487080574,2012-12-01
2663,0.0320474095642566,2012-12-01
2710,0.0369761735200881,2012-12-01
3505,0.0320474095642566,2012-12-01
5071,0.0320474095642566,2012-12-01
28877,0.0320474095642566,2012-12-01
31587,0.0383959487080574,2012-12-01
61567,0.0383959487080574,2012-12-01
144435,0.0320474095642566,2012-12-01
2435,0.0517312072919285,2013-03-01
2710,0.0593541014680218,2013-03-01
5709,0.0618756510394036,2013-03-01
9777,0.0433976826678608,2013-03-01
10793,0.0471046322607897,2013-03-01
24316,0.0670666664868689,2013-03-01
28877,0.0522223573756642,2013-03-01
31587,0.0564829035272916,2013-03-01
61567,0.0527666644361869,2013-03-01
1722,0.0274049345002065,2013-06-01
2710,0.0865658031759173,2013-06-01
3144,0.0336658189250005,2013-06-01
5709,0.0320432635466041,2013-06-01
8543,0.0328116334888484,2013-06-01
10793,0.0344405410474946,2013-06-01
24316,0.0615261168149989,2013-06-01
28877,0.0352204028098568,2013-06-01
31587,0.0501771898407757,2013-06-01
1722,0.0303944448685526,2013-09-01
2435,0.0472954975149069,2013-09-01
3026,0.0362932241117158,2013-09-01
5709,0.0411733299650684,2013-09-01
10793,0.0417154551161947,2013-09-01
24316,0.0717700954586042,2013-09-01
28877,0.0466504334549705,2013-09-01
31587,0.0430828776279102,2013-09-01
61567,0.0406911975151586,2013-09-01
1722,0.0419054875491923,2013-12-01
2435,0.0436850996909473,2013-12-01
3026,0.0411697152400451,2013-12-01
5709,0.0522851270626691,2013-12-01
8543,0.0385365635644437,2013-12-01
10793,0.0434352582556516,2013-12-01
24316,0.077707392196985,2013-12-01
28877,0.0580060506306457,2013-12-01
61567,0.0394555349229128,2013-12-01
2435,0.0462307568694957,2014-03-01
4016,0.0412784561313082,2014-03-01
5597,0.0422135161939777,2014-03-01
5709,0.0499333702040162,2014-03-01
10793,0.0436309206777683,2014-03-01
24316,0.0910124442211692,2014-03-01
28877,0.0555119077468247,2014-03-01
31587,0.0524081862481349,2014-03-01
61567,0.0427717346445,2014-03-01
2435,0.0522800797454727,2014-06-01
3144,0.0440892847284723,2014-06-01
3362,0.0448782982208175,2014-06-01
5597,0.0469989592405804,2014-06-01
5709,0.049873070158425,2014-06-01
24316,0.0746749933257833,2014-06-01
28877,0.0434083519095332,2014-06-01
31587,0.0500367930019857,2014-06-01
61567,0.0495646685559456,2014-06-01
1722,0.0459586516568604,2014-09-01
2435,0.0468839333916928,2014-09-01
4016,0.0363627931810704,2014-09-01
5709,0.056459571580946,2014-09-01
10793,0.0398069235760212,2014-09-01
24316,0.0819123210419824,2014-09-01
28877,0.0479780829659044,2014-09-01
31587,0.0481399408203363,2014-09-01
61567,0.0408947310944585,2014-09-01
1722,0.0576720962773232,2014-12-01
2435,0.0376291283933392,2014-12-01
5709,0.0394761248275925,2014-12-01
8479,0.0319728503530057,2014-12-01
24316,0.0650754477739016,2014-12-01
28877,0.0355939474923165,2014-12-01
31587,0.0440860447250124,2014-12-01
61567,0.046228977186934,2014-12-01
144435,0.0388577624352331,2014-12-01
1722,0.0465604044182411,2015-03-01
2435,0.0437279015669366,2015-03-01
4016,0.0407486757873309,2015-03-01
5709,0.0482642918039502,2015-03-01
10247,0.046986828601825,2015-03-01
24316,0.0658759356581457,2015-03-01
28877,0.0471401222273127,2015-03-01
31587,0.053844781075257,2015-03-01
61567,0.0486781272585028,2015-03-01
1722,0.0331485287254743,2015-06-01
2435,0.0280043391352484,2015-06-01
5709,0.028516617473638,2015-06-01
9777,0.0411707124239661,2015-06-01
10793,0.0316468479186717,2015-06-01
24316,0.0280251707824037,2015-06-01
29028,0.0324434357880925,2015-06-01
31587,0.0354415930995321,2015-06-01
61567,0.0345825673318931,2015-06-01
1722,0.0276606902480125,2015-09-01
3144,0.0325758308172225,2015-09-01
3505,0.029657756909728,2015-09-01
8479,0.0276606902480125,2015-09-01
8762,0.0342416577041149,2015-09-01
10793,0.0341426506638526,2015-09-01
29028,0.0303472094237804,2015-09-01
31587,0.0507480576634407,2015-09-01
61567,0.04408460855484,2015-09-01
3505,0.0303462783293642,2015-12-01
5597,0.0299712184413443,2015-12-01
6375,0.0304818466661802,2015-12-01
7146,0.0300175495821316,2015-12-01
8479,0.0340187386745995,2015-12-01
9777,0.0333271976979679,2015-12-01
10247,0.0322125685540456,2015-12-01
11259,0.0315328555744707,2015-12-01
61567,0.0303065252353286,2015-12-01
1722,0.0322237785616762,2016-03-01
3144,0.0288048188125054,2016-03-01
3170,0.0296687980960597,2016-03-01
3505,0.0337084815879379,2016-03-01
5568,0.0288048188125054,2016-03-01
8479,0.0310020071899167,2016-03-01
8762,0.0288048188125054,2016-03-01
10793,0.0329065392695846,2016-03-01
11259,0.0332940309146715,2016-03-01
28877,0.0309530734721443,2016-03-01
61567,0.0288048188125054,2016-03-01
142953,0.0306476389568123,2016-03-01
1722,0.0328368390005608,2016-06-01
2435,0.0315569169785293,2016-06-01
3170,0.029687144444782,2016-06-01
5568,0.0305478633083112,2016-06-01
5709,0.0353547930685485,2016-06-01
6375,0.0296652782506998,2016-06-01
6435,0.0296652782506998,2016-06-01
6502,0.0365354238196232,2016-06-01
31587,0.0328368390005608,2016-06-01
144435,0.0368816139125325,2016-06-01
1722,0.0281003918498754,2016-09-01
2663,0.0301503390073776,2016-09-01
3144,0.0380075201392173,2016-09-01
8479,0.0291337650269269,2016-09-01
10247,0.0291705783456563,2016-09-01
10793,0.0284399855881929,2016-09-01
11259,0.0291616208851337,2016-09-01
31587,0.0300807952880859,2016-09-01
61567,0.0301916878670454,2016-09-01
2435,0.0332938829496364,2016-12-01
2663,0.0296334666100007,2016-12-01
2710,0.0299027492679217,2016-12-01
6435,0.0299027492679217,2016-12-01
9777,0.031744624329424,2016-12-01
10793,0.0289660782840686,2016-12-01
31587,0.0332938829496364,2016-12-01
142953,0.031744624329424,2016-12-01
144435,0.031744624329424,2016-12-01
2710,0.0333723249472458,2017-03-01
5709,0.0320113564596999,2017-03-01
6435,0.0344546882590118,2017-03-01
6502,0.0314899996209632,2017-03-01
8479,0.0368682434333697,2017-03-01
9777,0.0316986077396965,2017-03-01
10793,0.0348705141466739,2017-03-01
11259,0.0329044845685244,2017-03-01
31587,0.0381189350079887,2017-03-01
1722,0.0300935197697039,2017-06-01
3144,0.0315770960615325,2017-06-01
3813,0.0307390984520264,2017-06-01
6435,0.0292954621240292,2017-06-01
8543,0.0293638918113121,2017-06-01
8762,0.0312353453064674,2017-06-01
9777,0.0288190735160223,2017-06-01
10793,0.0312237977325772,2017-06-01
142953,0.0298640761667133,2017-06-01
2710,0.0297372432954671,2017-09-01
3121,0.0295110015447431,2017-09-01
5568,0.0330478325251406,2017-09-01
5709,0.0352355670018724,2017-09-01
8762,0.0304432328430651,2017-09-01
9777,0.0330478325251406,2017-09-01
24316,0.0352355670018724,2017-09-01
142953,0.0330478325251406,2017-09-01
179621,0.0337631970659036,2017-09-01
1722,0.0310226175934076,2017-12-01
2663,0.0275983996689319,2017-12-01
3505,0.0276100542396307,2017-12-01
6502,0.0313388593494892,2017-12-01
8479,0.028133574873209,2017-12-01
8543,0.0273571480065584,2017-12-01
8762,0.0283418949693441,2017-12-01
61567,0.0274166353046894,2017-12-01
142953,0.0275983996689319,2017-12-01
1722,0.0380298793315887,2018-03-01
2435,0.0259682703763246,2018-03-01
2663,0.030932592228055,2018-03-01
3026,0.030932592228055,2018-03-01
3362,0.0346042141318321,2018-03-01
5071,0.030932592228055,2018-03-01
6502,0.030932592228055,2018-03-01
7146,0.030932592228055,2018-03-01
8479,0.0314858332276344,2018-03-01
10247,0.0259682703763246,2018-03-01
11259,0.0259682703763246,2018-03-01
142953,0.0259682703763246,2018-03-01
1722,0.0312033383314917,2018-06-01
3026,0.0248879893196375,2018-06-01
3121,0.0272565623782978,2018-06-01
5071,0.0248879893196375,2018-06-01
5568,0.0353521790485046,2018-06-01
6502,0.0326971172124738,2018-06-01
8543,0.0279704679201665,2018-06-01
8762,0.0250123428596477,2018-06-01
142953,0.034452125722438,2018-06-01
1722,0.0439593757601499,2018-09-01
2710,0.0252209075207909,2018-09-01
6502,0.0379722216710105,2018-09-01
8479,0.0308241520561963,2018-09-01
8543,0.0260788083753188,2018-09-01
10793,0.0298549740330566,2018-09-01
11259,0.0300930540597224,2018-09-01
24316,0.0417614932712566,2018-09-01
31587,0.0246215226246134,2018-09-01
1722,0.0426220261122468,2018-12-01
2435,0.0278753669634843,2018-12-01
3505,0.035961110711082,2018-12-01
5709,0.0233284665095092,2018-12-01
8543,0.0298809271187854,2018-12-01
10793,0.0368982799746627,2018-12-01
24316,0.0407173105346442,2018-12-01
31587,0.034669365408725,2018-12-01
142953,0.0299010491347466,2018-12-01
1722,0.0299845847213657,2019-03-01
3362,0.0396518712015473,2019-03-01
5568,0.0263238700507418,2019-03-01
6375,0.0339208883612667,2019-03-01
8479,0.0395939076582093,2019-03-01
10793,0.0353984857194318,2019-03-01
24316,0.0508794181672678,2019-03-01
31587,0.0476589435497808,2019-03-01
144435,0.023808290703439,2019-03-01
1722,0.0209161769598722,2019-06-01
2435,0.0214989893138408,2019-06-01
3362,0.0210190620273351,2019-06-01
5568,0.0209161769598722,2019-06-01
5709,0.021499378606677,2019-06-01
6502,0.0234268121421337,2019-06-01
24316,0.0260783750563859,2019-06-01
28877,0.0210190620273351,2019-06-01
31587,0.0254007317125797,2019-06-01
5568,0.0222558785826109,2019-09-01
6375,0.0223271967557006,2019-09-01
6502,0.0222129678344327,2019-09-01
8543,0.0233952785768969,2019-09-01
11259,0.0228659807532079,2019-09-01
24316,0.0232133535792645,2019-09-01
28790,0.0218809182380752,2019-09-01
28877,0.0252162339360057,2019-09-01
179621,0.0257376558642686,2019-09-01
1722,0.0242574475705623,2019-12-01
2435,0.0247763041406869,2019-12-01
3362,0.027531636878848,2019-12-01
3505,0.0255513675510883,2019-12-01
5568,0.0306643787771463,2019-12-01
6502,0.034859225153923,2019-12-01
24316,0.024853317067027,2019-12-01
28877,0.0283626317977905,2019-12-01
144435,0.0261268764734268,2019-12-01
1722,0.0259592738002538,2020-03-01
2710,0.0244596730917692,2020-03-01
3813,0.0244596730917692,2020-03-01
4016,0.0244596730917692,2020-03-01
6435,0.0244596730917692,2020-03-01
8479,0.0234863497316837,2020-03-01
8762,0.0244596730917692,2020-03-01
29028,0.0234863497316837,2020-03-01
144435,0.0275808125734329,2020-03-01
1722,0.0357484070878932,2020-06-01
3362,0.0291496472574035,2020-06-01
5568,0.0287204797569528,2020-06-01
6502,0.0414963151275957,2020-06-01
10247,0.0406407075435277,2020-06-01
10793,0.0363308903560003,2020-06-01
24316,0.0319180851012924,2020-06-01
28790,0.0430067609859557,2020-06-01
144435,0.0312332831133538,2020-06-01
1722,0.0293263501420979,2020-09-01
3362,0.0272678371999224,2020-09-01
5709,0.025278736444228,2020-09-01
6502,0.0323389546651077,2020-09-01
10247,0.0386859667471922,2020-09-01
10793,0.0362689126364721,2020-09-01
11259,0.0294504098057279,2020-09-01
24316,0.0317932405828099,2020-09-01
28790,0.0234639794607286,2020-09-01
2663,0.0276252778600407,2020-12-01
3362,0.0244253370641952,2020-12-01
5709,0.0233944906029203,2020-12-01
6502,0.0363240030027833,2020-12-01
10793,0.0328080626504496,2020-12-01
11259,0.0262998982077464,2020-12-01
24316,0.0269787063738762,2020-12-01
31587,0.0250663019675585,2020-12-01
144435,0.0239932494306644,2020-12-01
2663,0.0294355714325869,2021-03-01
3362,0.0309497870211443,2021-03-01
4016,0.022248910008332,2021-03-01
6502,0.034992624774226,2021-03-01
8543,0.0294144254734867,2021-03-01
10793,0.0323533069386491,2021-03-01
11259,0.0266083140935544,2021-03-01
24316,0.0255017148860566,2021-03-01
31587,0.0272190912125785,2021-03-01
1722,0.0187067110091447,2021-06-01
2663,0.0183360334485769,2021-06-01
2710,0.0180460195988416,2021-06-01
3362,0.0191830731928348,2021-06-01
4016,0.0180460195988416,2021-06-01
5071,0.0185355246067047,2021-06-01
5568,0.0187067110091447,2021-06-01
6435,0.0180460195988416,2021-06-01
8543,0.0189186241477727,2021-06-01
31587,0.0220853108912706,2021-06-01
2663,0.021980732679367,2021-09-01
3813,0.0219529084861278,2021-09-01
4016,0.0219529084861278,2021-09-01
6375,0.021980732679367,2021-09-01
8479,0.0219529084861278,2021-09-01
8543,0.0230951644480228,2021-09-01
10247,0.0236486885696649,2021-09-01
10793,0.0268376395106315,2021-09-01
28790,0.0473462529480457,2021-09-01
31587,0.0219529084861278,2021-09-01
1722,0.0216673794489554,2021-12-01
3362,0.0207551595116387,2021-12-01
3505,0.0207551595116387,2021-12-01
5071,0.0208085931168663,2021-12-01
5568,0.0207551595116387,2021-12-01
5597,0.0231287577458852,2021-12-01
8543,0.0269852238527696,2021-12-01
28790,0.0245676456484856,2021-12-01
142953,0.0208085931168663,2021-12-01
2435,0.0225713588297367,2022-03-01
3813,0.0219164248555898,2022-03-01
4016,0.0219164248555898,2022-03-01
5709,0.0247651897370815,2022-03-01
8543,0.0217319224029779,2022-03-01
10247,0.0259279198944568,2022-03-01
10793,0.0232322681695222,2022-03-01
24316,0.0218180567026138,2022-03-01
31587,0.0219164248555898,2022-03-01
1722,0.0207789052618007,2022-06-01
2663,0.0307089193552837,2022-06-01
3144,0.0192726861597905,2022-06-01
6375,0.0212439687780389,2022-06-01
6502,0.0307855973583787,2022-06-01
10793,0.0268971459028296,2022-06-01
24316,0.0232859974941706,2022-06-01
31587,0.0290695751001032,2022-06-01
144435,0.0232885304706983,2022-06-01
1722,0.032026803096972,2022-09-01
3362,0.0294640859431438,2022-09-01
4016,0.0209824515231313,2022-09-01
6502,0.03508310224956,2022-09-01
10247,0.0263448714249395,2022-09-01
10793,0.032458645954505,2022-09-01
11259,0.0282374965090596,2022-09-01
28790,0.0318968465774283,2022-09-01
144435,0.0287419527700438,2022-09-01
1722,0.0308479974970323,2022-12-01
2663,0.0203473227386452,2022-12-01
3362,0.0194543183951537,2022-12-01
5709,0.0261355311483148,2022-12-01
6502,0.0289399346939928,2022-12-01
10247,0.0284871910799395,2022-12-01
10793,0.0355285832619807,2022-12-01
11259,0.0279933152721242,2022-12-01
144435,0.0311799718785699,2022-12-01
1722,0.0318500770097416,2023-03-01
2663,0.0216149830461444,2023-03-01
4016,0.0270971769617645,2023-03-01
6502,0.034091023341001,2023-03-01
8543,0.0271005388493485,2023-03-01
10793,0.033568314089524,2023-03-01
28790,0.0311592621322214,2023-03-01
31587,0.0271082176582142,2023-03-01
144435,0.0326022372638083,2023-03-01
1722,0.0238593887135514,2023-06-01
3813,0.0300336223267103,2023-06-01
5709,0.0227096563597034,2023-06-01
6502,0.0308051227200004,2023-06-01
8543,0.0262701101200896,2023-06-01
24316,0.0263548464379642,2023-06-01
28790,0.025531541060538,2023-06-01
142953,0.0227036452916769,2023-06-01
144435,0.0352039517997443,2023-06-01
1722,0.0360784997762121,2023-09-01
2663,0.0268514588312181,2023-09-01
3362,0.02701104949875,2023-09-01
3813,0.0242215283953612,2023-09-01
4016,0.027775072027663,2023-09-01
6502,0.0361612879524888,2023-09-01
8543,0.0243071717687444,2023-09-01
10247,0.0305846786279783,2023-09-01
11259,0.0237174702750641,2023-09-01
144435,0.0301238731349493,2023-09-01
1722,0.0227184401491257,2023-12-01
3170,0.023882575904262,2023-12-01
5597,0.0279229285079349,2023-12-01
5709,0.0232123273503083,2023-12-01
6502,0.0205684950776675,2023-12-01
8479,0.0290467453603135,2023-12-01
8762,0.0213338604956077,2023-12-01
9777,0.0348232675286696,2023-12-01
10247,0.0249951084083691,2023-12-01
41897,0.0243466439013468,2023-12-01
1722,0.0201884433627128,2024-03-01
2663,0.0172012485563755,2024-03-01
3362,0.0165464393794536,2024-03-01
3813,0.0165464393794536,2024-03-01
5709,0.018346955999732,2024-03-01
6435,0.0221462249755859,2024-03-01
6502,0.0165464393794536,2024-03-01
10247,0.0170344859361648,2024-03-01
41897,0.0250552762299776,2024-03-01
144435,0.0192303657531738,2024-03-01
179621,0.0165464393794536,2024-03-01
3144,0.0193943679332733,2024-06-01
5071,0.0139639340341091,2024-06-01
5597,0.0139639340341091,2024-06-01
6375,0.0139639340341091,2024-06-01
6435,0.0193943679332733,2024-06-01
6502,0.0139639340341091,2024-06-01
8543,0.0139639340341091,2024-06-01
24316,0.0205757431685924,2024-06-01
41897,0.018042217940092,2024-06-01
142953,0.0139639340341091,2024-06-01
144435,0.0195936746895313,2024-06-01
179621,0.0139639340341091,2024-06-01
3121,0.012914890423417,2024-09-01
3144,0.0180967114865779,2024-09-01
4016,0.012914890423417,2024-09-01
6435,0.0180967114865779,2024-09-01
10247,0.012914890423417,2024-09-01
10793,0.0172914341092109,2024-09-01
28790,0.012914890423417,2024-09-01
31587,0.0148290190845727,2024-09-01
41897,0.0148251131176948,2024-09-01
61567,0.0164274536073207,2024-09-01
2435,0.0199213608343783,2024-12-01
3026,0.0224693741600248,2024-12-01
3362,0.0193907905315222,2024-12-01
5071,0.0129797337579563,2024-12-01
5709,0.0258575459426615,2024-12-01
6502,0.0247744790835204,2024-12-01
8479,0.0129797337579563,2024-12-01
10793,0.0199367843016199,2024-12-01
24316,0.0134413600131045,2024-12-01
31587,0.0143030236947497,2024-12-01
144435,0.0158436582009993,2024-12-01
2663,0.0119747060120265,2025-03-01
3813,0.0184877332676801,2025-03-01
4016,0.0193910354329636,2025-03-01
5597,0.0143696072032461,2025-03-01
5709,0.0154071815920212,2025-03-01
6375,0.0132380898777355,2025-03-01
6502,0.0284657482625638,2025-03-01
10247,0.0126583251883385,2025-03-01
28790,0.0256185024641266,2025-03-01
31587,0.011306075138968,2025-03-01
3362,0.0158752644276744,2025-06-01
5597,0.0033146128277781,2025-06-01
5709,0.0224542509554445,2025-06-01
6375,0.0056839270410684,2025-06-01
6502,0.0190600412318524,2025-06-01
8543,0.0086875941065549,2025-06-01
10247,0.0164634775126354,2025-06-01
28790,0.01769176896057,2025-06-01
144435,0.0165701204583764,2025-06-01
3362,0.0087130014085149,2025-09-01
3813,0.019814382584902,2025-09-01
5709,0.0184814257147913,2025-09-01
6375,0.0057708645019062,2025-09-01
6502,0.0105837157993917,2025-09-01
10247,0.0061986469668763,2025-09-01
29028,0.014882934505842,2025-09-01
61567,0.0052564759651129,2025-09-01
144435,0.0102388771836133,2025-09-01
1078,0.0365832597017288,2001-03-01
2086,0.0365832597017288,2001-03-01
2403,0.0365832597017288,2001-03-01
3504,0.0475569739937782,2001-03-01
6266,0.0365832597017288,2001-03-01
6730,0.0365832597017288,2001-03-01
7257,0.0365832597017288,2001-03-01
8530,0.0365832597017288,2001-03-01
10115,0.0365832597017288,2001-03-01
20904,0.0445777997374534,2001-03-01
23812,0.0413866974413394,2001-03-01
24344,0.0470842011272907,2001-03-01
31673,0.0365832597017288,2001-03-01
31887,0.0365832597017288,2001-03-01
61574,0.0365832597017288,2001-03-01
65772,0.0365832597017288,2001-03-01
133366,0.0469920374453067,2001-03-01
136725,0.0485505759716033,2001-03-01
137131,0.0365832597017288,2001-03-01
2547,0.050997616207708,2001-06-01
3504,0.0457054064840065,2001-06-01
7228,0.0500026005503389,2001-06-01
7637,0.0630405470619959,2001-06-01
8530,0.0462363537538543,2001-06-01
15414,0.0542728127123713,2001-06-01
24197,0.0492484737597525,2001-06-01
24344,0.0558532471063933,2001-06-01
24856,0.0504235040186428,2001-06-01
65772,0.0472075576968237,2001-06-01
136725,0.0543674809630931,2001-06-01
141384,0.0614531430315333,2001-06-01
2403,0.0598570930196154,2001-09-01
2547,0.0516921189587409,2001-09-01
6266,0.0546230958725487,2001-09-01
7228,0.0680979354705392,2001-09-01
7257,0.0547407182679987,2001-09-01
23812,0.0710552285573678,2001-09-01
24344,0.0619806375510518,2001-09-01
24856,0.0644050951648128,2001-09-01
61574,0.0593039538374685,2001-09-01
133366,0.0631785796700136,2001-09-01
136725,0.0637972669098639,2001-09-01
141384,0.0578736223717108,2001-09-01
1602,0.052066508680582,2001-12-01
2403,0.051866915076971,2001-12-01
2547,0.0507069826126098,2001-12-01
3504,0.0621323361992836,2001-12-01
4145,0.0507069826126098,2001-12-01
6266,0.0507960170507431,2001-12-01
7257,0.0519483461976051,2001-12-01
8530,0.052066508680582,2001-12-01
11032,0.0507069826126098,2001-12-01
15414,0.0621323361992836,2001-12-01
24856,0.0583522282540798,2001-12-01
61574,0.052066508680582,2001-12-01
133366,0.0507980473339557,2001-12-01
2403,0.0853424008331291,2002-03-01
2547,0.0885752567396578,2002-03-01
8530,0.0810886369066086,2002-03-01
10903,0.085215841926547,2002-03-01
20904,0.0972946371127919,2002-03-01
24344,0.0855097222226366,2002-03-01
24856,0.0867024334452452,2002-03-01
31673,0.0885213043442384,2002-03-01
133366,0.1015350667420316,2002-03-01
136725,0.0974696804060822,2002-03-01
144559,0.1249888004624546,2002-03-01
145046,0.0909106538908793,2002-03-01
145552,0.1005885632030898,2002-03-01
2403,0.061470493950981,2002-06-01
2547,0.0601157410094133,2002-06-01
3504,0.0796763772779314,2002-06-01
8530,0.0639393072507099,2002-06-01
10903,0.0653521993887708,2002-06-01
20904,0.0731366517117819,2002-06-01
24856,0.0738858860490414,2002-06-01
61483,0.0658167825451527,2002-06-01
61574,0.0742537729617791,2002-06-01
133366,0.0762740854910345,2002-06-01
136725,0.0616805317982703,2002-06-01
144559,0.1012633452273025,2002-06-01
145552,0.0976350809521859,2002-06-01
2403,0.0632905405421848,2002-09-01
3504,0.0580496385048677,2002-09-01
10115,0.0624989022400376,2002-09-01
10903,0.0615863989153743,2002-09-01
23812,0.05906560566808,2002-09-01
25313,0.0654527532515032,2002-09-01
29127,0.066154262045662,2002-09-01
31673,0.0572674521312724,2002-09-01
61574,0.0585639162081792,2002-09-01
133366,0.0720933899772205,2002-09-01
136725,0.0684660206291632,2002-09-01
141384,0.0631628000788444,2002-09-01
145552,0.0831580895813929,2002-09-01
2403,0.0662679147150176,2002-12-01
4145,0.0836181974290197,2002-12-01
7171,0.0655349079928851,2002-12-01
7241,0.0643416016245372,2002-12-01
7257,0.0660571717526393,2002-12-01
8530,0.0898825812951834,2002-12-01
20904,0.0664197522519289,2002-12-01
31673,0.0742447529716607,2002-12-01
61483,0.1053855409590784,2002-12-01
136725,0.0677533287056733,2002-12-01
141384,0.0714488790335079,2002-12-01
144559,0.0691449414343488,2002-12-01
145552,0.0694828986821598,2002-12-01
2547,0.069118834746746,2003-03-01
7171,0.0679755726038022,2003-03-01
8530,0.0803423332133418,2003-03-01
10903,0.0658698207642084,2003-03-01
20904,0.0705377002598922,2003-03-01
29127,0.0674235858017473,2003-03-01
31673,0.0710049425502378,2003-03-01
61483,0.0873551987387706,2003-03-01
61574,0.0688090583499896,2003-03-01
136725,0.0716184192613198,2003-03-01
141384,0.0777702709025065,2003-03-01
144559,0.0688532593558762,2003-03-01
145552,0.082696101701547,2003-03-01
8530,0.0484075807034969,2003-06-01
11376,0.0490561127662658,2003-06-01
15414,0.0527474842965602,2003-06-01
20904,0.0475027225911617,2003-06-01
24344,0.0538203939795494,2003-06-01
24468,0.0517736598849296,2003-06-01
24856,0.0618436224758625,2003-06-01
29127,0.0596623048186302,2003-06-01
61483,0.0618436224758625,2003-06-01
133366,0.0490561127662658,2003-06-01
136725,0.0895870923995971,2003-06-01
141384,0.0618436224758625,2003-06-01
145552,0.0527093522250652,2003-06-01
2086,0.0577737974849983,2003-09-01
2547,0.0688360976785651,2003-09-01
3735,0.0464001184465553,2003-09-01
7257,0.0464495815948153,2003-09-01
20904,0.076479289554953,2003-09-01
24856,0.0854487951778323,2003-09-01
29127,0.106170003854308,2003-09-01
31673,0.0651517048181899,2003-09-01
61494,0.0507196758635135,2003-09-01
64166,0.0603439396804976,2003-09-01
141384,0.1106286270271725,2003-09-01
144559,0.0482420589551533,2003-09-01
145552,0.0841372147513178,2003-09-01
2403,0.0329074647250982,2003-12-01
2547,0.0446125796481627,2003-12-01
10530,0.0472777783741849,2003-12-01
14960,0.0395842886374763,2003-12-01
15414,0.0557452281979521,2003-12-01
20904,0.0594374130112271,2003-12-01
31673,0.0456857009626393,2003-12-01
61494,0.0442599849091114,2003-12-01
61574,0.0679054023273067,2003-12-01
64166,0.0499525240249084,2003-12-01
141384,0.1033304649566438,2003-12-01
144559,0.0553306742638659,2003-12-01
145552,0.0454905477030609,2003-12-01
2086,0.0371430581377141,2004-03-01
2403,0.0346222476511738,2004-03-01
2547,0.0604639326052805,2004-03-01
7241,0.0441124950545151,2004-03-01
10903,0.0458496890189997,2004-03-01
20904,0.0408015530419519,2004-03-01
22260,0.0435708664700289,2004-03-01
31673,0.0525493557199534,2004-03-01
61483,0.0596894602693719,2004-03-01
61494,0.035675791770216,2004-03-01
61574,0.0369879081256891,2004-03-01
133366,0.057018302985869,2004-03-01
145552,0.0696599494079821,2004-03-01
2086,0.0406268331709126,2004-06-01
2547,0.051281354297601,2004-06-01
3504,0.0382110925696676,2004-06-01
7171,0.0293528208226062,2004-06-01
7241,0.0338585503741556,2004-06-01
10903,0.0368166681633334,2004-06-01
20904,0.0300468978895932,2004-06-01
22260,0.0343785752147601,2004-06-01
31673,0.046533011278308,2004-06-01
61483,0.0620719160159934,2004-06-01
133366,0.034348292362069,2004-06-01
145552,0.0708235794659028,2004-06-01
152149,0.0361985604408292,2004-06-01
2403,0.0445786545566105,2004-09-01
2547,0.0471963437403602,2004-09-01
3504,0.0403999417028582,2004-09-01
10903,0.0381346690758787,2004-09-01
11032,0.0372404824937359,2004-09-01
24344,0.0512705097690307,2004-09-01
27914,0.0483253108691207,2004-09-01
31673,0.0621104766529188,2004-09-01
61483,0.0407030966421281,2004-09-01
133366,0.064309896998948,2004-09-01
136725,0.0408805897761279,2004-09-01
145552,0.0722244487220772,2004-09-01
152149,0.0350701933091278,2004-09-01
2547,0.0619954922256689,2004-12-01
3504,0.0434579948114369,2004-12-01
7171,0.0639430723555691,2004-12-01
7241,0.0407969326372484,2004-12-01
11032,0.0444550292424223,2004-12-01
20904,0.0637479752034395,2004-12-01
24197,0.0407395417802647,2004-12-01
24344,0.0548947940121008,2004-12-01
27914,0.0566339180947394,2004-12-01
31673,0.0675381761773773,2004-12-01
61483,0.0581410429392578,2004-12-01
141384,0.0474427360238709,2004-12-01
145552,0.0616512498560162,2004-12-01
2547,0.0481624672530023,2005-03-01
7241,0.0405710626458276,2005-03-01
7257,0.0413561864552301,2005-03-01
8530,0.042067002651233,2005-03-01
22260,0.0580326677499827,2005-03-01
24197,0.0445471888170623,2005-03-01
24344,0.0669171565795005,2005-03-01
31673,0.0607055225303187,2005-03-01
61483,0.0592056416944829,2005-03-01
133366,0.0592486930051546,2005-03-01
141384,0.0502926105712063,2005-03-01
145552,0.0566615412345771,2005-03-01
152149,0.0397510722560354,2005-03-01
2547,0.0419227147105823,2005-06-01
3735,0.0383614626135787,2005-06-01
10530,0.0689506927707298,2005-06-01
22260,0.0403295802239626,2005-06-01
24197,0.0392961234569164,2005-06-01
24344,0.0801614841189432,2005-06-01
25279,0.050802629694263,2005-06-01
31673,0.060604540433324,2005-06-01
61483,0.0641164235890762,2005-06-01
133366,0.0687774996395518,2005-06-01
141384,0.0622947718676831,2005-06-01
145552,0.0670433587777496,2005-06-01
152149,0.041168513177051,2005-06-01
3735,0.037607863837741,2005-09-01
4145,0.0411228336240834,2005-09-01
7241,0.0359983936800655,2005-09-01
10530,0.0450724999872275,2005-09-01
24197,0.0498300381536122,2005-09-01
24344,0.0413613151093482,2005-09-01
25279,0.0469784258396822,2005-09-01
31673,0.0545394155516559,2005-09-01
61483,0.0359003988648509,2005-09-01
133366,0.0434448385827557,2005-09-01
141384,0.0607252088729427,2005-09-01
145552,0.0593962932517843,2005-09-01
152149,0.0392516245173324,2005-09-01
162887,0.0377575396927017,2005-09-01
2547,0.036218828256464,2005-12-01
3735,0.0343009030372745,2005-12-01
11032,0.0381541577037248,2005-12-01
22260,0.0353578576853773,2005-12-01
24197,0.0394692196894633,2005-12-01
25279,0.0355682657126592,2005-12-01
25313,0.0354206533533087,2005-12-01
29127,0.0432527819476315,2005-12-01
61483,0.0343368790221728,2005-12-01
61574,0.0368528853422318,2005-12-01
133366,0.0565875037789658,2005-12-01
141384,0.0522231721081809,2005-12-01
145552,0.0571769582491434,2005-12-01
152149,0.0381853104038688,2005-12-01
1078,0.0344586037099361,2006-03-01
2086,0.0344586037099361,2006-03-01
2111,0.0344586037099361,2006-03-01
2403,0.0344586037099361,2006-03-01
2547,0.0344586037099361,2006-03-01
3735,0.0344586037099361,2006-03-01
4145,0.0344586037099361,2006-03-01
6266,0.0344586037099361,2006-03-01
6730,0.0344586037099361,2006-03-01
7171,0.0344586037099361,2006-03-01
7241,0.0344586037099361,2006-03-01
7257,0.0344586037099361,2006-03-01
7637,0.0344586037099361,2006-03-01
8530,0.0344586037099361,2006-03-01
10530,0.0344586037099361,2006-03-01
11376,0.0344586037099361,2006-03-01
14960,0.0344586037099361,2006-03-01
22260,0.0344586037099361,2006-03-01
25279,0.0344586037099361,2006-03-01
25313,0.0344586037099361,2006-03-01
29127,0.0425603277981281,2006-03-01
31673,0.0344586037099361,2006-03-01
61494,0.0344586037099361,2006-03-01
61574,0.0344586037099361,2006-03-01
64166,0.0344586037099361,2006-03-01
65772,0.0344586037099361,2006-03-01
126554,0.0344586037099361,2006-03-01
133366,0.0406518653035163,2006-03-01
136725,0.0344586037099361,2006-03-01
137131,0.0344586037099361,2006-03-01
145552,0.0344586037099361,2006-03-01
152149,0.0344586037099361,2006-03-01
162887,0.0406518653035163,2006-03-01
2403,0.0313744246959686,2006-06-01
4145,0.0313744246959686,2006-06-01
7241,0.0313744246959686,2006-06-01
7637,0.0313744246959686,2006-06-01
8530,0.0313744246959686,2006-06-01
11032,0.0313744246959686,2006-06-01
11376,0.0313744246959686,2006-06-01
22260,0.0313744246959686,2006-06-01
25279,0.0313744246959686,2006-06-01
29127,0.219324454665184,2006-06-01
31673,0.0313744246959686,2006-06-01
31887,0.0313744246959686,2006-06-01
61483,0.0313744246959686,2006-06-01
61494,0.0313744246959686,2006-06-01
61574,0.0350605808198452,2006-06-01
133366,0.0348625816404819,2006-06-01
141384,0.0313744246959686,2006-06-01
145552,0.0313744246959686,2006-06-01
152149,0.0313744246959686,2006-06-01
162887,0.0435973890125751,2006-06-01
3504,0.0350551903247833,2006-09-01
4145,0.0349141806364059,2006-09-01
8530,0.0350181646645069,2006-09-01
11376,0.0350181646645069,2006-09-01
22260,0.0350181646645069,2006-09-01
24197,0.0350181646645069,2006-09-01
25313,0.0349141806364059,2006-09-01
29127,0.09785807877779,2006-09-01
31673,0.0350181646645069,2006-09-01
61494,0.0350181646645069,2006-09-01
61574,0.051749549806118,2006-09-01
141384,0.0350181646645069,2006-09-01
145552,0.0447989702224731,2006-09-01
162887,0.0552256889641284,2006-09-01
3504,0.042158115941479,2006-12-01
4145,0.0537267830826802,2006-12-01
11032,0.035875194019998,2006-12-01
15414,0.0339206369943306,2006-12-01
20904,0.0426395900300136,2006-12-01
24468,0.0356249964853926,2006-12-01
29127,0.096482180322976,2006-12-01
31673,0.045300665040629,2006-12-01
61574,0.096482180322976,2006-12-01
133366,0.0342835368783042,2006-12-01
137131,0.0345322737749277,2006-12-01
141384,0.0424272835689646,2006-12-01
145552,0.0621584557875213,2006-12-01
162887,0.0777031853373263,2006-12-01
4145,0.0452583875785329,2007-03-01
11032,0.0467218505165399,2007-03-01
22260,0.0991358266859047,2007-03-01
24197,0.0460408210416508,2007-03-01
25279,0.0587768490440227,2007-03-01
25313,0.0469410932768156,2007-03-01
29127,0.0662199627346015,2007-03-01
31673,0.0665631266818833,2007-03-01
133366,0.0630705862203545,2007-03-01
141384,0.0583287319815892,2007-03-01
145046,0.0514238512415347,2007-03-01
145552,0.0694959115030829,2007-03-01
152149,0.0759236498585784,2007-03-01
162887,0.0588166054049012,2007-03-01
3504,0.0463283705783185,2007-06-01
7241,0.0466149097771654,2007-06-01
8530,0.0451951400097546,2007-06-01
25313,0.0476872477975767,2007-06-01
29127,0.0564375532094484,2007-06-01
31673,0.0528738919382474,2007-06-01
61483,0.0482679346103601,2007-06-01
133366,0.0686225756123675,2007-06-01
141384,0.0472398247912278,2007-06-01
145046,0.0474683343752953,2007-06-01
145552,0.088423356872263,2007-06-01
152149,0.0734881874038066,2007-06-01
162887,0.0613152182288096,2007-06-01
3504,0.0475014380403392,2007-09-01
7241,0.0536980488717345,2007-09-01
11032,0.051574825187971,2007-09-01
24856,0.0464190357045653,2007-09-01
29127,0.0448389842566572,2007-09-01
31673,0.0503730864994992,2007-09-01
61483,0.0479828651785499,2007-09-01
133366,0.0668357703232743,2007-09-01
141384,0.047135912643314,2007-09-01
145046,0.0458668867774657,2007-09-01
145552,0.0679287460930369,2007-09-01
152149,0.0694030026697717,2007-09-01
162887,0.046404378241959,2007-09-01
3504,0.0566363596965736,2007-12-01
7241,0.0452647306800873,2007-12-01
11032,0.0543408645548692,2007-12-01
14960,0.0406058401638066,2007-12-01
25279,0.0460182329497816,2007-12-01
29127,0.0487879409260186,2007-12-01
31673,0.0577919412662089,2007-12-01
133366,0.0593521073237892,2007-12-01
137131,0.0473254667041137,2007-12-01
145046,0.0535103306156659,2007-12-01
145552,0.0786443432442178,2007-12-01
152149,0.0597240794769515,2007-12-01
162887,0.0713734536822546,2007-12-01
2547,0.0469949894449126,2008-03-01
4145,0.0480825724338589,2008-03-01
7171,0.0398798400378605,2008-03-01
8530,0.040869368224239,2008-03-01
11032,0.0584158172035885,2008-03-01
24856,0.0503945624330753,2008-03-01
25279,0.0530364234876023,2008-03-01
29127,0.0489372219861375,2008-03-01
31673,0.0538796733097444,2008-03-01
61483,0.0408929114018001,2008-03-01
145046,0.0548559997066784,2008-03-01
152149,0.0621300343698175,2008-03-01
162887,0.0576966253713456,2008-03-01
2403,0.0726525241319267,2008-06-01
3735,0.0622146270498227,2008-06-01
10530,0.0667317754536507,2008-06-01
11376,0.043394793745519,2008-06-01
23812,0.0573767062084464,2008-06-01
24856,0.0792738888189553,2008-06-01
25279,0.0502460055825694,2008-06-01
27914,0.0454864577108045,2008-06-01
31673,0.0593339010753269,2008-06-01
137131,0.0624493435972636,2008-06-01
145046,0.065866572156637,2008-06-01
145552,0.0903427778091812,2008-06-01
152149,0.0440784344949845,2008-06-01
162887,0.0819539949557855,2008-06-01
2403,0.0443195555037408,2008-09-01
2547,0.0422580170491074,2008-09-01
3504,0.0528387396308379,2008-09-01
8530,0.0445143541884681,2008-09-01
10530,0.0525941323414186,2008-09-01
20904,0.0704905999589888,2008-09-01
24856,0.0522676115618956,2008-09-01
27914,0.0575463736258657,2008-09-01
31673,0.0534363394410843,2008-09-01
61574,0.0709526035165297,2008-09-01
133366,0.0425709021381219,2008-09-01
145046,0.0540831166116047,2008-09-01
145552,0.0732031502359506,2008-09-01
162887,0.0689123807921399,2008-09-01
3504,0.0592264608436831,2008-12-01
3735,0.0454765254376146,2008-12-01
8530,0.0447941853979458,2008-12-01
10530,0.0619300249721525,2008-12-01
10903,0.0479665770619188,2008-12-01
27914,0.0480549753917425,2008-12-01
29127,0.0647729353992898,2008-12-01
31673,0.0583197830202823,2008-12-01
61574,0.0670025094940664,2008-12-01
137131,0.0457249609526816,2008-12-01
141384,0.0453446250142864,2008-12-01
145046,0.0579609325461851,2008-12-01
145552,0.0638070259686503,2008-12-01
162887,0.0647729353992898,2008-12-01
2547,0.036104217171669,2009-03-01
2751,0.036104217171669,2009-03-01
3504,0.036104217171669,2009-03-01
3735,0.036104217171669,2009-03-01
4145,0.036104217171669,2009-03-01
7171,0.0375003479421138,2009-03-01
7241,0.036104217171669,2009-03-01
7637,0.036104217171669,2009-03-01
8530,0.036104217171669,2009-03-01
10530,0.036104217171669,2009-03-01
10903,0.036104217171669,2009-03-01
11032,0.036104217171669,2009-03-01
20904,0.036104217171669,2009-03-01
24468,0.036104217171669,2009-03-01
25279,0.036104217171669,2009-03-01
25313,0.036104217171669,2009-03-01
27914,0.036104217171669,2009-03-01
29127,0.0423874109983444,2009-03-01
31673,0.0884570106863975,2009-03-01
61494,0.036104217171669,2009-03-01
137131,0.036104217171669,2009-03-01
144559,0.036104217171669,2009-03-01
145046,0.036104217171669,2009-03-01
145552,0.036104217171669,2009-03-01
152149,0.036104217171669,2009-03-01
162887,0.0620021224021911,2009-03-01
177227,0.0469512417912483,2009-03-01
2403,0.0307054873555898,2009-06-01
2547,0.0297194086015224,2009-06-01
2751,0.0297194086015224,2009-06-01
3504,0.0297194086015224,2009-06-01
3735,0.0297194086015224,2009-06-01
4145,0.0297194086015224,2009-06-01
7171,0.0297500751912593,2009-06-01
7241,0.0297194086015224,2009-06-01
7637,0.0297194086015224,2009-06-01
8530,0.0297194086015224,2009-06-01
10530,0.0297194086015224,2009-06-01
10903,0.0297194086015224,2009-06-01
11032,0.0297194086015224,2009-06-01
11376,0.0297194086015224,2009-06-01
15414,0.0307054873555898,2009-06-01
20904,0.0297194086015224,2009-06-01
23812,0.0307054873555898,2009-06-01
24197,0.0307054873555898,2009-06-01
25279,0.0297194086015224,2009-06-01
25313,0.0297194086015224,2009-06-01
27914,0.0297194086015224,2009-06-01
31673,0.0297500751912593,2009-06-01
31887,0.0307054873555898,2009-06-01
61483,0.0297194086015224,2009-06-01
61494,0.0297194086015224,2009-06-01
126554,0.0307054873555898,2009-06-01
133366,0.0307054873555898,2009-06-01
136725,0.0307054873555898,2009-06-01
137131,0.0297194086015224,2009-06-01
141384,0.0447768457233905,2009-06-01
144559,0.0297194086015224,2009-06-01
145046,0.0297194086015224,2009-06-01
145552,0.0297194086015224,2009-06-01
152149,0.0297194086015224,2009-06-01
162887,0.0307054873555898,2009-06-01
177227,0.0307054873555898,2009-06-01
2403,0.0314960852265358,2009-09-01
3504,0.0306998435407876,2009-09-01
4145,0.0306998435407876,2009-09-01
7637,0.0306998435407876,2009-09-01
8530,0.0306998435407876,2009-09-01
11376,0.0306998435407876,2009-09-01
15414,0.0314960852265358,2009-09-01
20904,0.0306998435407876,2009-09-01
23812,0.0314960852265358,2009-09-01
25279,0.0306998435407876,2009-09-01
29127,0.037217378616333,2009-09-01
31673,0.0827632024884224,2009-09-01
31887,0.0314960852265358,2009-09-01
133366,0.0314960852265358,2009-09-01
136725,0.0314960852265358,2009-09-01
145552,0.0306998435407876,2009-09-01
152149,0.0306998435407876,2009-09-01
162887,0.0314960852265358,2009-09-01
177227,0.0348829925060272,2009-09-01
3504,0.0343457944691181,2009-12-01
7637,0.0343457944691181,2009-12-01
8530,0.0343457944691181,2009-12-01
11376,0.0343457944691181,2009-12-01
15414,0.0343457944691181,2009-12-01
23812,0.0343457944691181,2009-12-01
25279,0.0343457944691181,2009-12-01
29127,0.0365997925400733,2009-12-01
31673,0.0858929529786109,2009-12-01
133366,0.0343457944691181,2009-12-01
141384,0.0343457944691181,2009-12-01
145046,0.0379050970077514,2009-12-01
145552,0.0343457944691181,2009-12-01
152149,0.0343457944691181,2009-12-01
162887,0.0594166293740272,2009-12-01
177227,0.0343457944691181,2009-12-01
2547,0.0388332677312155,2010-03-01
3504,0.0426176936771429,2010-03-01
7241,0.0436828357518035,2010-03-01
10903,0.047486539495389,2010-03-01
11032,0.037084035367834,2010-03-01
25279,0.0407829374032521,2010-03-01
27914,0.0406040178791824,2010-03-01
29127,0.0332770893372989,2010-03-01
31673,0.0402541050646335,2010-03-01
61494,0.0343725257452875,2010-03-01
145046,0.039839553981575,2010-03-01
145552,0.0686662278596631,2010-03-01
152149,0.0476736861178563,2010-03-01
162887,0.048662259509014,2010-03-01
2547,0.0396682576383882,2010-06-01
7241,0.0313757273533318,2010-06-01
7637,0.0287635371922139,2010-06-01
8530,0.0262290594513247,2010-06-01
10903,0.0455619202928347,2010-06-01
11032,0.0341640769797901,2010-06-01
25279,0.0419351561335791,2010-06-01
27914,0.0398312916796384,2010-06-01
61494,0.0317967527373034,2010-06-01
133366,0.0273153928289501,2010-06-01
145046,0.0348720764476509,2010-06-01
145552,0.0627633668593834,2010-06-01
152149,0.0515339728473407,2010-06-01
162887,0.0339868821351327,2010-06-01
2547,0.0411613207291866,2010-09-01
3504,0.0526222597895467,2010-09-01
4145,0.0402627207496848,2010-09-01
7241,0.0397824258177752,2010-09-01
7637,0.0374530465825766,2010-09-01
8530,0.0407992306096781,2010-09-01
10903,0.0400184027284048,2010-09-01
20904,0.0443318183074906,2010-09-01
25279,0.0570494154452798,2010-09-01
27914,0.0423163209187333,2010-09-01
145046,0.041336682152018,2010-09-01
145552,0.0722949176432933,2010-09-01
152149,0.0511361636351394,2010-09-01
162887,0.0394982569193187,2010-09-01
2547,0.0538267596899782,2010-12-01
3504,0.0567298741605166,2010-12-01
7241,0.0561013070855178,2010-12-01
7637,0.0600046534295371,2010-12-01
10530,0.0465695310402105,2010-12-01
10903,0.0458751483504783,2010-12-01
20904,0.0466277206473745,2010-12-01
25279,0.080514674163664,2010-12-01
27914,0.054938373269239,2010-12-01
29127,0.0520929470061023,2010-12-01
145046,0.0570458370932883,2010-12-01
145552,0.0898080035654184,2010-12-01
152149,0.0761885387501866,2010-12-01
162887,0.0429548229608848,2010-12-01
2547,0.0644307907247347,2011-03-01
3504,0.0495413056725538,2011-03-01
7241,0.0545080242988965,2011-03-01
8530,0.0548388611016439,2011-03-01
10530,0.038317195350673,2011-03-01
10903,0.0543676120987461,2011-03-01
25279,0.0764273618190182,2011-03-01
27914,0.0541960461687614,2011-03-01
29127,0.0467002934100834,2011-03-01
61494,0.0432782953071788,2011-03-01
145046,0.0645981183226247,2011-03-01
145552,0.083420076516647,2011-03-01
152149,0.0732761788412114,2011-03-01
162887,0.0474024611692079,2011-03-01
1602,0.0390179108483396,2011-06-01
2547,0.0689706651186383,2011-06-01
7241,0.0428849865923685,2011-06-01
10903,0.0611998999739761,2011-06-01
11032,0.0643016455866455,2011-06-01
11376,0.0424347957459957,2011-06-01
22260,0.0611197931883823,2011-06-01
25279,0.047798481297887,2011-06-01
27914,0.0661741517916808,2011-06-01
29127,0.0396304327595502,2011-06-01
145046,0.0711957157640187,2011-06-01
145552,0.0634537869428531,2011-06-01
152149,0.0536025751360709,2011-06-01
162887,0.0558197843428091,2011-06-01
2547,0.0384505833246845,2011-09-01
3504,0.026448050398994,2011-09-01
7241,0.0378459219683673,2011-09-01
10903,0.0417893871255529,2011-09-01
11032,0.0385704809865271,2011-09-01
11376,0.0350613991305793,2011-09-01
22260,0.0534678024667203,2011-09-01
24856,0.0292984605823933,2011-09-01
25279,0.065907963722367,2011-09-01
27914,0.0560403298931759,2011-09-01
126554,0.0272421389758488,2011-09-01
145046,0.0525181823858006,2011-09-01
145552,0.0738594772705674,2011-09-01
152149,0.0509113412120395,2011-09-01
4145,0.0392202023654352,2011-12-01
7637,0.0520790336471128,2011-12-01
8530,0.037516603079403,2011-12-01
11032,0.0450306034841187,2011-12-01
20904,0.05562385553426,2011-12-01
25279,0.0713637850367134,2011-12-01
27914,0.0378631343780127,2011-12-01
29127,0.0425292480989493,2011-12-01
61483,0.0389369190105926,2011-12-01
141384,0.0465506945610223,2011-12-01
144559,0.0379605210588983,2011-12-01
145046,0.038981937530473,2011-12-01
145552,0.0681688539434636,2011-12-01
152149,0.068431968266483,2011-12-01
2547,0.0622428212436551,2012-03-01
7241,0.0570494768104377,2012-03-01
10115,0.0465904871918463,2012-03-01
10903,0.0547953514707599,2012-03-01
11032,0.0609287101142353,2012-03-01
22260,0.0704843126828038,2012-03-01
25279,0.0715060944778348,2012-03-01
25313,0.0473920316379917,2012-03-01
29127,0.0479353683649945,2012-03-01
61483,0.0549096776912304,2012-03-01
64166,0.0479430915076875,2012-03-01
137131,0.0565464696356054,2012-03-01
145552,0.044493280493768,2012-03-01
152149,0.0667171153653891,2012-03-01
2547,0.0646925994334696,2012-06-01
7228,0.0416928225529766,2012-06-01
10903,0.0529964174424783,2012-06-01
11032,0.0655558938059367,2012-06-01
11376,0.0548535546042906,2012-06-01
22260,0.063601940905877,2012-06-01
25279,0.0730930393520405,2012-06-01
25313,0.0475202210242651,2012-06-01
27914,0.0406146042184367,2012-06-01
144559,0.0406032206040588,2012-06-01
145046,0.0676946911972208,2012-06-01
145552,0.052077465731561,2012-06-01
152149,0.0407571278391441,2012-06-01
162887,0.0458536691754819,2012-06-01
2111,0.0420718759536363,2012-09-01
2547,0.0449552632355315,2012-09-01
3504,0.0409612561207086,2012-09-01
10530,0.0533036601374998,2012-09-01
10903,0.043811743078646,2012-09-01
11032,0.0468387172751841,2012-09-01
22260,0.0810912947980057,2012-09-01
23812,0.0473651431979734,2012-09-01
27914,0.0690040468029309,2012-09-01
29127,0.0647802276115336,2012-09-01
136725,0.0563039402768109,2012-09-01
145046,0.0870492952239863,2012-09-01
145552,0.0508976686158459,2012-09-01
162887,0.051583176634012,2012-09-01
2111,0.0340708285361427,2012-12-01
2547,0.0613162216018376,2012-12-01
2751,0.0403597195877786,2012-12-01
7171,0.0401087944466796,2012-12-01
10903,0.0544921860627043,2012-12-01
22260,0.0662853120092999,2012-12-01
25279,0.0790757382774645,2012-12-01
27914,0.0681513628908815,2012-12-01
29127,0.046348916060599,2012-12-01
126554,0.0393589055964899,2012-12-01
145046,0.0703730406259839,2012-12-01
145552,0.0370585275443486,2012-12-01
152149,0.0556957345627839,2012-12-01
162887,0.0565463903727075,2012-12-01
2547,0.0387029647827148,2013-03-01
2751,0.0300449728965759,2013-03-01
7228,0.0300449728965759,2013-03-01
10903,0.0300449728965759,2013-03-01
11032,0.0300449728965759,2013-03-01
15414,0.0352146849036216,2013-03-01
16101,0.0300449728965759,2013-03-01
22260,0.0382203198969364,2013-03-01
25313,0.0300449728965759,2013-03-01
27914,0.0606539845466613,2013-03-01
29127,0.0329593643546104,2013-03-01
61574,0.0300449728965759,2013-03-01
133366,0.0373181104660034,2013-03-01
145046,0.0609867461025714,2013-03-01
145552,0.0375182256102561,2013-03-01
162887,0.0321692787110805,2013-03-01
2751,0.0397832378273107,2013-06-01
3504,0.0374532652110669,2013-06-01
6730,0.0512807680928744,2013-06-01
7228,0.0388993801372418,2013-06-01
10903,0.0344842004423563,2013-06-01
15414,0.0338110227783944,2013-06-01
22260,0.0565885525729348,2013-06-01
25279,0.0540950890216323,2013-06-01
27914,0.0710919432597165,2013-06-01
61483,0.0381033757440362,2013-06-01
133366,0.0457048263478221,2013-06-01
144559,0.0531523355406255,2013-06-01
145046,0.0515869942642346,2013-06-01
152149,0.0444710155679616,2013-06-01
2547,0.0405862070626479,2013-09-01
3504,0.0374926281210461,2013-09-01
6730,0.0348534444603887,2013-09-01
7171,0.0381573541291271,2013-09-01
22260,0.0463708039207349,2013-09-01
24468,0.0308806254216199,2013-09-01
25279,0.0449932656509992,2013-09-01
25313,0.0310460316202923,2013-09-01
27914,0.0407269941093871,2013-09-01
61483,0.0405862070626479,2013-09-01
133366,0.0423698567366624,2013-09-01
136725,0.0374926281210461,2013-09-01
145046,0.0407269941093871,2013-09-01
162887,0.037972667484464,2013-09-01
177227,0.0307841104679693,2013-09-01
2547,0.0464968922275929,2013-12-01
6730,0.0386238523263531,2013-12-01
7241,0.038007599758546,2013-12-01
10903,0.0484908940453022,2013-12-01
20904,0.0466258206351471,2013-12-01
22260,0.0575680240249089,2013-12-01
24344,0.0447620141753824,2013-12-01
25279,0.0574322383431764,2013-12-01
27914,0.0585255800980607,2013-12-01
64166,0.0409967946090307,2013-12-01
133366,0.0444422091241398,2013-12-01
145046,0.0577284454053949,2013-12-01
145552,0.0402700439516043,2013-12-01
162887,0.0652205914564408,2013-12-01
177227,0.0487518741789259,2013-12-01
2547,0.029614167187317,2014-03-01
10903,0.0447545330254322,2014-03-01
20904,0.0381000285747763,2014-03-01
22260,0.0547615287977467,2014-03-01
24344,0.0329602364175661,2014-03-01
25279,0.0472110820890654,2014-03-01
27914,0.0512288898970281,2014-03-01
29127,0.043524243331308,2014-03-01
61483,0.0292856417576117,2014-03-01
64166,0.0431374201450621,2014-03-01
133366,0.0445746538506501,2014-03-01
145552,0.0456670827690488,2014-03-01
152149,0.0563144403982719,2014-03-01
162887,0.053227394093474,2014-03-01
177227,0.0330114035410321,2014-03-01
2547,0.0579735238449569,2014-06-01
7171,0.0299610795076174,2014-06-01
11032,0.0301122101437139,2014-06-01
17928,0.0370963428679428,2014-06-01
20904,0.0545372841048169,2014-06-01
22260,0.0405995609122745,2014-06-01
24344,0.035132635717825,2014-06-01
25279,0.0433458223774577,2014-06-01
27914,0.0612727277134286,2014-06-01
29127,0.0548883136443132,2014-06-01
133366,0.0405479253811165,2014-06-01
145046,0.0722116373412372,2014-06-01
145552,0.039130045663089,2014-06-01
162887,0.0582675214274113,2014-06-01
177227,0.0399326978386487,2014-06-01
1602,0.0340335971629312,2014-09-01
2547,0.0595131829256042,2014-09-01
10903,0.0407307357066369,2014-09-01
14960,0.0356908003102348,2014-09-01
22260,0.0531617976995765,2014-09-01
24344,0.0393893462331305,2014-09-01
25279,0.0584384200986112,2014-09-01
27914,0.0395592084004205,2014-09-01
29127,0.0483880278703351,2014-09-01
31673,0.0469760743311364,2014-09-01
133366,0.05460017181781,2014-09-01
145046,0.06752303629902,2014-09-01
145552,0.0361578582287447,2014-09-01
162887,0.0526593963530588,2014-09-01
177227,0.0442929214622059,2014-09-01
2547,0.0548446296910213,2014-12-01
7637,0.046840282007172,2014-12-01
10903,0.0443800103240176,2014-12-01
14960,0.0342411063044653,2014-12-01
22260,0.0397604191255487,2014-12-01
24344,0.042781671326608,2014-12-01
25279,0.0492416852297508,2014-12-01
27914,0.0359557794642498,2014-12-01
61483,0.0322344952181979,2014-12-01
133366,0.0405542724816881,2014-12-01
145046,0.052859132580509,2014-12-01
145552,0.0462358854009082,2014-12-01
152149,0.0328200240462295,2014-12-01
162887,0.0532704794038787,2014-12-01
177227,0.043952686385713,2014-12-01
1602,0.0441229213181308,2015-03-01
2547,0.0500285912813741,2015-03-01
7171,0.0442430050642939,2015-03-01
10903,0.0437303829516149,2015-03-01
11032,0.0409449936000192,2015-03-01
22260,0.0474027452614535,2015-03-01
24344,0.0541202611219521,2015-03-01
25279,0.0503514904596412,2015-03-01
29127,0.0500169278562555,2015-03-01
31673,0.0494647928073311,2015-03-01
64166,0.0452987882051156,2015-03-01
145046,0.0534407697261473,2015-03-01
145552,0.0410273185389177,2015-03-01
162887,0.0470367236742358,2015-03-01
177227,0.054545842789201,2015-03-01
1602,0.0456374682712892,2015-06-01
2547,0.0480066746512783,2015-06-01
7171,0.0502726749577344,2015-06-01
7228,0.0510297668425559,2015-06-01
22260,0.0447680250497483,2015-06-01
24344,0.0555775089828147,2015-06-01
25279,0.0526240503440746,2015-06-01
27914,0.0457260127279094,2015-06-01
29127,0.0484237866810563,2015-06-01
31673,0.0483889864658273,2015-06-01
61483,0.0482457809280953,2015-06-01
144559,0.0477581378648479,2015-06-01
145046,0.0626204598627393,2015-06-01
162887,0.0578748583011319,2015-06-01
177227,0.0568336399236479,2015-06-01
1602,0.044773540116889,2015-09-01
2547,0.0442606720302646,2015-09-01
7171,0.0467666449502109,2015-09-01
10903,0.0464674069141556,2015-09-01
11032,0.0411025379110348,2015-09-01
14960,0.0437805759868501,2015-09-01
24344,0.0547863446733203,2015-09-01
24856,0.0413329044724228,2015-09-01
27914,0.0452334362353221,2015-09-01
31673,0.0395296649006921,2015-09-01
61494,0.040229957366587,2015-09-01
144559,0.0456416519854584,2015-09-01
145046,0.0627980483966518,2015-09-01
162887,0.0513869804966119,2015-09-01
177227,0.0554824211620775,2015-09-01
2086,0.0468218423607843,2015-12-01
2547,0.0377931798809301,2015-12-01
7241,0.0383748158512573,2015-12-01
7637,0.047917123301801,2015-12-01
14960,0.0389837177595444,2015-12-01
22260,0.0382587900222291,2015-12-01
24344,0.0401761832949839,2015-12-01
25279,0.0460462204138097,2015-12-01
29127,0.0435486714460769,2015-12-01
31673,0.0387950970207755,2015-12-01
61574,0.037477881812785,2015-12-01
64166,0.0563328678304538,2015-12-01
145046,0.0535925394009895,2015-12-01
145552,0.0375061891190987,2015-12-01
177227,0.0392673139585522,2015-12-01
1602,0.0544403517507508,2016-03-01
2547,0.0501230401687237,2016-03-01
7171,0.0552777469919078,2016-03-01
7241,0.0528510835361054,2016-03-01
10903,0.0542870056252397,2016-03-01
11032,0.0487756066276057,2016-03-01
14960,0.0493037674443264,2016-03-01
22260,0.0590868785771774,2016-03-01
24344,0.0505392697373825,2016-03-01
29127,0.049856095698872,2016-03-01
61483,0.0528697852977655,2016-03-01
61494,0.0472881616233936,2016-03-01
64166,0.0530477815903704,2016-03-01
145046,0.0531108109522939,2016-03-01
177227,0.0530200618111599,2016-03-01
2086,0.0412644408643245,2016-06-01
2111,0.0415454767644405,2016-06-01
2547,0.0415454767644405,2016-06-01
3735,0.0415454767644405,2016-06-01
7171,0.0476649701595306,2016-06-01
7241,0.0404776483774185,2016-06-01
10903,0.0406027249991893,2016-06-01
23812,0.0415454767644405,2016-06-01
24344,0.0416868105530738,2016-06-01
24468,0.045146532356739,2016-06-01
24856,0.0402136445045471,2016-06-01
25279,0.0523331090807914,2016-06-01
31673,0.0402136445045471,2016-06-01
145552,0.0436124466359615,2016-06-01
162887,0.0429429747164249,2016-06-01
177227,0.041570384055376,2016-06-01
1602,0.0422456115484237,2016-09-01
2111,0.0422456115484237,2016-09-01
2547,0.0422456115484237,2016-09-01
3504,0.0422456115484237,2016-09-01
3735,0.0399614199995994,2016-09-01
10903,0.0422456115484237,2016-09-01
11032,0.0422456115484237,2016-09-01
14960,0.0422456115484237,2016-09-01
17928,0.0424227379262447,2016-09-01
22260,0.0424227379262447,2016-09-01
23812,0.0399614199995994,2016-09-01
24197,0.0424227379262447,2016-09-01
24468,0.0422456115484237,2016-09-01
27914,0.0422456115484237,2016-09-01
61494,0.0399614199995994,2016-09-01
145046,0.0422456115484237,2016-09-01
162887,0.042266234755516,2016-09-01
1602,0.0361992642283439,2016-12-01
2086,0.0361992642283439,2016-12-01
2547,0.0361992642283439,2016-12-01
3504,0.0361992642283439,2016-12-01
7637,0.037246000021696,2016-12-01
10903,0.0361992642283439,2016-12-01
11032,0.0361992642283439,2016-12-01
14960,0.0361992642283439,2016-12-01
22260,0.0346023216843605,2016-12-01
24344,0.0346023216843605,2016-12-01
24468,0.0361992642283439,2016-12-01
25279,0.0357486419379711,2016-12-01
31673,0.0361992642283439,2016-12-01
61483,0.0346023216843605,2016-12-01
65772,0.0361992642283439,2016-12-01
144559,0.0350455529987812,2016-12-01
152149,0.0350455529987812,2016-12-01
162887,0.0346023216843605,2016-12-01
177227,0.0346023216843605,2016-12-01
1602,0.034381665289402,2017-03-01
2547,0.034951988607645,2017-03-01
7171,0.0351126603782177,2017-03-01
7241,0.034381665289402,2017-03-01
7637,0.034381665289402,2017-03-01
11032,0.034381665289402,2017-03-01
22260,0.0348310396075248,2017-03-01
23812,0.034951988607645,2017-03-01
24344,0.0463083051145076,2017-03-01
24856,0.034381665289402,2017-03-01
29127,0.0406431891024112,2017-03-01
61574,0.034951988607645,2017-03-01
65772,0.034951988607645,2017-03-01
136725,0.0381938815116882,2017-03-01
145552,0.0351126603782177,2017-03-01
1602,0.0317593142390251,2017-06-01
2403,0.0317593142390251,2017-06-01
6730,0.0317593142390251,2017-06-01
7171,0.0474992394447326,2017-06-01
11032,0.0317593142390251,2017-06-01
20904,0.0577008686959743,2017-06-01
24856,0.0317593142390251,2017-06-01
27914,0.0317593142390251,2017-06-01
29127,0.0317593142390251,2017-06-01
31673,0.0577008686959743,2017-06-01
61483,0.0317593142390251,2017-06-01
65772,0.0339973680675029,2017-06-01
145046,0.0317593142390251,2017-06-01
152149,0.0317593142390251,2017-06-01
162887,0.0317593142390251,2017-06-01
177227,0.0317593142390251,2017-06-01
1602,0.0335927685316979,2017-09-01
2547,0.0362842306857183,2017-09-01
3504,0.0337426476218689,2017-09-01
6266,0.0334951298102379,2017-09-01
10903,0.0337426476218689,2017-09-01
11032,0.0337426476218689,2017-09-01
14960,0.0337426476218689,2017-09-01
22260,0.0358549422646916,2017-09-01
24468,0.0343863501321295,2017-09-01
27914,0.0350389656456129,2017-09-01
29127,0.0348998515478928,2017-09-01
61494,0.0337426476218689,2017-09-01
145046,0.0351888864605658,2017-09-01
145552,0.0334186955085074,2017-09-01
177227,0.0348998515478928,2017-09-01
1078,0.0308104753494262,2017-12-01
1602,0.0308104753494262,2017-12-01
2086,0.0308104753494262,2017-12-01
2111,0.0308104753494262,2017-12-01
2403,0.0308104753494262,2017-12-01
2751,0.0308104753494262,2017-12-01
3504,0.0308104753494262,2017-12-01
3735,0.0308104753494262,2017-12-01
4145,0.0308104753494262,2017-12-01
6266,0.0308104753494262,2017-12-01
6730,0.0308104753494262,2017-12-01
7171,0.0352292321622371,2017-12-01
7228,0.0332190915942192,2017-12-01
7241,0.0308104753494262,2017-12-01
7257,0.0332985669374465,2017-12-01
8530,0.0308104753494262,2017-12-01
10115,0.0308104753494262,2017-12-01
10530,0.0308104753494262,2017-12-01
10903,0.0308104753494262,2017-12-01
11032,0.0308104753494262,2017-12-01
11376,0.0308104753494262,2017-12-01
13721,0.0381138883531093,2017-12-01
14960,0.0308104753494262,2017-12-01
15414,0.0308104753494262,2017-12-01
16101,0.0318293236196041,2017-12-01
17928,0.0308104753494262,2017-12-01
20904,0.0308104753494262,2017-12-01
23812,0.0340535826981067,2017-12-01
24344,0.0332985669374465,2017-12-01
24468,0.0332190915942192,2017-12-01
24856,0.0332985669374465,2017-12-01
25279,0.0308104753494262,2017-12-01
25313,0.0308104753494262,2017-12-01
31673,0.0332985669374465,2017-12-01
31887,0.0308104753494262,2017-12-01
61483,0.0308104753494262,2017-12-01
61494,0.0308104753494262,2017-12-01
61574,0.0308104753494262,2017-12-01
64166,0.0308104753494262,2017-12-01
65772,0.0352292321622371,2017-12-01
126554,0.0308104753494262,2017-12-01
133366,0.0308104753494262,2017-12-01
137131,0.0308104753494262,2017-12-01
141384,0.0308104753494262,2017-12-01
144559,0.0308104753494262,2017-12-01
145046,0.0308104753494262,2017-12-01
145552,0.0308104753494262,2017-12-01
152149,0.0386983305215835,2017-12-01
162887,0.0370163768529892,2017-12-01
177227,0.0332985669374465,2017-12-01
2111,0.0385518297553062,2018-03-01
7171,0.0385518297553062,2018-03-01
7241,0.0385518297553062,2018-03-01
10903,0.0385518297553062,2018-03-01
11032,0.0385518297553062,2018-03-01
14960,0.0385518297553062,2018-03-01
17928,0.0385518297553062,2018-03-01
23812,0.0348464734852314,2018-03-01
25279,0.0330090373754501,2018-03-01
29127,0.0478572137653827,2018-03-01
64166,0.0385518297553062,2018-03-01
65772,0.033661875873804,2018-03-01
144559,0.0385518297553062,2018-03-01
152149,0.0365432910621166,2018-03-01
162887,0.0346012115478515,2018-03-01
2547,0.0316265034169523,2018-06-01
2751,0.0319200757032201,2018-06-01
7171,0.0429571628525926,2018-06-01
11032,0.0316265034169523,2018-06-01
13721,0.0336599745988257,2018-06-01
20904,0.0429571628525926,2018-06-01
22260,0.0364855888875406,2018-06-01
23812,0.0316293981553418,2018-06-01
24197,0.0344748029999781,2018-06-01
25313,0.0321498819877176,2018-06-01
29127,0.0334770743092454,2018-06-01
31673,0.0319200757032201,2018-06-01
65772,0.0317427403214109,2018-06-01
152149,0.0316265034169523,2018-06-01
162887,0.0335682017725864,2018-06-01
177227,0.0321083822743446,2018-06-01
1602,0.0346275083720684,2018-09-01
2547,0.0351033583283424,2018-09-01
2751,0.0346275083720684,2018-09-01
7171,0.0891166105866432,2018-09-01
7241,0.0358260683715343,2018-09-01
10530,0.0339457392692565,2018-09-01
10903,0.0339457392692565,2018-09-01
11032,0.0351339764893054,2018-09-01
14960,0.0339457392692565,2018-09-01
15414,0.0339457392692565,2018-09-01
16101,0.0341981649398803,2018-09-01
22260,0.034213401377201,2018-09-01
24197,0.0392249040305614,2018-09-01
24468,0.0339457392692565,2018-09-01
24856,0.0346275083720684,2018-09-01
31673,0.0339457392692565,2018-09-01
61574,0.0399077013134956,2018-09-01
65772,0.0339457392692565,2018-09-01
145046,0.0350543931126594,2018-09-01
145552,0.0339457392692565,2018-09-01
152149,0.0346275083720684,2018-09-01
1602,0.0318599119782447,2018-12-01
2403,0.0333365462720394,2018-12-01
2751,0.0333365462720394,2018-12-01
6266,0.0318599119782447,2018-12-01
6730,0.0376935228705406,2018-12-01
7171,0.1063574329018592,2018-12-01
10115,0.0318599119782447,2018-12-01
10530,0.0318599119782447,2018-12-01
10903,0.0318599119782447,2018-12-01
11032,0.0318599119782447,2018-12-01
14960,0.0320565849542617,2018-12-01
16101,0.0332826934754848,2018-12-01
24468,0.0337608642876148,2018-12-01
24856,0.0351649150252342,2018-12-01
27914,0.0318599119782447,2018-12-01
31673,0.0318599119782447,2018-12-01
61574,0.0318599119782447,2018-12-01
64166,0.0318599119782447,2018-12-01
65772,0.0318599119782447,2018-12-01
133366,0.0320658981800079,2018-12-01
137131,0.0318599119782447,2018-12-01
141384,0.0320658981800079,2018-12-01
145046,0.0318599119782447,2018-12-01
145552,0.0318599119782447,2018-12-01
152149,0.0333365462720394,2018-12-01
1602,0.0470335423313104,2019-03-01
2111,0.0444420735906,2019-03-01
2547,0.0503316895082936,2019-03-01
2751,0.0505997923825707,2019-03-01
7171,0.0586707251686316,2019-03-01
7241,0.0690064491079601,2019-03-01
10530,0.0461666793796526,2019-03-01
13721,0.053391216726362,2019-03-01
22260,0.0526448952668823,2019-03-01
23812,0.0444442491831087,2019-03-01
24197,0.0958539196435542,2019-03-01
31673,0.0531811512819477,2019-03-01
34410,0.0849985846707502,2019-03-01
61483,0.0487178755736543,2019-03-01
65772,0.0568732153643288,2019-03-01
1602,0.0444828107933787,2019-06-01
2547,0.0683972976351771,2019-06-01
2751,0.0397648067924096,2019-06-01
6730,0.0395163694211229,2019-06-01
7228,0.0405562793752114,2019-06-01
7241,0.1136912249861513,2019-06-01
7637,0.0550716113113791,2019-06-01
13721,0.0707407736956272,2019-06-01
16101,0.0603268692974052,2019-06-01
22260,0.0740082341313523,2019-06-01
25313,0.04347573988709,2019-06-01
34410,0.0563343139487134,2019-06-01
61574,0.0397170785832928,2019-06-01
145552,0.0415419381407768,2019-06-01
152149,0.0481344861912607,2019-06-01
1602,0.0509222472173746,2019-09-01
2403,0.0411954058217789,2019-09-01
2547,0.0524042825813092,2019-09-01
6266,0.0420595061060653,2019-09-01
7241,0.0593701976766924,2019-09-01
7637,0.056689248313453,2019-09-01
10530,0.0420595061060653,2019-09-01
16101,0.0705210888831503,2019-09-01
22260,0.0437414824771728,2019-09-01
24856,0.0460068016838653,2019-09-01
34410,0.064984133828166,2019-09-01
61483,0.0417701748147249,2019-09-01
136725,0.0394164786457741,2019-09-01
145552,0.0392844864025222,2019-09-01
152149,0.0433425337324002,2019-09-01
2547,0.0557684054092403,2019-12-01
2751,0.0462780270983414,2019-12-01
7241,0.0497374088900212,2019-12-01
7637,0.0434097510718285,2019-12-01
20904,0.0398572333461229,2019-12-01
24197,0.0400617519409489,2019-12-01
24468,0.0425158099152786,2019-12-01
27914,0.0438814046456579,2019-12-01
34410,0.0538605871593985,2019-12-01
61483,0.0424947190750158,2019-12-01
61574,0.0415042105238497,2019-12-01
145046,0.0432769520062137,2019-12-01
145552,0.0461426984101095,2019-12-01
152149,0.0448146025528497,2019-12-01
177227,0.0413668824535675,2019-12-01
1602,0.0390243232250213,2020-03-01
2547,0.0390243232250213,2020-03-01
6266,0.0390243232250213,2020-03-01
7228,0.0390243232250213,2020-03-01
7241,0.0392384268343448,2020-03-01
7257,0.0390243232250213,2020-03-01
10115,0.0390243232250213,2020-03-01
10530,0.0390243232250213,2020-03-01
10903,0.0390243232250213,2020-03-01
11032,0.0391293726861476,2020-03-01
15414,0.0390243232250213,2020-03-01
16101,0.0392384268343448,2020-03-01
17928,0.0407601334154605,2020-03-01
20904,0.040645595639944,2020-03-01
22260,0.0392384268343448,2020-03-01
23812,0.0391293726861476,2020-03-01
24344,0.0390243232250213,2020-03-01
25279,0.0390483364462852,2020-03-01
25313,0.0390243232250213,2020-03-01
34410,0.0479488223791122,2020-03-01
61483,0.0391293726861476,2020-03-01
64166,0.0391293726861476,2020-03-01
65772,0.0390243232250213,2020-03-01
126554,0.0390243232250213,2020-03-01
137131,0.0390243232250213,2020-03-01
144559,0.0390243232250213,2020-03-01
145046,0.0390243232250213,2020-03-01
145552,0.0390243232250213,2020-03-01
2547,0.0519526910497179,2020-06-01
2751,0.0471907786470664,2020-06-01
7241,0.0503833039691845,2020-06-01
7637,0.0548010226919741,2020-06-01
14960,0.0500856435746975,2020-06-01
16101,0.0588448471699427,2020-06-01
22260,0.0576345901777991,2020-06-01
29127,0.0493669149824044,2020-06-01
34410,0.0678793119798323,2020-06-01
61483,0.0527901207517451,2020-06-01
61494,0.0523580806095877,2020-06-01
61574,0.0507678229054755,2020-06-01
141384,0.0452658273081697,2020-06-01
152149,0.0488675751324983,2020-06-01
177227,0.0509896688083386,2020-06-01
2547,0.0538991786776883,2020-09-01
2751,0.0400945586653326,2020-09-01
7241,0.0463499204590935,2020-09-01
7637,0.0481084514662219,2020-09-01
11032,0.0544383204229358,2020-09-01
22260,0.0516035469462881,2020-09-01
24197,0.0388976436214787,2020-09-01
24468,0.0400700085745501,2020-09-01
29127,0.0373832524192119,2020-09-01
61483,0.0487388366456782,2020-09-01
61574,0.0476608420161123,2020-09-01
133366,0.0383853497641441,2020-09-01
145046,0.0425358494919332,2020-09-01
145552,0.0545905745073621,2020-09-01
152149,0.042404057360544,2020-09-01
2547,0.048214169254175,2020-12-01
2751,0.0428955646731701,2020-12-01
7241,0.0382061960375381,2020-12-01
7637,0.052466649128818,2020-12-01
11032,0.052181209577341,2020-12-01
11376,0.0355537134622931,2020-12-01
22260,0.04148514170007,2020-12-01
29127,0.0429042261305204,2020-12-01
31673,0.0505880150879089,2020-12-01
34410,0.0388887554829633,2020-12-01
61494,0.0396903404958666,2020-12-01
61574,0.0461739974841911,2020-12-01
64166,0.0386396649579793,2020-12-01
133366,0.0429456248826493,2020-12-01
145552,0.0540563214877705,2020-12-01
2547,0.0584530553820635,2021-03-01
2751,0.0399364494058831,2021-03-01
3504,0.0424077438259567,2021-03-01
7171,0.0417629731166706,2021-03-01
7241,0.0401002279245487,2021-03-01
7637,0.0430354025497416,2021-03-01
11032,0.0520763358122095,2021-03-01
11376,0.041289136771232,2021-03-01
22260,0.049538938612555,2021-03-01
24197,0.0382622362259024,2021-03-01
31673,0.0529802407300753,2021-03-01
64166,0.044570566180929,2021-03-01
133366,0.046247066600937,2021-03-01
136725,0.0384837431417088,2021-03-01
145552,0.0592213611770974,2021-03-01
1078,0.0312426127493381,2021-06-01
1602,0.0312426127493381,2021-06-01
2086,0.0312426127493381,2021-06-01
2111,0.0312426127493381,2021-06-01
2403,0.031806644052267,2021-06-01
2547,0.0312426127493381,2021-06-01
2751,0.0349673703312873,2021-06-01
3735,0.0312426127493381,2021-06-01
4145,0.0312426127493381,2021-06-01
6266,0.0312426127493381,2021-06-01
7228,0.0312426127493381,2021-06-01
7241,0.031806644052267,2021-06-01
7257,0.0312426127493381,2021-06-01
7637,0.0477645061910152,2021-06-01
8530,0.031806644052267,2021-06-01
10115,0.0312426127493381,2021-06-01
11032,0.0312426127493381,2021-06-01
11376,0.0312426127493381,2021-06-01
13721,0.0312426127493381,2021-06-01
14960,0.0312426127493381,2021-06-01
16101,0.0312426127493381,2021-06-01
17928,0.0312426127493381,2021-06-01
20904,0.0365304797887802,2021-06-01
22260,0.0312426127493381,2021-06-01
23812,0.0364459194242954,2021-06-01
24344,0.0312426127493381,2021-06-01
24468,0.0312426127493381,2021-06-01
24856,0.031806644052267,2021-06-01
25279,0.031806644052267,2021-06-01
25313,0.0312426127493381,2021-06-01
29127,0.0312426127493381,2021-06-01
31673,0.0312426127493381,2021-06-01
31887,0.0312426127493381,2021-06-01
34410,0.0364459194242954,2021-06-01
61494,0.031806644052267,2021-06-01
61574,0.0312426127493381,2021-06-01
64166,0.0312426127493381,2021-06-01
126554,0.0312426127493381,2021-06-01
133366,0.0312426127493381,2021-06-01
137131,0.0312426127493381,2021-06-01
144559,0.0312426127493381,2021-06-01
145552,0.031806644052267,2021-06-01
152149,0.0312426127493381,2021-06-01
1078,0.0392214283347129,2021-09-01
2086,0.0392214283347129,2021-09-01
3735,0.0392214283347129,2021-09-01
4145,0.0392214283347129,2021-09-01
7228,0.0392214283347129,2021-09-01
10115,0.0392214283347129,2021-09-01
13721,0.0392214283347129,2021-09-01
14960,0.0392214283347129,2021-09-01
15414,0.0392214283347129,2021-09-01
20904,0.039454385638237,2021-09-01
23812,0.0534247048199176,2021-09-01
24344,0.0392214283347129,2021-09-01
24856,0.039454385638237,2021-09-01
25279,0.039454385638237,2021-09-01
25313,0.0392214283347129,2021-09-01
29127,0.0392214283347129,2021-09-01
61483,0.0392214283347129,2021-09-01
64166,0.0392214283347129,2021-09-01
126554,0.0392214283347129,2021-09-01
133366,0.0392214283347129,2021-09-01
145552,0.0396749638020992,2021-09-01
152149,0.0392214283347129,2021-09-01
162887,0.0392214283347129,2021-09-01
177227,0.0392214283347129,2021-09-01
3504,0.0391636448384359,2021-12-01
4145,0.0402880910585816,2021-12-01
7241,0.0406172472931022,2021-12-01
7637,0.0678633073267496,2021-12-01
11032,0.0401138957920747,2021-12-01
14960,0.0391600027439535,2021-12-01
23812,0.0400627645747356,2021-12-01
24344,0.0415044532833372,2021-12-01
24468,0.0405435966921231,2021-12-01
29127,0.0412512867179043,2021-12-01
34410,0.0459137238750904,2021-12-01
126554,0.0399125076065327,2021-12-01
133366,0.0441226666241405,2021-12-01
145552,0.0389201254283489,2021-12-01
177227,0.0658202831545975,2021-12-01
3504,0.0396398566663265,2022-03-01
3735,0.0396398566663265,2022-03-01
7637,0.0506546460092067,2022-03-01
11376,0.0396398566663265,2022-03-01
14960,0.0396398566663265,2022-03-01
17928,0.0396398566663265,2022-03-01
20904,0.0396398566663265,2022-03-01
24197,0.0396398566663265,2022-03-01
24344,0.0396398566663265,2022-03-01
24468,0.0396398566663265,2022-03-01
25279,0.0398400127887725,2022-03-01
29127,0.0396398566663265,2022-03-01
34410,0.0396398566663265,2022-03-01
61483,0.0396398566663265,2022-03-01
126554,0.0396398566663265,2022-03-01
133366,0.0396398566663265,2022-03-01
136725,0.0396398566663265,2022-03-01
137131,0.0396398566663265,2022-03-01
141384,0.0396398566663265,2022-03-01
152149,0.0396398566663265,2022-03-01
162887,0.0396398566663265,2022-03-01
177227,0.0396398566663265,2022-03-01
1602,0.041364607047955,2022-06-01
7241,0.0391225954901313,2022-06-01
11376,0.0382630971162063,2022-06-01
14960,0.0444769415510808,2022-06-01
15414,0.044946082612041,2022-06-01
20904,0.0393837321805028,2022-06-01
22260,0.0470300339637346,2022-06-01
24197,0.0408214874097721,2022-06-01
34410,0.0438151215373203,2022-06-01
61483,0.0418047457061153,2022-06-01
61574,0.0499340670251179,2022-06-01
65772,0.0411775124281054,2022-06-01
133366,0.0432372749572092,2022-06-01
136725,0.0416666348854942,2022-06-01
177227,0.0524628388719684,2022-06-01
3504,0.0407122142317213,2022-09-01
4145,0.0444569197014318,2022-09-01
7241,0.0395666768921008,2022-09-01
7637,0.0573014135371296,2022-09-01
11032,0.0393894941977748,2022-09-01
15414,0.0393391266481104,2022-09-01
17928,0.0443707693715292,2022-09-01
27914,0.0395579560284391,2022-09-01
29127,0.0408341392859194,2022-09-01
34410,0.0435225549285679,2022-09-01
61483,0.0406128110717245,2022-09-01
126554,0.0402866293992213,2022-09-01
136725,0.0400991464569673,2022-09-01
145046,0.0395579560284391,2022-09-01
162887,0.0636283573831551,2022-09-01
7637,0.0599878046328465,2022-12-01
11032,0.0454197347844268,2022-12-01
11376,0.0438271867468642,2022-12-01
14960,0.0442776189773472,2022-12-01
22260,0.0459946883169217,2022-12-01
34410,0.050317561413218,2022-12-01
61483,0.0577297832324727,2022-12-01
61494,0.0486221381850876,2022-12-01
61574,0.060502882932601,2022-12-01
133366,0.0515997251192744,2022-12-01
136725,0.0471898739988241,2022-12-01
144559,0.0440450806570459,2022-12-01
145552,0.0547727336470733,2022-12-01
162887,0.0539159995714704,2022-12-01
177227,0.0573877681746676,2022-12-01
1602,0.0441365958759471,2023-03-01
2086,0.047289340023119,2023-03-01
4145,0.0463076747105968,2023-03-01
7637,0.0534012156170253,2023-03-01
20904,0.0440616156473653,2023-03-01
24468,0.0482515791839497,2023-03-01
41818,0.0481234067449207,2023-03-01
61483,0.0442196606839348,2023-03-01
61574,0.0603656926430036,2023-03-01
65772,0.0439966894509342,2023-03-01
133366,0.0476242212350013,2023-03-01
136725,0.0477990736039933,2023-03-01
137131,0.0465486657431998,2023-03-01
162887,0.0522350803236322,2023-03-01
177227,0.0497361361188219,2023-03-01
2086,0.0550504353416241,2023-06-01
2547,0.0419995973645623,2023-06-01
2751,0.0508572072715153,2023-06-01
7241,0.0436420412204464,2023-06-01
11032,0.0428331266038244,2023-06-01
11376,0.0438204114624212,2023-06-01
15414,0.0446518130677583,2023-06-01
25313,0.0424666750142689,2023-06-01
34410,0.0432669904322596,2023-06-01
61483,0.0479670793675028,2023-06-01
61574,0.0412721495408823,2023-06-01
136725,0.0436747888378937,2023-06-01
145552,0.059211400930219,2023-06-01
152149,0.0409022886445168,2023-06-01
177227,0.0455788916707208,2023-06-01
2086,0.0370627342121167,2023-09-01
2751,0.0462042611855343,2023-09-01
7171,0.0345530135379459,2023-09-01
7241,0.0402074387577508,2023-09-01
7637,0.0379534839549953,2023-09-01
8530,0.0437712069989632,2023-09-01
15414,0.036262472015971,2023-09-01
20904,0.0366932971808516,2023-09-01
29127,0.0404086295282344,2023-09-01
34410,0.0407151490910025,2023-09-01
41818,0.0373038687546733,2023-09-01
61483,0.044366434782243,2023-09-01
61494,0.0347695744908131,2023-09-01
65772,0.0344186135560555,2023-09-01
145552,0.0527911917621569,2023-09-01
2086,0.0609032997835366,2023-12-01
2751,0.0498546881635314,2023-12-01
4145,0.0474649256758095,2023-12-01
7171,0.0500619907265115,2023-12-01
7228,0.0443093147666924,2023-12-01
7241,0.0496415693904837,2023-12-01
7637,0.0461040022031962,2023-12-01
8530,0.0454386602612397,2023-12-01
11032,0.0447057368712575,2023-12-01
17928,0.0428500877672999,2023-12-01
22260,0.0442192579548469,2023-12-01
31673,0.050114321845244,2023-12-01
61494,0.0469488504867755,2023-12-01
144559,0.0437248127407428,2023-12-01
145552,0.0543686780961785,2023-12-01
2751,0.0518490997257653,2024-03-01
7171,0.0423395976098601,2024-03-01
7241,0.0475031200299023,2024-03-01
7637,0.0416623280162773,2024-03-01
8530,0.0506904072158211,2024-03-01
11032,0.0431408704023218,2024-03-01
20904,0.0427310608279912,2024-03-01
22260,0.0370669548136764,2024-03-01
29127,0.046782220908664,2024-03-01
31673,0.0360747872845314,2024-03-01
34410,0.041069743892608,2024-03-01
61483,0.0412240959689876,2024-03-01
133366,0.0363007723801712,2024-03-01
145552,0.0425891160742548,2024-03-01
177227,0.0347997133016535,2024-03-01
2751,0.0429500698584222,2024-06-01
8530,0.0395045975517091,2024-06-01
15414,0.0404237183579765,2024-06-01
20904,0.0363705315804586,2024-06-01
24468,0.0387154003737587,2024-06-01
29127,0.0508377817944638,2024-06-01
31887,0.0332622816456582,2024-06-01
34410,0.0505446291269221,2024-06-01
45167,0.0420779303799596,2024-06-01
61483,0.0343719155991528,2024-06-01
61494,0.0354764971660128,2024-06-01
133366,0.0348126582909083,2024-06-01
145552,0.0488108093719629,2024-06-01
162887,0.0341185799933245,2024-06-01
177227,0.0354880184346789,2024-06-01
2751,0.0480263395736244,2024-09-01
4145,0.0367587882612165,2024-09-01
7171,0.0355313552463288,2024-09-01
7228,0.0377017590480925,2024-09-01
7241,0.036792079528347,2024-09-01
20904,0.0395895659932913,2024-09-01
24468,0.0367237261466008,2024-09-01
29127,0.038931518321062,2024-09-01
31673,0.0363969441458724,2024-09-01
34410,0.0417302315399619,2024-09-01
45167,0.0440616790566996,2024-09-01
61483,0.0373402070654079,2024-09-01
65772,0.0366073351539818,2024-09-01
145552,0.0451495406735885,2024-09-01
177227,0.0375877484498086,2024-09-01
2751,0.0387759580885813,2024-12-01
4145,0.0290789462280514,2024-12-01
7228,0.0257716925787025,2024-12-01
20904,0.0347700810279965,2024-12-01
27914,0.0272098501360526,2024-12-01
29127,0.0331466512094752,2024-12-01
45167,0.026426468257786,2024-12-01
61483,0.0439658373492561,2024-12-01
61494,0.027038356360065,2024-12-01
65772,0.0259308015295033,2024-12-01
133366,0.0439584100240518,2024-12-01
144559,0.0274818119149221,2024-12-01
145552,0.0462556310704616,2024-12-01
152149,0.0290097812549078,2024-12-01
162887,0.0327865834456509,2024-12-01
2086,0.0355950553902204,2025-03-01
2751,0.0307150721757772,2025-03-01
7241,0.0297214351642524,2025-03-01
7637,0.0285199891711794,2025-03-01
15414,0.0299768275266052,2025-03-01
16101,0.0273668524611375,2025-03-01
20904,0.0346063262928104,2025-03-01
27914,0.0303960823845689,2025-03-01
29127,0.0376222871814879,2025-03-01
34410,0.0463767119835063,2025-03-01
61483,0.0361551754159202,2025-03-01
133366,0.0312688481007805,2025-03-01
137131,0.0284271865795966,2025-03-01
144559,0.032419525927596,2025-03-01
145552,0.0384037941001306,2025-03-01
2086,0.0285717152679146,2025-06-01
2751,0.0280254474350718,2025-06-01
7637,0.0307177705747632,2025-06-01
11376,0.0309832927078552,2025-06-01
15414,0.0302942158056255,2025-06-01
20904,0.0402694578874517,2025-06-01
24468,0.0300326434156735,2025-06-01
27914,0.0314619845820989,2025-06-01
29127,0.0393101758884828,2025-06-01
34410,0.0467436823738685,2025-06-01
45167,0.0287261917863764,2025-06-01
61483,0.0396206558370155,2025-06-01
133366,0.0334945144743773,2025-06-01
144559,0.0315827945408209,2025-06-01
145552,0.0416391278773319,2025-06-01
1602,0.025180185213685,2025-09-01
2086,0.023272393271327,2025-09-01
2403,0.025180185213685,2025-09-01
2751,0.0251259505748748,2025-09-01
3504,0.0262551829218864,2025-09-01
7171,0.0251259505748748,2025-09-01
7241,0.023272393271327,2025-09-01
8530,0.023272393271327,2025-09-01
15414,0.0262551829218864,2025-09-01
16101,0.0251259505748748,2025-09-01
20904,0.0262551829218864,2025-09-01
22260,0.0258049424737691,2025-09-01
23812,0.0288271158933639,2025-09-01
27914,0.0265744440257549,2025-09-01
29127,0.0262551829218864,2025-09-01
34410,0.0262551829218864,2025-09-01
41818,0.023272393271327,2025-09-01
45167,0.023272393271327,2025-09-01
61494,0.023272393271327,2025-09-01
145552,0.023272393271327,2025-09-01
1449,0.0636971965432167,2001-03-01
1487,0.0574467480182647,2001-03-01
2968,0.0642594471573829,2001-03-01
3243,0.0565643645823001,2001-03-01
4674,0.0564374290406703,2001-03-01
4699,0.061651088297367,2001-03-01
4885,0.07362562417984,2001-03-01
7647,0.0564374290406703,2001-03-01
8007,0.0564374290406703,2001-03-01
9783,0.0564374290406703,2001-03-01
10035,0.063459038734436,2001-03-01
10614,0.0564374290406703,2001-03-01
13988,0.0657110437750816,2001-03-01
15417,0.0657110437750816,2001-03-01
61380,0.0622809641063213,2001-03-01
61739,0.0597819574177265,2001-03-01
141913,0.0581645406782627,2001-03-01
4885,0.0633065700531005,2001-06-01
6781,0.0590129941701889,2001-06-01
7163,0.0567968674004077,2001-06-01
7647,0.0602093711495399,2001-06-01
8007,0.0632730051875114,2001-06-01
8898,0.0590129941701889,2001-06-01
10614,0.0590129941701889,2001-06-01
15417,0.0948011577129364,2001-06-01
61380,0.0633065700531005,2001-06-01
63172,0.0625134631991386,2001-06-01
114628,0.0648067593574523,2001-06-01
133768,0.07591363042593,2001-06-01
141913,0.0584914982318878,2001-06-01
4674,0.0516989905341947,2001-09-01
4973,0.0715903279353273,2001-09-01
7647,0.0664530284142328,2001-09-01
8007,0.0500971420039289,2001-09-01
8898,0.0616077902599955,2001-09-01
12138,0.0527262670746797,2001-09-01
13988,0.0794697893557709,2001-09-01
15417,0.0694031262138042,2001-09-01
61380,0.0545068719551077,2001-09-01
63172,0.0669900595764757,2001-09-01
114628,0.0648510080898471,2001-09-01
139665,0.0731044477868344,2001-09-01
141913,0.0511638413660481,2001-09-01
1449,0.0687082082517517,2001-12-01
4674,0.073488481052503,2001-12-01
4973,0.0678086211340531,2001-12-01
7163,0.0765159442851353,2001-12-01
8007,0.0683834595614178,2001-12-01
11811,0.112240083014262,2001-12-01
12138,0.0663446944233785,2001-12-01
13988,0.0667751150657843,2001-12-01
15417,0.0827213854122129,2001-12-01
28034,0.0736953669520992,2001-12-01
63172,0.1028075063712044,2001-12-01
139665,0.0999178217379636,2001-12-01
144009,0.0670317157616216,2001-12-01
1449,0.0719232977114956,2002-03-01
4674,0.0794930627780807,2002-03-01
7163,0.0770124560685357,2002-03-01
7647,0.0639339583280123,2002-03-01
8007,0.0717839626485844,2002-03-01
10614,0.0659229939783382,2002-03-01
11811,0.1098223269741726,2002-03-01
13988,0.0805964895287975,2002-03-01
15417,0.0843003758583342,2002-03-01
29804,0.0865284349337445,2002-03-01
63172,0.1113989762623003,2002-03-01
139665,0.101011171416637,2002-03-01
141913,0.0679356503974482,2002-03-01
144009,0.066043755767909,2002-03-01
1449,0.051179365824535,2002-06-01
4674,0.0595140253950233,2002-06-01
6781,0.0597296612198357,2002-06-01
7647,0.0734710238919809,2002-06-01
7982,0.0530975599621197,2002-06-01
8007,0.0569953346495208,2002-06-01
9783,0.0519955862877018,2002-06-01
10614,0.0688013136486053,2002-06-01
11811,0.0591374549829627,2002-06-01
13341,0.0876223829279092,2002-06-01
14822,0.0616197104527215,2002-06-01
62689,0.054884303080711,2002-06-01
63172,0.0729881915155965,2002-06-01
139665,0.0596764910889034,2002-06-01
1449,0.07285947479468,2002-09-01
8898,0.0748177699123329,2002-09-01
9783,0.070486101753235,2002-09-01
11811,0.1137213186161364,2002-09-01
12138,0.0946982845612514,2002-09-01
13341,0.0777495049122435,2002-09-01
13988,0.0688349559194151,2002-09-01
15417,0.0898018964337661,2002-09-01
29804,0.0722195305224617,2002-09-01
61302,0.0800506238010869,2002-09-01
63172,0.1448709306052157,2002-09-01
133768,0.0764472080738149,2002-09-01
139665,0.1025036709994946,2002-09-01
141913,0.1089343445310322,2002-09-01
1449,0.0682732400694291,2002-12-01
4674,0.065559967082118,2002-12-01
7163,0.0655764061634451,2002-12-01
9783,0.0652758525481134,2002-12-01
10614,0.0688316390138208,2002-12-01
11811,0.0839016785318292,2002-12-01
12138,0.0719928196770953,2002-12-01
13341,0.0776359667993862,2002-12-01
13988,0.070007550369499,2002-12-01
15417,0.0861904039386081,2002-12-01
63172,0.0978769083495517,2002-12-01
139665,0.0803662930161466,2002-12-01
141913,0.0854114113581859,2002-12-01
149337,0.0859093731078027,2002-12-01
4973,0.09204327404177,2003-03-01
7163,0.071284347464876,2003-03-01
8007,0.0738571880442674,2003-03-01
11811,0.1167649795999835,2003-03-01
12138,0.0991952092069873,2003-03-01
13341,0.0726482595106398,2003-03-01
13988,0.07501970523991,2003-03-01
15417,0.0826408170941957,2003-03-01
30990,0.0775489875746638,2003-03-01
63172,0.1336769646396286,2003-03-01
139665,0.0887695708610405,2003-03-01
141913,0.0947644446047056,2003-03-01
149070,0.0933245518666226,2003-03-01
149337,0.0983203880229227,2003-03-01
2968,0.0711353387315511,2003-06-01
4973,0.0747204218780406,2003-06-01
8245,0.0679720859940293,2003-06-01
11811,0.1180275870541439,2003-06-01
12138,0.0741691666423463,2003-06-01
15417,0.0992971265245493,2003-06-01
28034,0.0692866075387933,2003-06-01
30990,0.0796363562535478,2003-06-01
61302,0.0752711719152429,2003-06-01
63172,0.1859842356867965,2003-06-01
124434,0.0873196470804788,2003-06-01
133768,0.0801901594368497,2003-06-01
139665,0.1256703101714286,2003-06-01
141913,0.1202059180692235,2003-06-01
4674,0.0679774888972856,2003-09-01
4973,0.0746101543781454,2003-09-01
7163,0.0678701898817864,2003-09-01
8007,0.0702195705195704,2003-09-01
9783,0.0664088635502753,2003-09-01
11811,0.0669082731352707,2003-09-01
13341,0.0729882870193234,2003-09-01
15417,0.0920149594344407,2003-09-01
29804,0.0754724710380363,2003-09-01
63172,0.0769811735705042,2003-09-01
139665,0.0924024023536531,2003-09-01
141913,0.0842580056816044,2003-09-01
149070,0.0798561575528826,2003-09-01
149337,0.081317099908209,2003-09-01
1449,0.0691069839393897,2003-12-01
4885,0.0662032039974443,2003-12-01
4973,0.0566491065151285,2003-12-01
7163,0.0556044502449364,2003-12-01
8007,0.0519525236252537,2003-12-01
10614,0.0585314847229162,2003-12-01
13341,0.0611105019411271,2003-12-01
14822,0.0504779595110074,2003-12-01
61302,0.0566230001168074,2003-12-01
63172,0.0787324574169583,2003-12-01
114628,0.0618465941295857,2003-12-01
133768,0.0669310645761314,2003-12-01
139665,0.0930348533484492,2003-12-01
149070,0.0722329378826247,2003-12-01
3221,0.0501322848896798,2004-03-01
4723,0.0469711195446829,2004-03-01
7163,0.0588053008955252,2004-03-01
7647,0.060070884723365,2004-03-01
8007,0.0512636615823721,2004-03-01
10614,0.0492605496267015,2004-03-01
13341,0.0494567207556243,2004-03-01
14822,0.0459452817637568,2004-03-01
15417,0.0503002169363764,2004-03-01
28034,0.0462984006352627,2004-03-01
28349,0.0461217784841554,2004-03-01
61302,0.0477230252363791,2004-03-01
61380,0.0440598655099407,2004-03-01
114628,0.0452398234566491,2004-03-01
1449,0.0487633583952027,2004-06-01
3221,0.0395520810477985,2004-06-01
7647,0.0417262148998664,2004-06-01
8007,0.0437778669103139,2004-06-01
8898,0.0419925153842074,2004-06-01
12124,0.0443566373667245,2004-06-01
13341,0.0487731851957147,2004-06-01
14822,0.0409759766231695,2004-06-01
15417,0.0461357280251728,2004-06-01
61302,0.047163373644886,2004-06-01
63172,0.0692506909868966,2004-06-01
124434,0.0570630759675352,2004-06-01
144009,0.0416550226847807,2004-06-01
149070,0.039574638584556,2004-06-01
157057,0.0409266691873008,2004-06-01
4674,0.0561315986201139,2004-09-01
4973,0.057592498387386,2004-09-01
8007,0.0559071004818557,2004-09-01
10614,0.0561315288656701,2004-09-01
11811,0.0590395403297356,2004-09-01
12138,0.0827302297721979,2004-09-01
13341,0.0677604134426196,2004-09-01
15417,0.0641404406529233,2004-09-01
61302,0.0559579533508329,2004-09-01
63172,0.0925007276640577,2004-09-01
139665,0.0661732140050164,2004-09-01
141913,0.0655775735767388,2004-09-01
149070,0.0658830796003458,2004-09-01
149337,0.0682323870512452,2004-09-01
157057,0.0555044203004855,2004-09-01
1449,0.0567031798421558,2004-12-01
4723,0.0522425611801969,2004-12-01
8007,0.0585083870974364,2004-12-01
8898,0.0532260264845698,2004-12-01
10614,0.0568341885147201,2004-12-01
11811,0.0704919023932172,2004-12-01
12138,0.0807763885003874,2004-12-01
13341,0.0630705399496551,2004-12-01
14822,0.0553006815551022,2004-12-01
29804,0.0640642558672625,2004-12-01
63172,0.0611086631236402,2004-12-01
139665,0.0571840015066818,2004-12-01
141913,0.0572107881369954,2004-12-01
149337,0.0791930252646631,2004-12-01
157057,0.0557799148597847,2004-12-01
1449,0.0637719259586677,2005-03-01
4885,0.0504428151219681,2005-03-01
5786,0.051286157074168,2005-03-01
6781,0.0532084313208328,2005-03-01
10614,0.0655773970578618,2005-03-01
11811,0.0644996902987036,2005-03-01
12138,0.0640290665705139,2005-03-01
12635,0.0593508639063308,2005-03-01
13341,0.0665151600651204,2005-03-01
14822,0.0554496651294401,2005-03-01
29804,0.0592946156675002,2005-03-01
61302,0.055117739627647,2005-03-01
63172,0.0682654769813464,2005-03-01
141913,0.0650478345930721,2005-03-01
149337,0.0678275583637771,2005-03-01
1449,0.0579253943108299,2005-06-01
4885,0.0681754132159737,2005-06-01
4973,0.0577988921970727,2005-06-01
6781,0.0535521098565106,2005-06-01
10614,0.0630137929301878,2005-06-01
11811,0.0742267386801033,2005-06-01
12138,0.0644982146524219,2005-06-01
12635,0.06263886401593,2005-06-01
13341,0.0704615896713768,2005-06-01
14822,0.0551599532868136,2005-06-01
15417,0.0604640634077452,2005-06-01
61302,0.0583438385203416,2005-06-01
63172,0.0626177995339795,2005-06-01
141913,0.0553102225763682,2005-06-01
149337,0.0631098150936753,2005-06-01
1449,0.0596025595923356,2005-09-01
3221,0.0501969884134738,2005-09-01
4885,0.0726330563469253,2005-09-01
6781,0.05277054723385,2005-09-01
10614,0.0619785251659269,2005-09-01
11811,0.0685782359388191,2005-09-01
12138,0.0525023778433253,2005-09-01
12635,0.0648025699015057,2005-09-01
13341,0.0726957287629458,2005-09-01
14822,0.0526449475729705,2005-09-01
15417,0.0657158698179422,2005-09-01
61302,0.0557878425290789,2005-09-01
63172,0.0627437866054792,2005-09-01
141913,0.0739985547177482,2005-09-01
149337,0.0508759588957522,2005-09-01
1449,0.0607315727885565,2005-12-01
4723,0.0496874922464423,2005-12-01
4885,0.0644015570764587,2005-12-01
5786,0.0496157538949538,2005-12-01
8007,0.0566506714770057,2005-12-01
10614,0.0587382593311681,2005-12-01
11811,0.0655137182896477,2005-12-01
12138,0.0508143978601066,2005-12-01
12635,0.06125529780923,2005-12-01
13341,0.0648398620330151,2005-12-01
14822,0.050305764464669,2005-12-01
15417,0.0525456591964437,2005-12-01
29804,0.0503848990804933,2005-12-01
141913,0.063686175967991,2005-12-01
149337,0.0537195297186602,2005-12-01
1449,0.0684540745524371,2006-03-01
4723,0.054664194702167,2006-03-01
4885,0.0586429277501586,2006-03-01
5786,0.0486403254209057,2006-03-01
10614,0.0669050796189968,2006-03-01
11811,0.0774674328897285,2006-03-01
12138,0.0672894065711284,2006-03-01
12635,0.0647659349759807,2006-03-01
13341,0.0539611501772656,2006-03-01
14822,0.0530205447287494,2006-03-01
61302,0.0555793191278658,2006-03-01
63172,0.0585146362583104,2006-03-01
141913,0.0649667726617064,2006-03-01
149337,0.0511397640791648,2006-03-01
163610,0.0856361147008546,2006-03-01
1449,0.0591717699302046,2006-06-01
4885,0.0525148441787802,2006-06-01
7065,0.0471435015319736,2006-06-01
8898,0.0473858417350293,2006-06-01
10614,0.0505352389599001,2006-06-01
11811,0.0794457666114179,2006-06-01
12138,0.0532786290474247,2006-06-01
12635,0.0588516993564589,2006-06-01
13341,0.0610493604433524,2006-06-01
14822,0.0472905863016891,2006-06-01
15417,0.0569611902870456,2006-06-01
29804,0.0507296407911227,2006-06-01
63172,0.0551976520547237,2006-06-01
141913,0.0719637586823398,2006-06-01
163610,0.0775705739197484,2006-06-01
1449,0.064008165718395,2006-09-01
4885,0.0770076571225534,2006-09-01
8898,0.0515859956450712,2006-09-01
10614,0.0586518385791527,2006-09-01
11811,0.0603869972460527,2006-09-01
12138,0.0485442504130447,2006-09-01
12635,0.0580661506827941,2006-09-01
13341,0.0565914337103161,2006-09-01
14822,0.0501198176790292,2006-09-01
15417,0.0486306733402383,2006-09-01
61302,0.0536787499433571,2006-09-01
63172,0.0565019859664537,2006-09-01
139665,0.0484696820200263,2006-09-01
141913,0.0850795074698226,2006-09-01
160225,0.0690053826881638,2006-09-01
163610,0.0790461403378415,2006-09-01
1449,0.0475909087223123,2006-12-01
3243,0.0666186113254764,2006-12-01
4723,0.0617370464476577,2006-12-01
4973,0.0475603368392485,2006-12-01
8898,0.0487910197584473,2006-12-01
11811,0.06625857108072,2006-12-01
12124,0.0666186113254764,2006-12-01
12138,0.0992971199471281,2006-12-01
12635,0.0541699247115804,2006-12-01
13341,0.0476948680995918,2006-12-01
14822,0.0547067356006813,2006-12-01
61302,0.0541140922867037,2006-12-01
63172,0.0992971199471281,2006-12-01
114628,0.0666186113254764,2006-12-01
160225,0.0898611439275148,2006-12-01
163610,0.1096992170055084,2006-12-01
4723,0.0514600617660579,2007-03-01
4973,0.0562569816849144,2007-03-01
8007,0.0514600617660579,2007-03-01
11811,0.065922396532842,2007-03-01
12124,0.0660037836988737,2007-03-01
12138,0.1004434399699416,2007-03-01
13341,0.0497119011541197,2007-03-01
14822,0.0608456601479669,2007-03-01
29804,0.0494533807981133,2007-03-01
61302,0.0558841168248743,2007-03-01
63172,0.0988860852753724,2007-03-01
114628,0.0642784501415411,2007-03-01
141913,0.0855156968872045,2007-03-01
144009,0.0642784501415411,2007-03-01
149337,0.1055692661499461,2007-03-01
163610,0.0550781746254279,2007-03-01
4885,0.0730019644282622,2007-06-01
4973,0.0630705989908024,2007-06-01
7065,0.0825517198562375,2007-06-01
7163,0.1006894232803105,2007-06-01
8245,0.0675569595480004,2007-06-01
11811,0.0647711845780463,2007-06-01
12124,0.0690608844920509,2007-06-01
12138,0.1100169629447554,2007-06-01
15417,0.0647438012144381,2007-06-01
29804,0.0602823138935563,2007-06-01
63172,0.1100169629447554,2007-06-01
114628,0.0675569595480004,2007-06-01
139665,0.0794454769252034,2007-06-01
144009,0.0658705716618793,2007-06-01
157057,0.0675569595480004,2007-06-01
160225,0.0983465305407193,2007-06-01
4723,0.0675748180522336,2007-09-01
4885,0.0647089195393477,2007-09-01
8007,0.0677164845602404,2007-09-01
12124,0.0718356954275147,2007-09-01
12138,0.0964054354341784,2007-09-01
29804,0.0647352658520774,2007-09-01
61388,0.0677978762322006,2007-09-01
63172,0.0959863867291755,2007-09-01
114628,0.0718356954275147,2007-09-01
141913,0.1042288725531591,2007-09-01
143356,0.0718356954275147,2007-09-01
149337,0.1044113896805691,2007-09-01
157057,0.0677978762322006,2007-09-01
160225,0.0906154922039709,2007-09-01
163610,0.0883977146810979,2007-09-01
177088,0.0615183470697563,2007-09-01
1449,0.0581992338714285,2007-12-01
4885,0.0605329552724241,2007-12-01
5786,0.0587286957654646,2007-12-01
10614,0.0588188881428075,2007-12-01
11811,0.0671034161536369,2007-12-01
12635,0.0655254812340766,2007-12-01
14822,0.0573619094615081,2007-12-01
15417,0.0669433680680283,2007-12-01
61302,0.0605234728742763,2007-12-01
63172,0.0614836672871221,2007-12-01
139665,0.0605195752725296,2007-12-01
141913,0.0807461168943331,2007-12-01
149337,0.0758622466647464,2007-12-01
160225,0.0780906612106586,2007-12-01
176701,0.0649909882910112,2007-12-01
177088,0.073829364256125,2007-12-01
4885,0.0631862851154226,2008-03-01
7065,0.0595764459065805,2008-03-01
7163,0.0651887800221906,2008-03-01
10614,0.0564962834547908,2008-03-01
11811,0.0727241908387337,2008-03-01
12138,0.065266709183571,2008-03-01
13341,0.0518344470428904,2008-03-01
14822,0.0517109170575506,2008-03-01
15417,0.0595140602029861,2008-03-01
61302,0.0532965451235369,2008-03-01
63172,0.069871393344422,2008-03-01
139665,0.068680099372935,2008-03-01
141913,0.0880960041250807,2008-03-01
149337,0.089697614933389,2008-03-01
160225,0.0733860652556292,2008-03-01
177088,0.069598466982375,2008-03-01
4640,0.0373452715575695,2008-06-01
4674,0.0373452715575695,2008-06-01
5786,0.0373452715575695,2008-06-01
8007,0.0373452715575695,2008-06-01
8898,0.0373452715575695,2008-06-01
9783,0.0373452715575695,2008-06-01
10614,0.0373452715575695,2008-06-01
11811,0.0373452715575695,2008-06-01
12635,0.0373452715575695,2008-06-01
13341,0.0373452715575695,2008-06-01
13988,0.0373452715575695,2008-06-01
14822,0.0392685234546661,2008-06-01
15417,0.0392685234546661,2008-06-01
29804,0.0533381700515747,2008-06-01
61302,0.0392685234546661,2008-06-01
114628,0.0398313514888286,2008-06-01
144009,0.0388910062611103,2008-06-01
149337,0.0533381700515747,2008-06-01
160225,0.0533381700515747,2008-06-01
176701,0.0392685234546661,2008-06-01
177088,0.0373452715575695,2008-06-01
4885,0.0580390944869373,2008-09-01
7163,0.0581544152099699,2008-09-01
8898,0.0489497789285423,2008-09-01
10614,0.0581841179508517,2008-09-01
11811,0.0532656549651099,2008-09-01
12635,0.0639273144554344,2008-09-01
13341,0.0594523450463189,2008-09-01
15417,0.0530487176613568,2008-09-01
29804,0.0624314525251707,2008-09-01
61302,0.0511792497819343,2008-09-01
63172,0.0536439220122939,2008-09-01
139665,0.0580657287609933,2008-09-01
141913,0.0674802054521222,2008-09-01
149337,0.0622778282030679,2008-09-01
160225,0.0511700340277438,2008-09-01
163610,0.0667904962011631,2008-09-01
178507,0.0599741444952365,2008-09-01
1447,0.0305755250155925,2008-12-01
1487,0.0303902029991149,2008-12-01
2968,0.0303902029991149,2008-12-01
4885,0.0309771746397018,2008-12-01
11811,0.0315182171761989,2008-12-01
29804,0.0451036617159843,2008-12-01
30990,0.0303902029991149,2008-12-01
61739,0.0449877083301544,2008-12-01
63172,0.0338330529630184,2008-12-01
139665,0.0421381406486034,2008-12-01
141913,0.0317118503153324,2008-12-01
143356,0.0384917110204696,2008-12-01
149070,0.030505396425724,2008-12-01
149337,0.0307699888944625,2008-12-01
163610,0.0359374061226844,2008-12-01
164708,0.0303902029991149,2008-12-01
165993,0.0404058247804641,2008-12-01
4640,0.0662488415837287,2009-03-01
4674,0.0662488415837287,2009-03-01
5786,0.0479297079145908,2009-03-01
9783,0.0662488415837287,2009-03-01
13341,0.071818396449089,2009-03-01
15417,0.0535608865320682,2009-03-01
29804,0.0426575690507888,2009-03-01
63172,0.0719925835728645,2009-03-01
149070,0.0421280972659587,2009-03-01
149337,0.0550840534269809,2009-03-01
160225,0.0494826510548591,2009-03-01
164708,0.039787046611309,2009-03-01
165993,0.0346060134470462,2009-03-01
176701,0.0439200103282928,2009-03-01
177088,0.0662488415837287,2009-03-01
179534,0.0769312605261802,2009-03-01
1449,0.0493917023006628,2009-06-01
1487,0.0502990881578748,2009-06-01
4885,0.0588980458778741,2009-06-01
7065,0.0548639826458507,2009-06-01
10614,0.0676045171305467,2009-06-01
12635,0.0605940578239461,2009-06-01
13341,0.0674528166931792,2009-06-01
15417,0.065856067906911,2009-06-01
63172,0.0576400490196622,2009-06-01
139665,0.0487229873446977,2009-06-01
143356,0.0485203444594185,2009-06-01
145701,0.0447888539976169,2009-06-01
149337,0.062538360697211,2009-06-01
160225,0.0634985254664938,2009-06-01
163610,0.0507161912951081,2009-06-01
178507,0.0504951096066255,2009-06-01
179534,0.0529808897504458,2009-06-01
1449,0.0711819306861057,2009-09-01
4885,0.080177895079997,2009-09-01
6781,0.0593041767503851,2009-09-01
10614,0.0748905446193833,2009-09-01
12635,0.0440882480622449,2009-09-01
13341,0.0469286092259879,2009-09-01
14822,0.0411405695863811,2009-09-01
15417,0.0709950585079718,2009-09-01
63172,0.0565148904549294,2009-09-01
139665,0.0898405360894343,2009-09-01
141913,0.0802432385322063,2009-09-01
145701,0.0703887912488187,2009-09-01
149337,0.0725656302329481,2009-09-01
157057,0.0574331420465123,2009-09-01
160225,0.0862649830081113,2009-09-01
164708,0.0406238593753969,2009-09-01
178507,0.1072718835232226,2009-09-01
1449,0.0366365202546602,2009-12-01
7163,0.0474073132228472,2009-12-01
10614,0.033419742874834,2009-12-01
11811,0.0507452741498724,2009-12-01
12635,0.0480621964462226,2009-12-01
13341,0.0515817125112263,2009-12-01
14822,0.0342365933546226,2009-12-01
15417,0.0427453158923136,2009-12-01
61302,0.0358140071947276,2009-12-01
139665,0.0495679697684442,2009-12-01
141913,0.0390709870408515,2009-12-01
149337,0.046152852583629,2009-12-01
160225,0.0466378628563692,2009-12-01
163610,0.0393830285318051,2009-12-01
165993,0.0426347984685169,2009-12-01
178507,0.037177359413105,2009-12-01
179534,0.0441953512736166,2009-12-01
7065,0.0375666193920009,2010-03-01
10614,0.0478153422214561,2010-03-01
11811,0.0652283493978573,2010-03-01
12138,0.04951062107059,2010-03-01
12635,0.0366215398500808,2010-03-01
13341,0.0156032718675732,2010-03-01
13988,0.0160971096863314,2010-03-01
14822,0.0294710043361509,2010-03-01
14824,0.0426264625156071,2010-03-01
15417,0.0202284312116471,2010-03-01
28349,0.0191783647448796,2010-03-01
63172,0.0442049170929811,2010-03-01
139665,0.0489643039386526,2010-03-01
149337,0.0393484690661916,2010-03-01
160225,0.0558519330727381,2010-03-01
176701,0.0383928272005804,2010-03-01
179534,0.0369073250160212,2010-03-01
1449,0.0443709269165992,2010-06-01
3243,0.0152079276740551,2010-06-01
4723,0.0172579810023307,2010-06-01
5786,0.059548158198595,2010-06-01
7065,0.0693467259407043,2010-06-01
7647,0.0175484418869018,2010-06-01
10614,0.0142847634851932,2010-06-01
13341,0.0183341726660728,2010-06-01
13988,0.018238516524434,2010-06-01
14822,0.0142847634851932,2010-06-01
14824,0.0146577628329396,2010-06-01
15417,0.0814011022448539,2010-06-01
61302,0.0142847634851932,2010-06-01
61739,0.0762576982378959,2010-06-01
63172,0.0347503796219825,2010-06-01
149337,0.0280897039920091,2010-06-01
160225,0.0150843085721135,2010-06-01
176701,0.059548158198595,2010-06-01
1449,0.031587431239286,2010-09-01
4885,0.0348893518033106,2010-09-01
7163,0.0495751381838198,2010-09-01
8898,0.0337288872613523,2010-09-01
10614,0.0369744328503366,2010-09-01
12635,0.0499555958551233,2010-09-01
13341,0.0385447507564568,2010-09-01
14822,0.0544679215725722,2010-09-01
15417,0.0436612087494892,2010-09-01
63172,0.0339875003549797,2010-09-01
139665,0.0503125481383091,2010-09-01
141913,0.0510415296167319,2010-09-01
149337,0.0614762438151144,2010-09-01
160225,0.0539124177163719,2010-09-01
163610,0.0304277000227235,2010-09-01
179534,0.0490830131689932,2010-09-01
184500,0.0485493623495052,2010-09-01
4640,0.0467316172786926,2010-12-01
5786,0.047758058607339,2010-12-01
9783,0.047908700950937,2010-12-01
10614,0.0507381402830492,2010-12-01
12635,0.0599823157915381,2010-12-01
14822,0.0622405414913996,2010-12-01
15417,0.0516440303915956,2010-12-01
61302,0.0534133522408572,2010-12-01
139665,0.0518695442338184,2010-12-01
141913,0.052540065016427,2010-12-01
149337,0.0663399871790438,2010-12-01
160225,0.0572383190482793,2010-12-01
165993,0.0488566581024929,2010-12-01
176701,0.0496089957375734,2010-12-01
179534,0.0617034907175336,2010-12-01
179741,0.0592798226851737,2010-12-01
184500,0.0620738139958121,2010-12-01
4640,0.0449507044376782,2011-03-01
8898,0.0401574216138757,2011-03-01
9783,0.0421756004692614,2011-03-01
10614,0.0607695707012715,2011-03-01
12635,0.0572920204175888,2011-03-01
13341,0.0383727605134929,2011-03-01
14822,0.0631358598869487,2011-03-01
15417,0.0392178933791367,2011-03-01
29804,0.0414439041671133,2011-03-01
61302,0.0567064782695185,2011-03-01
141913,0.043237710975371,2011-03-01
149337,0.0728252461657637,2011-03-01
160225,0.0506976359360637,2011-03-01
165993,0.0485208320753127,2011-03-01
179534,0.0553953846132983,2011-03-01
179741,0.0550227619849549,2011-03-01
184500,0.0600319807241296,2011-03-01
4640,0.0399136223686109,2011-06-01
4674,0.0460193828816172,2011-06-01
5786,0.0587361439326822,2011-06-01
7647,0.0531588631866232,2011-06-01
9783,0.0627012065775133,2011-06-01
12635,0.060252926939648,2011-06-01
14822,0.065691648556254,2011-06-01
15417,0.0445058011515447,2011-06-01
61302,0.0396527392288049,2011-06-01
61739,0.0528164365513467,2011-06-01
141913,0.039880664276747,2011-06-01
149337,0.0719298097109175,2011-06-01
163610,0.0396944268104197,2011-06-01
176701,0.0670211548929732,2011-06-01
179534,0.0546935756571873,2011-06-01
179741,0.0575128056985296,2011-06-01
184254,0.0627244431966031,2011-06-01
184500,0.0533195936479147,2011-06-01
1449,0.0518540748528092,2011-09-01
4640,0.0417529264159156,2011-09-01
5786,0.0395137983887644,2011-09-01
9783,0.0446409110072822,2011-09-01
10614,0.0422095950040304,2011-09-01
12635,0.0588427367431442,2011-09-01
13341,0.0407727303838124,2011-09-01
14822,0.0512300830194204,2011-09-01
15417,0.0395003645651815,2011-09-01
61302,0.0474378769173956,2011-09-01
63172,0.0473139971158392,2011-09-01
141913,0.0592265861131724,2011-09-01
149337,0.0649014413665685,2011-09-01
163610,0.0440440690499688,2011-09-01
176701,0.0420748102700227,2011-09-01
179534,0.0633996820953449,2011-09-01
179741,0.0495103277587171,2011-09-01
184500,0.0690577719084105,2011-09-01
1449,0.0167397707700729,2011-12-01
2968,0.016024500131607,2011-12-01
3243,0.0271335374563932,2011-12-01
4640,0.0199729893356561,2011-12-01
4674,0.0164298620074987,2011-12-01
6781,0.016024500131607,2011-12-01
7647,0.0164298620074987,2011-12-01
8245,0.016024500131607,2011-12-01
9783,0.0164298620074987,2011-12-01
10614,0.0472366735339164,2011-12-01
12124,0.0271335374563932,2011-12-01
30990,0.016024500131607,2011-12-01
61380,0.016024500131607,2011-12-01
61739,0.0479833073914051,2011-12-01
133768,0.0271335374563932,2011-12-01
143356,0.016024500131607,2011-12-01
145701,0.0225391797721385,2011-12-01
149337,0.016055803745985,2011-12-01
157057,0.016024500131607,2011-12-01
163610,0.0167397707700729,2011-12-01
176701,0.0164298620074987,2011-12-01
179534,0.016055803745985,2011-12-01
1487,0.025685004889965,2012-03-01
2019,0.044138204306364,2012-03-01
2968,0.0297738052904605,2012-03-01
3243,0.049951035529375,2012-03-01
4674,0.0285103730857372,2012-03-01
7647,0.0285103730857372,2012-03-01
8007,0.0270700417459011,2012-03-01
10614,0.07740069180727,2012-03-01
11856,0.049951035529375,2012-03-01
12124,0.0672006607055664,2012-03-01
14822,0.025685004889965,2012-03-01
28349,0.074550949037075,2012-03-01
61739,0.0751593336462974,2012-03-01
133768,0.0269934795796871,2012-03-01
143356,0.0269934795796871,2012-03-01
145701,0.049951035529375,2012-03-01
163610,0.0314978100359439,2012-03-01
176701,0.0285103730857372,2012-03-01
179534,0.0739886686205864,2012-03-01
1449,0.1589310971659684,2012-06-01
2019,0.0898680255494776,2012-06-01
2968,0.0623995675996938,2012-06-01
3243,0.0693795387249783,2012-06-01
4640,0.0612171513101582,2012-06-01
5786,0.0780296992908625,2012-06-01
9783,0.0394280640968646,2012-06-01
12124,0.1299313704094469,2012-06-01
14822,0.0537202937810458,2012-06-01
61739,0.0365389319028294,2012-06-01
114628,0.0579967639730031,2012-06-01
145701,0.0568754846884025,2012-06-01
149337,0.0363333552810651,2012-06-01
163610,0.1356618856465692,2012-06-01
178507,0.0373348701985883,2012-06-01
179741,0.063968802120434,2012-06-01
184254,0.0516439168715781,2012-06-01
184500,0.0690332120903622,2012-06-01
1449,0.0672920453150232,2012-09-01
2019,0.0579439968644118,2012-09-01
3243,0.0633269364038781,2012-09-01
4640,0.0531520479761604,2012-09-01
4674,0.0574459380890377,2012-09-01
5786,0.0498986902512041,2012-09-01
7647,0.0520169742570568,2012-09-01
9783,0.0578287257029104,2012-09-01
12124,0.0620936011305329,2012-09-01
12635,0.0618510355042995,2012-09-01
14822,0.0643686415359627,2012-09-01
61302,0.0658601427238033,2012-09-01
61739,0.0440522989778387,2012-09-01
141913,0.0565232917171863,2012-09-01
145701,0.0498448791627871,2012-09-01
149337,0.0804437310130804,2012-09-01
163610,0.0465648942095511,2012-09-01
184500,0.0519357558590233,2012-09-01
1449,0.0567730687180643,2012-12-01
2019,0.0371294269778997,2012-12-01
4640,0.0287089232773708,2012-12-01
4674,0.0296048242625506,2012-12-01
8898,0.0352810576595209,2012-12-01
12635,0.0623475360373052,2012-12-01
13341,0.0403968959373001,2012-12-01
14822,0.0606418397827247,2012-12-01
15417,0.0291362942300721,2012-12-01
29804,0.0286618278597313,2012-12-01
61302,0.0483265151781891,2012-12-01
139665,0.0293778758542391,2012-12-01
141913,0.0512615568573508,2012-12-01
149337,0.0706289302759159,2012-12-01
163610,0.0453946393282751,2012-12-01
165993,0.0279285354297659,2012-12-01
179741,0.0513137343660608,2012-12-01
184500,0.0341308773409315,2012-12-01
1449,0.0650538588261953,2013-03-01
4640,0.0448001729627082,2013-03-01
4674,0.0433873268611665,2013-03-01
5786,0.0395884240840904,2013-03-01
9783,0.0410185676228455,2013-03-01
12124,0.031828483953743,2013-03-01
12635,0.0703414609848104,2013-03-01
13341,0.0425885672335105,2013-03-01
14822,0.0632672688816204,2013-03-01
61739,0.0370756093116502,2013-03-01
141913,0.0589012487669945,2013-03-01
149337,0.0844500745542911,2013-03-01
163610,0.0516628415695936,2013-03-01
165993,0.0320959256160389,2013-03-01
179534,0.0377759190779454,2013-03-01
179741,0.0503454243496633,2013-03-01
184254,0.0418970360458795,2013-03-01
184500,0.0363264396906187,2013-03-01
1449,0.068422568068075,2013-06-01
4640,0.0465975713494039,2013-06-01
4674,0.0545435620060995,2013-06-01
5786,0.0393583172248754,2013-06-01
9783,0.0466068783900333,2013-06-01
12124,0.061614603222725,2013-06-01
12635,0.0389382852348833,2013-06-01
13341,0.0334712102794493,2013-06-01
14822,0.0587587226496383,2013-06-01
15417,0.039205936040249,2013-06-01
61302,0.0603837372481214,2013-06-01
61739,0.0573838198830356,2013-06-01
63172,0.03303495755761,2013-06-01
139665,0.0308182635926048,2013-06-01
141913,0.0454296474528298,2013-06-01
149337,0.0533448278924634,2013-06-01
179741,0.042528599350731,2013-06-01
184254,0.0454356906360364,2013-06-01
1449,0.0524087571797751,2013-09-01
2176,0.0283462718830459,2013-09-01
4640,0.0356919427828809,2013-09-01
4674,0.0403873989343771,2013-09-01
5786,0.0302585313452409,2013-09-01
7163,0.0332527588936878,2013-09-01
7647,0.0454720116593434,2013-09-01
9783,0.0342783691850591,2013-09-01
12124,0.0506985508146203,2013-09-01
12635,0.0656711334522385,2013-09-01
13341,0.0467318638673351,2013-09-01
14822,0.0682840157836833,2013-09-01
61302,0.0548405236271424,2013-09-01
139665,0.0389949227093189,2013-09-01
141913,0.0553100316188426,2013-09-01
149337,0.0703453434286649,2013-09-01
176701,0.0321772652377236,2013-09-01
184254,0.0379812357400413,2013-09-01
1487,0.0225012432783842,2013-12-01
3243,0.0225012432783842,2013-12-01
6781,0.0225012432783842,2013-12-01
8898,0.0279851946979761,2013-12-01
12124,0.0301161743700504,2013-12-01
12635,0.0644589215517044,2013-12-01
13341,0.021132992580533,2013-12-01
14822,0.0348197221755981,2013-12-01
15417,0.021132992580533,2013-12-01
61302,0.0277027785778045,2013-12-01
61380,0.0289896372705698,2013-12-01
61739,0.0225012432783842,2013-12-01
124434,0.0226633232086896,2013-12-01
141913,0.0240740124136209,2013-12-01
149337,0.0277027785778045,2013-12-01
176701,0.0222418159246444,2013-12-01
177088,0.021132992580533,2013-12-01
179741,0.0367226637899875,2013-12-01
184254,0.0367226637899875,2013-12-01
184500,0.0240740124136209,2013-12-01
1449,0.0374710726586211,2014-03-01
1487,0.0333109684003866,2014-03-01
2176,0.0341243738613638,2014-03-01
4640,0.0481915412769083,2014-03-01
4674,0.0383557568318853,2014-03-01
5786,0.0335512327986666,2014-03-01
6781,0.0275984724800593,2014-03-01
7647,0.0515967007848736,2014-03-01
9783,0.0388377572807162,2014-03-01
10614,0.0370321612816448,2014-03-01
12635,0.0353627915537161,2014-03-01
13341,0.0484565478040906,2014-03-01
14822,0.0677964217192037,2014-03-01
61302,0.0574337220487821,2014-03-01
63172,0.0278854745902631,2014-03-01
149337,0.0800557777351975,2014-03-01
157057,0.029256945870372,2014-03-01
179741,0.0554605762592649,2014-03-01
1449,0.035071428939043,2014-06-01
2176,0.0338513543689189,2014-06-01
4674,0.0363055558433694,2014-06-01
4885,0.0346250902158707,2014-06-01
8245,0.0318578184115691,2014-06-01
9783,0.0329930589001669,2014-06-01
10614,0.03522916334191,2014-06-01
12635,0.035890409855632,2014-06-01
13341,0.0416669886542136,2014-06-01
14822,0.0799025481704355,2014-06-01
15417,0.0360905588868963,2014-06-01
61302,0.069986759386214,2014-06-01
63172,0.0360989784461359,2014-06-01
149337,0.0829105400985152,2014-06-01
157057,0.0321347931938732,2014-06-01
176701,0.0455463061372086,2014-06-01
179534,0.0443156152140222,2014-06-01
179741,0.0573612558575672,2014-06-01
1449,0.041820386300664,2014-09-01
1487,0.0429868199698917,2014-09-01
2176,0.0477029205992588,2014-09-01
4674,0.0435622556277022,2014-09-01
7647,0.0441340642017632,2014-09-01
8245,0.040564139875144,2014-09-01
10614,0.0449341622200914,2014-09-01
13341,0.0451213732536572,2014-09-01
14822,0.0702462703331468,2014-09-01
15417,0.0401427341777873,2014-09-01
28349,0.043315998750291,2014-09-01
61302,0.0606774811428755,2014-09-01
139665,0.0489848968843797,2014-09-01
149070,0.0376658506110166,2014-09-01
149337,0.0765305438992143,2014-09-01
157057,0.0418602747226228,2014-09-01
176701,0.0487588586562535,2014-09-01
179741,0.0465028518569049,2014-09-01
1449,0.0336660040925153,2014-12-01
1487,0.037426448693077,2014-12-01
3243,0.0329273683693022,2014-12-01
4640,0.0465560685815038,2014-12-01
4674,0.0362830207008696,2014-12-01
13341,0.0359984169381743,2014-12-01
14822,0.0379483556138447,2014-12-01
15417,0.0325298758423861,2014-12-01
20686,0.0467394559855797,2014-12-01
21825,0.0919987337871875,2014-12-01
61302,0.0302836277767439,2014-12-01
133768,0.039956202595578,2014-12-01
139665,0.0311129400690416,2014-12-01
149070,0.030267743207312,2014-12-01
149337,0.0708428233368358,2014-12-01
160225,0.0304729559389321,2014-12-01
163610,0.032352398799297,2014-12-01
177088,0.0284346084701123,2014-12-01
1487,0.0269628837704658,2015-03-01
3243,0.0314764454960823,2015-03-01
4640,0.030275797471404,2015-03-01
4674,0.0252472609281539,2015-03-01
5786,0.0266679637134075,2015-03-01
6781,0.0257219281047582,2015-03-01
7647,0.0252472609281539,2015-03-01
9783,0.0266679637134075,2015-03-01
13341,0.030275797471404,2015-03-01
14822,0.0533481650054454,2015-03-01
21825,0.038789439946413,2015-03-01
28034,0.024024935439229,2015-03-01
61302,0.0378720760345459,2015-03-01
61380,0.0275552906095981,2015-03-01
61388,0.024024935439229,2015-03-01
124434,0.024024935439229,2015-03-01
149337,0.0319379568099975,2015-03-01
163610,0.024024935439229,2015-03-01
179741,0.042196188122034,2015-03-01
1449,0.0433939995705356,2015-06-01
1487,0.0403864974395562,2015-06-01
2176,0.0417098265486515,2015-06-01
3243,0.0421530871263944,2015-06-01
4640,0.0476039310737986,2015-06-01
4674,0.0531125801540189,2015-06-01
4885,0.0421376093091289,2015-06-01
7647,0.0623198678542508,2015-06-01
9783,0.0411301376716614,2015-06-01
14822,0.0540662691126682,2015-06-01
21825,0.0590620314701496,2015-06-01
61302,0.0634680702624047,2015-06-01
149337,0.050974732789017,2015-06-01
160225,0.0424469474703049,2015-06-01
163610,0.0378576922163032,2015-06-01
176701,0.0415702805560349,2015-06-01
179534,0.0367268604756898,2015-06-01
179741,0.047812311624408,2015-06-01
1449,0.0446431018355489,2015-09-01
2176,0.03731478288495,2015-09-01
4640,0.0364280426605465,2015-09-01
4674,0.0443965312197605,2015-09-01
4885,0.0450918632939706,2015-09-01
7647,0.0596602876031673,2015-09-01
9783,0.0362128505228812,2015-09-01
11811,0.0385325923086626,2015-09-01
13341,0.041450379753266,2015-09-01
14822,0.0609487766687665,2015-09-01
21825,0.0435064402755685,2015-09-01
61302,0.0524765294634761,2015-09-01
61388,0.036701685156384,2015-09-01
124434,0.0401758050218169,2015-09-01
149337,0.0631123408039473,2015-09-01
165993,0.0368839060913118,2015-09-01
179534,0.0426160704307006,2015-09-01
179741,0.06324989885789,2015-09-01
1449,0.044212993195471,2015-12-01
2176,0.0441852657834397,2015-12-01
3243,0.0439628555774439,2015-12-01
4640,0.0456615833629345,2015-12-01
4674,0.0393544871103881,2015-12-01
4885,0.0386355944026814,2015-12-01
7647,0.0591495423431027,2015-12-01
9783,0.0387002381271697,2015-12-01
14822,0.0674630857853507,2015-12-01
15417,0.0433846098963618,2015-12-01
21825,0.058183081210451,2015-12-01
28349,0.0407120678786066,2015-12-01
124434,0.0380803839446152,2015-12-01
149337,0.0728665092987609,2015-12-01
176701,0.0396679731927077,2015-12-01
178507,0.0377921282909537,2015-12-01
179741,0.0453505741578904,2015-12-01
184500,0.049196716581851,2015-12-01
1449,0.0311673103126435,2016-03-01
3243,0.0347269340340517,2016-03-01
4640,0.057663334018905,2016-03-01
4674,0.0442964096290863,2016-03-01
7163,0.0291459951057027,2016-03-01
7647,0.0404841923361043,2016-03-01
8007,0.0282319977466706,2016-03-01
9783,0.0400130672950272,2016-03-01
10614,0.0387730559473576,2016-03-01
12124,0.0277296815200509,2016-03-01
14822,0.0583453724245286,2016-03-01
14824,0.0299150916503248,2016-03-01
21825,0.1029027847021706,2016-03-01
28034,0.0278250753525571,2016-03-01
63172,0.0293915245982904,2016-03-01
133768,0.0309612756341468,2016-03-01
149337,0.0529057079951766,2016-03-01
163610,0.0284170438758163,2016-03-01
179534,0.0290506374591063,2016-03-01
1449,0.0516274429313462,2016-06-01
2176,0.0488928143462184,2016-06-01
4640,0.0464966115317025,2016-06-01
4674,0.049153360627522,2016-06-01
7647,0.0588498640494166,2016-06-01
9783,0.0416021622873152,2016-06-01
12124,0.0548290941179707,2016-06-01
12635,0.0388469906816183,2016-06-01
14822,0.0514016555644142,2016-06-01
21825,0.0581998825710054,2016-06-01
26367,0.0377117001847401,2016-06-01
61302,0.0456810963434622,2016-06-01
63172,0.0498286505540844,2016-06-01
124434,0.0379711975924072,2016-06-01
149337,0.057732860391221,2016-06-01
163610,0.0457122348144098,2016-06-01
176701,0.0498240534145988,2016-06-01
179534,0.0482109200331382,2016-06-01
179741,0.0458892259945446,2016-06-01
4640,0.0301540531218051,2016-09-01
4674,0.0301155857741832,2016-09-01
4699,0.0278974398970603,2016-09-01
4973,0.0275551229715347,2016-09-01
5786,0.0301155857741832,2016-09-01
7065,0.0275551229715347,2016-09-01
7647,0.0301155857741832,2016-09-01
9783,0.0301540531218051,2016-09-01
12124,0.0485228709876537,2016-09-01
14822,0.0481295622885227,2016-09-01
20686,0.0305043570697307,2016-09-01
21825,0.0392572730779647,2016-09-01
61302,0.0407679378986358,2016-09-01
61380,0.0275551229715347,2016-09-01
61388,0.0278974398970603,2016-09-01
114628,0.0277984905987977,2016-09-01
143356,0.0291325841099023,2016-09-01
149337,0.0481295622885227,2016-09-01
160225,0.0275551229715347,2016-09-01
178507,0.0275551229715347,2016-09-01
184500,0.0275551229715347,2016-09-01
1487,0.0378607874250666,2016-12-01
2019,0.0257485878629757,2016-12-01
4640,0.0342174458750795,2016-12-01
4674,0.0358353383084114,2016-12-01
4723,0.0249003929868212,2016-12-01
7163,0.0342544200627707,2016-12-01
7647,0.0473371725344298,2016-12-01
10614,0.0258266516940763,2016-12-01
14822,0.0577961151039927,2016-12-01
20686,0.0505040597787204,2016-12-01
21825,0.0856839976667296,2016-12-01
30990,0.0319436753055903,2016-12-01
61302,0.0682506652171095,2016-12-01
114628,0.0259872137850924,2016-12-01
133768,0.0414713416548988,2016-12-01
143356,0.0473968364616948,2016-12-01
149337,0.0306552855808787,2016-12-01
179741,0.0601833600220141,2016-12-01
184254,0.0333840898880565,2016-12-01
1449,0.0378276113197067,2017-03-01
2176,0.0374152513121341,2017-03-01
3243,0.036678934337428,2017-03-01
6781,0.0414866940920923,2017-03-01
7163,0.0425161357409767,2017-03-01
7647,0.0546655704487288,2017-03-01
12635,0.0327225724668311,2017-03-01
14822,0.0538568753995767,2017-03-01
61388,0.0338292109954532,2017-03-01
63172,0.0369301776453739,2017-03-01
149337,0.0428956526482369,2017-03-01
160225,0.033922054234702,2017-03-01
176701,0.0345369994094148,2017-03-01
177088,0.0355370543189361,2017-03-01
178507,0.034320792312479,2017-03-01
179534,0.0371250082529692,2017-03-01
179741,0.0541842528133814,2017-03-01
184254,0.0413750926797634,2017-03-01
1449,0.0420776110826635,2017-06-01
2176,0.0235766879890964,2017-06-01
4885,0.0303343433067055,2017-06-01
6781,0.0290219892249851,2017-06-01
7163,0.0433037237240521,2017-06-01
7647,0.0359312367565493,2017-06-01
12138,0.0247900952663347,2017-06-01
12635,0.0242037235898316,2017-06-01
14822,0.0364259862927548,2017-06-01
26367,0.0443068147932897,2017-06-01
61388,0.029316270036531,2017-06-01
63172,0.0341338760215098,2017-06-01
149337,0.0517740200608696,2017-06-01
160225,0.0253828027355641,2017-06-01
163610,0.0233449979726324,2017-06-01
176701,0.0326096481101951,2017-06-01
179534,0.0281960648395024,2017-06-01
179741,0.0525219103814324,2017-06-01
184254,0.0281389525578166,2017-06-01
1449,0.0443862090242428,2017-09-01
2176,0.0310202554356089,2017-09-01
4885,0.0241964872638226,2017-09-01
6781,0.0315506156241389,2017-09-01
7163,0.0439700570735562,2017-09-01
7647,0.043578370870426,2017-09-01
11811,0.0272835927227359,2017-09-01
12635,0.0253058215743181,2017-09-01
14822,0.0487018837687301,2017-09-01
26367,0.0284530985572856,2017-09-01
61380,0.0248664895224991,2017-09-01
61388,0.0258533733862572,2017-09-01
63172,0.035111220435689,2017-09-01
149070,0.0294983105597815,2017-09-01
149337,0.0524951201389485,2017-09-01
160225,0.0335873250000225,2017-09-01
176701,0.0298515351923427,2017-09-01
179534,0.0391362536855185,2017-09-01
179741,0.0544777412441073,2017-09-01
1449,0.043338851562226,2017-12-01
4640,0.0294123200227286,2017-12-01
6781,0.0279772268533844,2017-12-01
7163,0.0428871493288446,2017-12-01
7647,0.0437448696331382,2017-12-01
12635,0.0296537736796734,2017-12-01
14822,0.0509786215656929,2017-12-01
21825,0.0266026193763904,2017-12-01
28349,0.0283109049631535,2017-12-01
61380,0.0263941250005993,2017-12-01
63172,0.0361266327312822,2017-12-01
149070,0.0259196969496083,2017-12-01
149337,0.0495174982753657,2017-12-01
160225,0.0371108093627573,2017-12-01
176701,0.0344877829921161,2017-12-01
178507,0.0320469145874743,2017-12-01
179534,0.0384668300943831,2017-12-01
179741,0.0451103758847849,2017-12-01
184500,0.0285123097356237,2017-12-01
1449,0.02603380382061,2018-03-01
2176,0.0471718944609165,2018-03-01
5786,0.0318401157855987,2018-03-01
6781,0.0255801063030958,2018-03-01
10614,0.0252570938318967,2018-03-01
14822,0.0353548824787139,2018-03-01
14824,0.0254349745810031,2018-03-01
15417,0.0317437760531902,2018-03-01
61302,0.0265738051384687,2018-03-01
61388,0.0329509414732456,2018-03-01
124434,0.0432440228760242,2018-03-01
141913,0.0287075899541378,2018-03-01
144009,0.0300804190337657,2018-03-01
149070,0.0424172021448612,2018-03-01
149337,0.0568013340234756,2018-03-01
163610,0.0327694974839687,2018-03-01
165993,0.0334526076912879,2018-03-01
184500,0.0287075899541378,2018-03-01
184700,0.0293037090450525,2018-03-01
4885,0.0267141433361094,2018-06-01
5786,0.0262903590719426,2018-06-01
7163,0.0280018173682942,2018-06-01
12635,0.0375097049600141,2018-06-01
14822,0.0458655802498376,2018-06-01
28349,0.0322459922452173,2018-06-01
30990,0.0334985484607461,2018-06-01
61380,0.0266778484160088,2018-06-01
63172,0.0392303679356373,2018-06-01
124434,0.0271495223443258,2018-06-01
149070,0.0285173403464692,2018-06-01
149337,0.0418816523407428,2018-06-01
157057,0.0266168691046436,2018-06-01
160225,0.0398279366866353,2018-06-01
176701,0.0353621061515299,2018-06-01
178507,0.0271447117763484,2018-06-01
179534,0.0398594247458335,2018-06-01
179741,0.0520449364792378,2018-06-01
184500,0.0294828121141669,2018-06-01
2176,0.0400561714842912,2018-09-01
4674,0.028810442684797,2018-09-01
5786,0.0302996513543961,2018-09-01
7065,0.0342774128807958,2018-09-01
7163,0.0337434273303173,2018-09-01
12635,0.0375415988176905,2018-09-01
14822,0.0591200205146205,2018-09-01
21825,0.0364427363323972,2018-09-01
28349,0.0296010129182854,2018-09-01
29804,0.0379885919612396,2018-09-01
61302,0.0358145737356431,2018-09-01
61380,0.0416495139160601,2018-09-01
63172,0.0423284227506117,2018-09-01
149070,0.0336354798177431,2018-09-01
149337,0.0393450289136279,2018-09-01
160225,0.0428307408741735,2018-09-01
176701,0.0434848706033972,2018-09-01
179534,0.0457590108373476,2018-09-01
179741,0.0631375309208733,2018-09-01
2176,0.0469725315352147,2018-12-01
6781,0.0389575875871818,2018-12-01
7163,0.0503225882069888,2018-12-01
12635,0.0446782255299093,2018-12-01
14822,0.0519067515519056,2018-12-01
21825,0.0427232526585496,2018-12-01
24616,0.0421779467435148,2018-12-01
28349,0.0412611709934906,2018-12-01
29804,0.0585432632795643,2018-12-01
61380,0.0498095020890734,2018-12-01
63172,0.0487371428779773,2018-12-01
124434,0.0381977938778447,2018-12-01
149070,0.0396462925948023,2018-12-01
149337,0.0498448828919959,2018-12-01
160225,0.0510767635010364,2018-12-01
163610,0.0380896446264444,2018-12-01
176701,0.0518006580787506,2018-12-01
179534,0.0492629328747971,2018-12-01
179741,0.0619293080713734,2018-12-01
3243,0.0483226180235449,2019-03-01
4640,0.0681253908235934,2019-03-01
4674,0.0710809732127428,2019-03-01
5786,0.0489952444940573,2019-03-01
7647,0.0772076701137424,2019-03-01
9783,0.0690522531464151,2019-03-01
12635,0.0428921200325218,2019-03-01
14822,0.0456950936446056,2019-03-01
20686,0.0598341416280321,2019-03-01
21825,0.0547972260528513,2019-03-01
29804,0.054499828033957,2019-03-01
30990,0.0414685093401173,2019-03-01
61380,0.0457221810124093,2019-03-01
63172,0.0480072533160423,2019-03-01
149337,0.0567452282358843,2019-03-01
160225,0.0429572586425026,2019-03-01
176701,0.0634381026528854,2019-03-01
179534,0.0450119549282603,2019-03-01
179741,0.0591642841289678,2019-03-01
3243,0.0405092486012473,2019-06-01
4640,0.05939724950026,2019-06-01
4674,0.0448252073379501,2019-06-01
5786,0.0404796702122299,2019-06-01
6781,0.037706558613829,2019-06-01
7065,0.0430910961331943,2019-06-01
7163,0.0399429447315447,2019-06-01
9783,0.044346916399933,2019-06-01
14822,0.0505394331646256,2019-06-01
21825,0.0407188919511633,2019-06-01
29804,0.0405344527301139,2019-06-01
30990,0.0382946798695198,2019-06-01
61380,0.0482104771901177,2019-06-01
63172,0.0499186537107707,2019-06-01
149337,0.0365040710176306,2019-06-01
160225,0.0510001428922852,2019-06-01
176701,0.0544833943891054,2019-06-01
179534,0.051577567623331,2019-06-01
179741,0.0681795698091612,2019-06-01
3243,0.0450790724892142,2019-09-01
4640,0.0426271993004172,2019-09-01
4674,0.0555180113564418,2019-09-01
5786,0.0442471245041047,2019-09-01
7163,0.0431167512112276,2019-09-01
9783,0.046443497410755,2019-09-01
10035,0.0459746191193514,2019-09-01
12635,0.0523124943464262,2019-09-01
21825,0.0476924743770483,2019-09-01
24616,0.0436667756933136,2019-09-01
61380,0.0463969412798594,2019-09-01
63172,0.0442204722059979,2019-09-01
133768,0.0432910313209141,2019-09-01
149337,0.0490122947772749,2019-09-01
160225,0.0530232003122366,2019-09-01
176701,0.0525992041829121,2019-09-01
179534,0.04978063813781,2019-09-01
179741,0.0705060875677258,2019-09-01
184500,0.0443047361770731,2019-09-01
4640,0.0464811073119414,2019-12-01
4674,0.0563381528438998,2019-12-01
5786,0.0451124680535004,2019-12-01
7065,0.0405730619648196,2019-12-01
7163,0.0482429674295044,2019-12-01
9783,0.0504889568018215,2019-12-01
11811,0.0402610853472009,2019-12-01
21825,0.0431246981923286,2019-12-01
24616,0.054073899873036,2019-12-01
29804,0.0547667468046677,2019-12-01
61380,0.0526525992246977,2019-12-01
63172,0.0548449011973936,2019-12-01
149337,0.0464828763454667,2019-12-01
160225,0.0529698092801524,2019-12-01
176701,0.0521280674164859,2019-12-01
179534,0.0581036671399697,2019-12-01
179741,0.0439679943557584,2019-12-01
184500,0.0473656816723379,2019-12-01
184700,0.0422060429426253,2019-12-01
1449,0.0346097201108932,2020-03-01
1487,0.0358808524906635,2020-03-01
2176,0.0346809923648834,2020-03-01
4674,0.0342067964375019,2020-03-01
4885,0.0342067964375019,2020-03-01
5786,0.0342067964375019,2020-03-01
9783,0.0342067964375019,2020-03-01
12138,0.0343361422419548,2020-03-01
13341,0.0346809923648834,2020-03-01
14824,0.0346809923648834,2020-03-01
21825,0.0421667508780956,2020-03-01
28349,0.0346809923648834,2020-03-01
29804,0.0342067964375019,2020-03-01
30990,0.0395646952092647,2020-03-01
61388,0.0346809923648834,2020-03-01
133768,0.0399751812219619,2020-03-01
143356,0.0412287451326847,2020-03-01
176701,0.0342067964375019,2020-03-01
178507,0.0363248474895954,2020-03-01
1487,0.0916159942625314,2020-06-01
4640,0.0658713472305154,2020-06-01
4674,0.0581768001171333,2020-06-01
6781,0.0573578274000637,2020-06-01
7647,0.0557212615554504,2020-06-01
9783,0.0583099540364967,2020-06-01
14822,0.0758180375477153,2020-06-01
20686,0.0729559983405929,2020-06-01
21825,0.0645118645193006,2020-06-01
26367,0.0664444684548126,2020-06-01
29804,0.0655284851962944,2020-06-01
133768,0.066650608992232,2020-06-01
139665,0.0533799764885007,2020-06-01
143356,0.0563349903865604,2020-06-01
145701,0.0554769856609974,2020-06-01
160225,0.0577964534467231,2020-06-01
176701,0.0660872349392581,2020-06-01
178507,0.0634153056420422,2020-06-01
179741,0.0900348228429451,2020-06-01
4674,0.0594197012273329,2020-09-01
4885,0.0689369834110037,2020-09-01
6781,0.0539447891694985,2020-09-01
7163,0.0608152086078462,2020-09-01
8007,0.0599117333138358,2020-09-01
13341,0.0521012315715468,2020-09-01
21825,0.0539905001052719,2020-09-01
26367,0.0548746697887815,2020-09-01
61380,0.0508115001965456,2020-09-01
61739,0.0523360417592202,2020-09-01
63172,0.061359572314314,2020-09-01
139665,0.0626329294140771,2020-09-01
149337,0.0578631682014044,2020-09-01
160225,0.0667329485451286,2020-09-01
176701,0.0539079037676282,2020-09-01
178507,0.06195478732275,2020-09-01
179534,0.0582312978688407,2020-09-01
179741,0.0490917057105376,2020-09-01
184500,0.0486584224431957,2020-09-01
1449,0.0500539339298785,2020-12-01
4640,0.0480223858045897,2020-12-01
4885,0.0493991947288439,2020-12-01
7163,0.0548819659652454,2020-12-01
13341,0.0487716422242963,2020-12-01
21825,0.0535485279183981,2020-12-01
24616,0.0505687083806656,2020-12-01
29804,0.0509726407704656,2020-12-01
61302,0.0471591988785558,2020-12-01
61739,0.0486305042992524,2020-12-01
63172,0.0528721447572489,2020-12-01
139665,0.0525148851956779,2020-12-01
149337,0.0563109227235033,2020-12-01
160225,0.0530172416448405,2020-12-01
176701,0.0483852024107079,2020-12-01
178507,0.0540336457370093,2020-12-01
179534,0.0534765544241847,2020-12-01
184500,0.0478898755930199,2020-12-01
184700,0.0461547829295596,2020-12-01
4640,0.0458284325284172,2021-03-01
7163,0.0615919746244645,2021-03-01
9783,0.0453578158459589,2021-03-01
13341,0.0555343901029427,2021-03-01
15417,0.0468506187073926,2021-03-01
21825,0.045456859871287,2021-03-01
24616,0.0540814558475982,2021-03-01
26367,0.0471327154807131,2021-03-01
29804,0.0573493725939817,2021-03-01
61302,0.0488896965155442,2021-03-01
63172,0.0579548253939854,2021-03-01
139665,0.0611497954114207,2021-03-01
149337,0.0577224143028772,2021-03-01
160225,0.0602945479830448,2021-03-01
176701,0.0511852332305828,2021-03-01
178507,0.0561456899912395,2021-03-01
179534,0.0561865317001461,2021-03-01
179741,0.0551824043866802,2021-03-01
184500,0.0457737659793144,2021-03-01
1487,0.0425270758463894,2021-06-01
2176,0.0284784596010596,2021-06-01
4674,0.0325390317937605,2021-06-01
4885,0.030468243943408,2021-06-01
4973,0.0277257907913233,2021-06-01
7163,0.0287070967385639,2021-06-01
9783,0.0315807379956193,2021-06-01
13341,0.0287564320740911,2021-06-01
61388,0.0277892242499666,2021-06-01
63172,0.0292310091109159,2021-06-01
139665,0.0298132939965334,2021-06-01
143356,0.0463087751414211,2021-06-01
149337,0.0293523044069398,2021-06-01
177088,0.0293060036014868,2021-06-01
178507,0.0287070967385639,2021-06-01
179741,0.0419475319540066,2021-06-01
184254,0.040461907448134,2021-06-01
184500,0.0383145426471797,2021-06-01
184700,0.0319129108841743,2021-06-01
3243,0.0430745322465779,2021-09-01
6781,0.0344256370890869,2021-09-01
7065,0.0329706048837343,2021-09-01
7163,0.0330438468791048,2021-09-01
11811,0.0329706048837343,2021-09-01
14824,0.0335508422633273,2021-09-01
15417,0.0330438468791048,2021-09-01
26367,0.0342042743870343,2021-09-01
34749,0.0551453385569991,2021-09-01
61380,0.0330438468791048,2021-09-01
139665,0.033117818998171,2021-09-01
141913,0.0335545058193271,2021-09-01
149337,0.033793968872678,2021-09-01
160225,0.033117818998171,2021-09-01
178507,0.0329692092939792,2021-09-01
179534,0.0330438468791048,2021-09-01
179741,0.0362479090645817,2021-09-01
184254,0.0444488846453267,2021-09-01
184500,0.0330438468791048,2021-09-01
2176,0.0302302725613117,2021-12-01
3221,0.0415625758469104,2021-12-01
7065,0.0293824132531881,2021-12-01
7163,0.0293824132531881,2021-12-01
15417,0.0293824132531881,2021-12-01
24616,0.0294678285717964,2021-12-01
26367,0.0521728433668613,2021-12-01
29804,0.0294558871537446,2021-12-01
30990,0.0367335937917232,2021-12-01
34749,0.0311724189668893,2021-12-01
61380,0.0293824132531881,2021-12-01
61388,0.037954781204462,2021-12-01
63172,0.0293824132531881,2021-12-01
114628,0.0367335937917232,2021-12-01
139665,0.0297834631055593,2021-12-01
141913,0.0293824132531881,2021-12-01
149337,0.0293824132531881,2021-12-01
160225,0.0297834631055593,2021-12-01
164708,0.0367335937917232,2021-12-01
178507,0.0316424816846847,2021-12-01
179534,0.0293824132531881,2021-12-01
179741,0.0342184528708457,2021-12-01
184500,0.0293824132531881,2021-12-01
1487,0.0384345911443233,2022-03-01
4885,0.0327551253139972,2022-03-01
7163,0.0308434497565031,2022-03-01
11811,0.0308434497565031,2022-03-01
12635,0.0308434497565031,2022-03-01
24616,0.0308434497565031,2022-03-01
26367,0.0524771995842456,2022-03-01
30990,0.0347548350691795,2022-03-01
34749,0.0364053696393966,2022-03-01
61380,0.0308434497565031,2022-03-01
61388,0.0354463942348957,2022-03-01
62689,0.0381074920296669,2022-03-01
63172,0.0308434497565031,2022-03-01
114628,0.0336899347603321,2022-03-01
141913,0.0308434497565031,2022-03-01
149337,0.0308434497565031,2022-03-01
160225,0.0308434497565031,2022-03-01
163610,0.0321490690112113,2022-03-01
178507,0.0401839688420295,2022-03-01
179534,0.0308434497565031,2022-03-01
184500,0.0308434497565031,2022-03-01
1487,0.0338604934513568,2022-06-01
3243,0.0475195758044719,2022-06-01
7163,0.0320273302495479,2022-06-01
15417,0.0317064449191093,2022-06-01
20686,0.0323789119720459,2022-06-01
24616,0.0323969461023807,2022-06-01
26367,0.052640650421381,2022-06-01
30990,0.0323789119720459,2022-06-01
34749,0.0422752611339092,2022-06-01
61380,0.0316458009183406,2022-06-01
63172,0.0325553826987743,2022-06-01
114628,0.0332029461860656,2022-06-01
139665,0.0320273302495479,2022-06-01
141913,0.0316458009183406,2022-06-01
149337,0.0325553826987743,2022-06-01
160225,0.0325553826987743,2022-06-01
178507,0.0333154760301113,2022-06-01
179534,0.0316458009183406,2022-06-01
184500,0.0316458009183406,2022-06-01
184700,0.0325672514736652,2022-06-01
3243,0.0635779876416115,2022-09-01
4885,0.0449759243543685,2022-09-01
13341,0.0498944799638534,2022-09-01
15417,0.0544973485933103,2022-09-01
20686,0.0466397120156765,2022-09-01
24616,0.0456682156738968,2022-09-01
26367,0.0587161433740513,2022-09-01
34749,0.0545769072740197,2022-09-01
39293,0.0616498033598999,2022-09-01
63172,0.0480130387276482,2022-09-01
141913,0.0476585991064044,2022-09-01
149337,0.0558195193435041,2022-09-01
160225,0.0457094491019456,2022-09-01
176701,0.0500522961229919,2022-09-01
177088,0.0488208820564711,2022-09-01
178507,0.0520175051772519,2022-09-01
179534,0.0499014537000855,2022-09-01
179741,0.0603014746435387,2022-09-01
184500,0.0607527934360722,2022-09-01
3221,0.049848139155469,2022-12-01
3243,0.0687313677735772,2022-12-01
4885,0.0551783720700417,2022-12-01
5786,0.0521388094807189,2022-12-01
6781,0.0535603668604939,2022-12-01
7647,0.0532439418083922,2022-12-01
9783,0.0509247031790108,2022-12-01
20686,0.0507447830946796,2022-12-01
21825,0.0646886650705483,2022-12-01
26367,0.0644702216418194,2022-12-01
29804,0.0781887712491392,2022-12-01
34749,0.0560532872888574,2022-12-01
39293,0.0718820131614777,2022-12-01
149337,0.056941651848936,2022-12-01
163610,0.0494775301594779,2022-12-01
176701,0.0657976762546799,2022-12-01
178507,0.058015501482255,2022-12-01
184254,0.048595512735828,2022-12-01
184500,0.0538391169963569,2022-12-01
3221,0.0430632137820141,2023-03-01
3243,0.0567404976948864,2023-03-01
4885,0.0407857159907368,2023-03-01
5786,0.0420666653314634,2023-03-01
7647,0.0405987044993481,2023-03-01
15417,0.0478836082432481,2023-03-01
21825,0.0439181912621397,2023-03-01
24616,0.0490214542262973,2023-03-01
26367,0.0529143931688142,2023-03-01
29804,0.0621011230817651,2023-03-01
34749,0.0588037962105617,2023-03-01
39293,0.0591210060790411,2023-03-01
63172,0.0416888928814897,2023-03-01
139665,0.0423257673457059,2023-03-01
149337,0.0541117868115083,2023-03-01
176701,0.0569962708512459,2023-03-01
178507,0.0526034526804348,2023-03-01
179534,0.0482733628133492,2023-03-01
184500,0.0409337165560398,2023-03-01
2019,0.0455981725037952,2023-06-01
3243,0.0627076609905986,2023-06-01
5786,0.0449887036057906,2023-06-01
6781,0.0416488235894054,2023-06-01
7647,0.0523763219548985,2023-06-01
8007,0.0559647893154954,2023-06-01
11856,0.0451496654166204,2023-06-01
15417,0.0507142230590267,2023-06-01
20686,0.0448831938430722,2023-06-01
21825,0.0616047773687788,2023-06-01
24616,0.045559068843632,2023-06-01
29804,0.0428598628214776,2023-06-01
34749,0.0464472757759396,2023-06-01
39293,0.0474672124307741,2023-06-01
139665,0.0436821168999312,2023-06-01
149337,0.0562977307557332,2023-06-01
160225,0.0444338060986995,2023-06-01
178507,0.0554791442412723,2023-06-01
184500,0.0449809684113972,2023-06-01
2019,0.0498996386885195,2023-09-01
3243,0.0681005325487117,2023-09-01
4723,0.0355697666904897,2023-09-01
4885,0.0358962865679701,2023-09-01
5786,0.0369699574609702,2023-09-01
7647,0.045052157444007,2023-09-01
8007,0.043046420853263,2023-09-01
9783,0.0600510846672255,2023-09-01
11856,0.0561579450063798,2023-09-01
14822,0.0358366191660858,2023-09-01
15417,0.0405680954706518,2023-09-01
21825,0.0576708806138441,2023-09-01
24616,0.0361898697015492,2023-09-01
26367,0.0400909706555849,2023-09-01
29804,0.0470302700576172,2023-09-01
39293,0.0396039021314617,2023-09-01
149337,0.0574952417550783,2023-09-01
176701,0.0352854955334538,2023-09-01
178507,0.039786963811267,2023-09-01
2019,0.0370555060994151,2023-12-01
3243,0.0573594339526067,2023-12-01
4723,0.0338473214440942,2023-12-01
4885,0.0431535930571469,2023-12-01
5786,0.0370180048272901,2023-12-01
7647,0.0404547028220299,2023-12-01
8007,0.0348272674454269,2023-12-01
9783,0.0461703780900694,2023-12-01
11856,0.0526962417836384,2023-12-01
15417,0.036761920129318,2023-12-01
21825,0.0563283227792444,2023-12-01
26367,0.050541053003995,2023-12-01
29804,0.0446186918827912,2023-12-01
34749,0.0375451460937031,2023-12-01
39293,0.0461890186408407,2023-12-01
149337,0.0589180874300948,2023-12-01
176701,0.036542732275773,2023-12-01
178507,0.0312861873952039,2023-12-01
184500,0.0312057115153863,2023-12-01
3221,0.0326721631274467,2024-03-01
3243,0.0501184753754233,2024-03-01
4885,0.0331038662562133,2024-03-01
6781,0.0290758824926657,2024-03-01
9783,0.0374873111970508,2024-03-01
11856,0.0464306540147625,2024-03-01
15417,0.0290904724520415,2024-03-01
21825,0.0439612446363959,2024-03-01
24616,0.0397595396975603,2024-03-01
26367,0.0303188645812127,2024-03-01
29804,0.0543362308427197,2024-03-01
39293,0.0338852561294151,2024-03-01
139665,0.0288423891059484,2024-03-01
149337,0.0383632202138865,2024-03-01
160225,0.0275357816067979,2024-03-01
176701,0.0401698296601088,2024-03-01
178507,0.0316411030585357,2024-03-01
179534,0.0322511697748365,2024-03-01
184500,0.030979471251464,2024-03-01
3221,0.0378362736898581,2024-06-01
3243,0.0474266888056779,2024-06-01
4885,0.0339849450302117,2024-06-01
9783,0.0248113468911697,2024-06-01
11856,0.0291494872412368,2024-06-01
15417,0.0267289408060537,2024-06-01
21825,0.0371218608298319,2024-06-01
24616,0.0398748407610573,2024-06-01
26367,0.0268344197344481,2024-06-01
29804,0.0452914120855038,2024-06-01
39293,0.0295285776119479,2024-06-01
139665,0.0253736456231019,2024-06-01
149337,0.0358316481022164,2024-06-01
160225,0.0257959781158262,2024-06-01
165993,0.0336600129452991,2024-06-01
176701,0.035938595283826,2024-06-01
178507,0.037748670489383,2024-06-01
179534,0.0251346666391447,2024-06-01
184500,0.0307140255607081,2024-06-01
3243,0.0303378811664566,2024-09-01
4885,0.0342611269621786,2024-09-01
5786,0.0290122391850814,2024-09-01
9783,0.0310713144316531,2024-09-01
11856,0.0374434678467736,2024-09-01
15417,0.0294347998891451,2024-09-01
21825,0.030190977132176,2024-09-01
24616,0.0365929464004253,2024-09-01
26367,0.0318941898580028,2024-09-01
29804,0.0385301171600728,2024-09-01
39293,0.029574420563112,2024-09-01
139665,0.0240213418843187,2024-09-01
149337,0.0308374030236752,2024-09-01
160225,0.0280474509592795,2024-09-01
165993,0.026688860323717,2024-09-01
176701,0.0290791593522559,2024-09-01
178507,0.0341183787829784,2024-09-01
179534,0.0253840429201553,2024-09-01
184500,0.027612015468791,2024-09-01
3243,0.0326502367035892,2024-12-01
4885,0.0416342429675894,2024-12-01
5786,0.0219557124028646,2024-12-01
9783,0.0308810094553586,2024-12-01
11856,0.0191026258925121,2024-12-01
14822,0.0165430828905274,2024-12-01
15417,0.0223777134397241,2024-12-01
21825,0.0200902726295008,2024-12-01
24616,0.0350902647595029,2024-12-01
26367,0.0370618800895267,2024-12-01
29804,0.0373173631662356,2024-12-01
39293,0.0190481099248986,2024-12-01
139665,0.0261021112377168,2024-12-01
149337,0.0311554579823948,2024-12-01
160225,0.0228700506932324,2024-12-01
165993,0.0260518979058587,2024-12-01
178507,0.0304575877127812,2024-12-01
179534,0.0259279601198383,2024-12-01
184500,0.0244127364193684,2024-12-01
3221,0.0202937710777663,2025-03-01
4885,0.0337241608623839,2025-03-01
7065,0.02259946387292,2025-03-01
9783,0.0362177118596485,2025-03-01
15417,0.0212928082693614,2025-03-01
24616,0.0294104583722093,2025-03-01
26367,0.0360671418806507,2025-03-01
29804,0.0450284560666352,2025-03-01
34749,0.0207408500106685,2025-03-01
39293,0.0339982284363879,2025-03-01
61380,0.0217555641659998,2025-03-01
139665,0.0311299429435857,2025-03-01
144009,0.0253362341361464,2025-03-01
149337,0.0327449890101365,2025-03-01
160225,0.024358554113687,2025-03-01
165993,0.022332564373454,2025-03-01
178507,0.0305067704223272,2025-03-01
179534,0.0264168537622068,2025-03-01
184500,0.0251691421106012,2025-03-01
3243,0.049130821930591,2025-06-01
4885,0.0359171872194319,2025-06-01
7065,0.0200826391928144,2025-06-01
9783,0.03590991584492,2025-06-01
11811,0.0215932691171419,2025-06-01
15417,0.0332642796236873,2025-06-01
20686,0.0246522338863976,2025-06-01
21825,0.0231449845646198,2025-06-01
24616,0.0398034062853586,2025-06-01
26367,0.0372915884174868,2025-06-01
29804,0.039694626150495,2025-06-01
39293,0.0299300777861318,2025-06-01
139665,0.0259712892591737,2025-06-01
149337,0.040791413932117,2025-06-01
160225,0.0259725902243022,2025-06-01
165993,0.027295954215798,2025-06-01
178507,0.0281029593929346,2025-06-01
179534,0.0203570269306372,2025-06-01
179741,0.0227832873239456,2025-06-01
3221,0.0176990446604542,2025-09-01
4885,0.0182085439529182,2025-09-01
7065,0.0206051832247899,2025-09-01
10035,0.0194026248017572,2025-09-01
11811,0.0202601699945623,2025-09-01
14822,0.0176325076924923,2025-09-01
14824,0.017582995054784,2025-09-01
15417,0.0178070995952125,2025-09-01
21825,0.0208388528854294,2025-09-01
26367,0.0202822471642108,2025-09-01
28034,0.0188548846965335,2025-09-01
28349,0.0208387876497947,2025-09-01
29804,0.0315314307792141,2025-09-01
61302,0.0211904122334247,2025-09-01
61388,0.0222489748447333,2025-09-01
61739,0.0208104291235829,2025-09-01
149337,0.0177850224255639,2025-09-01
179534,0.0177771804970934,2025-09-01
184254,0.0178746542624047,2025-09-01
1161,0.1293141810698354,2001-03-01
1878,0.1273677546797622,2001-03-01
7343,0.1362075074047759,2001-03-01
13824,0.1192034570493109,2001-03-01
14282,0.1309263702774296,2001-03-01
24405,0.1323508552439246,2001-03-01
24800,0.1184279211528503,2001-03-01
27965,0.1260405366682257,2001-03-01
28320,0.1341914715662439,2001-03-01
111864,0.1201362732695411,2001-03-01
117768,0.1213896257106895,2001-03-01
125595,0.1225003735099068,2001-03-01
1161,0.1430739611387252,2001-06-01
1327,0.1209389865398407,2001-06-01
1632,0.1227740123867988,2001-06-01
1704,0.1153267174959182,2001-06-01
1878,0.1520679295063018,2001-06-01
10789,0.1647001951932907,2001-06-01
12141,0.1153267174959182,2001-06-01
14282,0.1431012153625488,2001-06-01
15855,0.1235322803258895,2001-06-01
24800,0.1503512412309646,2001-06-01
27928,0.1547928154468536,2001-06-01
28320,0.1295609474182129,2001-06-01
1690,0.1013103534498641,2001-09-01
6565,0.1113116125688422,2001-09-01
12441,0.0986720947509682,2001-09-01
14282,0.128331187899757,2001-09-01
22815,0.1021474784399724,2001-09-01
28195,0.1027558513058107,2001-09-01
28320,0.1070275508287135,2001-09-01
111864,0.1231526421481905,2001-09-01
117768,0.1222560895024809,2001-09-01
121077,0.1017506564552235,2001-09-01
125595,0.1011463501742371,2001-09-01
134932,0.099075939403094,2001-09-01
1161,0.1145026384798974,2001-12-01
1690,0.1169623659291414,2001-12-01
1704,0.1064663291730752,2001-12-01
1878,0.10532974708469,2001-12-01
3532,0.1107827158702856,2001-12-01
6565,0.1064435686048091,2001-12-01
12441,0.11303300135571,2001-12-01
22815,0.1176136998562949,2001-12-01
24405,0.111060522751892,2001-12-01
24925,0.1055800837656472,2001-12-01
111864,0.1080217981684578,2001-12-01
121077,0.1078805327631986,2001-12-01
1161,0.0789677160698921,2002-03-01
1690,0.0739895355847794,2002-03-01
3532,0.0738586238283509,2002-03-01
5606,0.0745798405490577,2002-03-01
12441,0.072881083349059,2002-03-01
13421,0.0711993338486578,2002-03-01
14282,0.0724298061992424,2002-03-01
15855,0.075811844867188,2002-03-01
27965,0.0845857536677996,2002-03-01
111864,0.0760892578428963,2002-03-01
117768,0.0849169718902295,2002-03-01
126721,0.0879075869802283,2002-03-01
1161,0.0796864763464368,2002-06-01
1690,0.1014611634100882,2002-06-01
1878,0.0989419065151037,2002-06-01
3532,0.0717296952548352,2002-06-01
5606,0.1067570955702676,2002-06-01
11399,0.0834369864809188,2002-06-01
14282,0.0739566240899238,2002-06-01
20779,0.0716985476972936,2002-06-01
27928,0.0708109480675051,2002-06-01
117768,0.1130924114669029,2002-06-01
125595,0.0677526937290041,2002-06-01
143357,0.0778363097532645,2002-06-01
1161,0.1378257330112713,2002-09-01
1327,0.0926070529406612,2002-09-01
1690,0.1075926119333522,2002-09-01
3532,0.0971425451515323,2002-09-01
7343,0.0920820488018022,2002-09-01
12441,0.0919791737294747,2002-09-01
14282,0.0904923819929994,2002-09-01
15855,0.0922239227073332,2002-09-01
24925,0.1075386990495238,2002-09-01
66368,0.0898378421474644,2002-09-01
117768,0.1117421114411661,2002-09-01
134932,0.0914411614491585,2002-09-01
1161,0.0898921320974391,2002-12-01
1690,0.0776407391077524,2002-12-01
1878,0.093229218001483,2002-12-01
3532,0.0762759815865454,2002-12-01
5606,0.0707707831884865,2002-12-01
12441,0.1140959002703875,2002-12-01
14282,0.0928187501758966,2002-12-01
15855,0.0826786049895984,2002-12-01
22815,0.0994096009840305,2002-12-01
24925,0.0881674489474735,2002-12-01
117768,0.0809830786928609,2002-12-01
126721,0.1072856523261178,2002-12-01
1161,0.1271662632860773,2003-03-01
1690,0.1245967289787527,2003-03-01
5606,0.1134919448287471,2003-03-01
7343,0.1095155667224469,2003-03-01
10789,0.1078555013230735,2003-03-01
11399,0.1146463528876531,2003-03-01
13421,0.1361422241164179,2003-03-01
22815,0.1212903579311452,2003-03-01
24975,0.1065187338470425,2003-03-01
66368,0.1053504064157724,2003-03-01
117768,0.1449728662792771,2003-03-01
126721,0.1153280407532913,2003-03-01
1161,0.102279670883594,2003-06-01
1690,0.1117200154328084,2003-06-01
5606,0.1289974689467228,2003-06-01
6565,0.0938300337149128,2003-06-01
10789,0.1341751803399528,2003-06-01
11399,0.1302443517387448,2003-06-01
13421,0.0984571791023966,2003-06-01
27928,0.1099785313148795,2003-06-01
126721,0.1012191754186511,2003-06-01
134932,0.1023550985346148,2003-06-01
143357,0.1030401843972244,2003-06-01
150937,0.1415239917925561,2003-06-01
1690,0.0534406879959023,2003-09-01
1878,0.0888412404950323,2003-09-01
5606,0.0743975754470462,2003-09-01
10789,0.130109424561367,2003-09-01
11399,0.1214919181705191,2003-09-01
12441,0.0773684419853506,2003-09-01
15855,0.056882891277927,2003-09-01
22815,0.0837681404527443,2003-09-01
24800,0.0628907933895036,2003-09-01
126721,0.1117477240195542,2003-09-01
143357,0.0636467585764818,2003-09-01
150937,0.0940277587768757,2003-09-01
1690,0.0640774345195218,2003-12-01
1878,0.0965839568823308,2003-12-01
5606,0.1063545470621655,2003-12-01
7343,0.0457533030710812,2003-12-01
10789,0.1209599276280746,2003-12-01
14282,0.0684205233063931,2003-12-01
22815,0.120250394006449,2003-12-01
24925,0.0948705602699751,2003-12-01
117768,0.0796554012514753,2003-12-01
126721,0.1039435067973231,2003-12-01
143357,0.0585578320634246,2003-12-01
150937,0.0408641790771447,2003-12-01
1690,0.0848164091645925,2004-03-01
1878,0.0712315024692734,2004-03-01
5606,0.045734105437208,2004-03-01
10789,0.0816825988581044,2004-03-01
11399,0.0619724580469877,2004-03-01
13824,0.0419952786293597,2004-03-01
14282,0.0483651001447963,2004-03-01
22815,0.0971228552487949,2004-03-01
117768,0.086881887695252,2004-03-01
126721,0.0975427106632937,2004-03-01
143357,0.0443098922555334,2004-03-01
150937,0.0701047116782366,2004-03-01
1690,0.0537889048201602,2004-06-01
5606,0.1020647361301301,2004-06-01
11399,0.1134262369807776,2004-06-01
12142,0.0479400663165707,2004-06-01
12441,0.0649375422437805,2004-06-01
14282,0.0801424522538897,2004-06-01
22815,0.0616187955302033,2004-06-01
27928,0.0444963998495292,2004-06-01
28195,0.0461184638731267,2004-06-01
117768,0.0473698423308724,2004-06-01
143357,0.0736333131079973,2004-06-01
150937,0.0917404947135274,2004-06-01
1161,0.0729097176439181,2004-09-01
1690,0.1000353875581017,2004-09-01
1704,0.0771539198595521,2004-09-01
5606,0.0996835119139843,2004-09-01
7343,0.0885647315126554,2004-09-01
11399,0.1435837688098964,2004-09-01
14282,0.0874496126022769,2004-09-01
22815,0.1255653992648749,2004-09-01
27928,0.0755081867518905,2004-09-01
28195,0.0998573323445026,2004-09-01
117768,0.0790516729008069,2004-09-01
126721,0.1020364693578076,2004-09-01
150937,0.1085312914734526,2004-09-01
1161,0.1026041755671956,2004-12-01
1704,0.1041029788645535,2004-12-01
5606,0.1126331234628894,2004-12-01
6008,0.0898121844805842,2004-12-01
6565,0.1285671090771999,2004-12-01
7343,0.0911701688384319,2004-12-01
10453,0.1111007251327308,2004-12-01
10499,0.0909846505716358,2004-12-01
11399,0.1105387476521002,2004-12-01
22815,0.0991579721868509,2004-12-01
117768,0.1138027177805173,2004-12-01
134932,0.1005090173480438,2004-12-01
150937,0.0885962377921728,2004-12-01
1327,0.0554699972271919,2005-03-01
3532,0.0540614984929561,2005-03-01
5606,0.0673943758010864,2005-03-01
6066,0.0571722872555255,2005-03-01
6565,0.0750117301940918,2005-03-01
7343,0.0740531682968139,2005-03-01
11399,0.0859998390078544,2005-03-01
13421,0.0554699972271919,2005-03-01
14282,0.0625478252768516,2005-03-01
22815,0.056884117424488,2005-03-01
24925,0.0559586137533187,2005-03-01
27965,0.056884117424488,2005-03-01
150937,0.0926199555397033,2005-03-01
1327,0.0890316367149353,2005-06-01
1704,0.0772819891571998,2005-06-01
3532,0.0771011933684349,2005-06-01
5606,0.0979455262422561,2005-06-01
6066,0.0954203456640243,2005-06-01
6565,0.0986851155757904,2005-06-01
11399,0.1365489512681961,2005-06-01
27928,0.0961006730794906,2005-06-01
27965,0.0829718112945556,2005-06-01
28320,0.1046228557825088,2005-06-01
117768,0.0889103710651397,2005-06-01
125595,0.1261120289564132,2005-06-01
150937,0.1431196182966232,2005-06-01
1327,0.0786624049958084,2005-09-01
1704,0.0807763057934007,2005-09-01
6565,0.1158559230343463,2005-09-01
7343,0.0751255394851997,2005-09-01
11399,0.1172941953687738,2005-09-01
13421,0.0726667429727841,2005-09-01
13824,0.0620971900675834,2005-09-01
14282,0.0656611939348468,2005-09-01
22815,0.0963587897838914,2005-09-01
28320,0.0763907649229313,2005-09-01
117768,0.1371723931669115,2005-09-01
134932,0.1010362482794984,2005-09-01
150937,0.1272800168316285,2005-09-01
1327,0.0667617959177932,2005-12-01
1704,0.07748192422813,2005-12-01
6565,0.1002117069518417,2005-12-01
7343,0.0709750102078643,2005-12-01
11399,0.1139735659756833,2005-12-01
14282,0.0683908195922123,2005-12-01
22815,0.1027050143900569,2005-12-01
27965,0.0763341397350667,2005-12-01
28320,0.0657994072356034,2005-12-01
117768,0.0637251950221132,2005-12-01
134932,0.0747078532493826,2005-12-01
150937,0.1090761700408028,2005-12-01
160888,0.070791365802475,2005-12-01
1327,0.0884981013316989,2006-03-01
5606,0.0566615026564301,2006-03-01
6565,0.0766775692566531,2006-03-01
7343,0.0733049530716204,2006-03-01
10453,0.082857715900388,2006-03-01
11399,0.0606010392358762,2006-03-01
14282,0.071347308107668,2006-03-01
22815,0.0909797934385423,2006-03-01
28320,0.0755117777873907,2006-03-01
117768,0.0631763804548778,2006-03-01
126721,0.0828049356844306,2006-03-01
134932,0.0778264125962457,2006-03-01
150937,0.1065746972530655,2006-03-01
1327,0.0628207035588916,2006-06-01
1690,0.0465757420955586,2006-06-01
1704,0.0676396461335321,2006-06-01
6066,0.0517978773766795,2006-06-01
6565,0.0615321442287233,2006-06-01
7343,0.0771199541040813,2006-06-01
11399,0.0755623151142334,2006-06-01
14282,0.0671041595550762,2006-06-01
22815,0.0822076840891082,2006-06-01
28195,0.0497112414668079,2006-06-01
28320,0.0610807078344537,2006-06-01
126721,0.0500718107315464,2006-06-01
134932,0.0737821550739857,2006-06-01
1327,0.0778262324472496,2006-09-01
1704,0.0915277431627984,2006-09-01
6565,0.0737005935132388,2006-09-01
7343,0.0602944715001975,2006-09-01
10453,0.1101263169155606,2006-09-01
11399,0.1054929944766112,2006-09-01
14282,0.0651382247767246,2006-09-01
22815,0.1013974866083146,2006-09-01
28320,0.062816714840999,2006-09-01
66368,0.0525085996181633,2006-09-01
117768,0.0827548029539894,2006-09-01
126721,0.0554213772698066,2006-09-01
134932,0.1164533078950784,2006-09-01
1327,0.0769910877232503,2006-12-01
1704,0.0860729925837971,2006-12-01
5606,0.0576355487498111,2006-12-01
6008,0.0591337332107177,2006-12-01
6565,0.0843330102984055,2006-12-01
10453,0.1112952610037601,2006-12-01
11399,0.095806042402359,2006-12-01
14282,0.0628149920608616,2006-12-01
22815,0.0852963323603438,2006-12-01
27965,0.0623099020105851,2006-12-01
28320,0.0598676066519242,2006-12-01
126721,0.0560795445044587,2006-12-01
134932,0.1130659668454567,2006-12-01
1327,0.0603357119563113,2007-03-01
1690,0.0714762546684541,2007-03-01
6008,0.0758327049271484,2007-03-01
6565,0.0860549391841059,2007-03-01
7343,0.0699400762516603,2007-03-01
10453,0.0844448282387921,2007-03-01
11399,0.1173655117707966,2007-03-01
13421,0.0620431990346155,2007-03-01
14282,0.0692863449085154,2007-03-01
22815,0.0887861661276503,2007-03-01
27965,0.0695286730155511,2007-03-01
117768,0.0703410381887826,2007-03-01
134932,0.1202311206268152,2007-03-01
1327,0.0931216438788417,2007-06-01
1704,0.0737051372764662,2007-06-01
6565,0.1120771850703247,2007-06-01
7343,0.061521463821071,2007-06-01
10789,0.0609020605857891,2007-06-01
11399,0.1130506788273959,2007-06-01
14282,0.0652239534843146,2007-06-01
15855,0.0595941989754094,2007-06-01
22815,0.0672687763999467,2007-06-01
27965,0.0650729887490756,2007-06-01
117768,0.0645642937522333,2007-06-01
134932,0.094833812947316,2007-06-01
176567,0.0933985805562535,2007-06-01
6565,0.0492807328701019,2007-09-01
7343,0.0470044799149036,2007-09-01
11399,0.0671416744589805,2007-09-01
12142,0.0455475337803363,2007-09-01
14282,0.0482703931629657,2007-09-01
15855,0.0495994612574577,2007-09-01
22815,0.062563806772232,2007-09-01
27965,0.062563806772232,2007-09-01
111864,0.0532189905643463,2007-09-01
117768,0.0653057321906089,2007-09-01
121077,0.0532384552061557,2007-09-01
134932,0.0630841478705406,2007-09-01
150937,0.0719825103878974,2007-09-01
176567,0.0833235532045364,2007-09-01
1161,0.0910733044147491,2007-12-01
1327,0.0658532679080963,2007-12-01
1704,0.0575030855834484,2007-12-01
6066,0.049958698451519,2007-12-01
6565,0.0525545701384544,2007-12-01
7343,0.1446848213672638,2007-12-01
10453,0.051367599517107,2007-12-01
14282,0.0517078265547752,2007-12-01
18699,0.0526697859168052,2007-12-01
27965,0.0481783114373683,2007-12-01
28195,0.0554180666804313,2007-12-01
111864,0.0481783114373683,2007-12-01
117768,0.0549026802182197,2007-12-01
176567,0.0814666822552681,2007-12-01
1327,0.0470505282282829,2008-03-01
6565,0.0697264745831489,2008-03-01
7343,0.0848133265972137,2008-03-01
10453,0.0585818327963352,2008-03-01
10789,0.0570899695158004,2008-03-01
12441,0.0443971045315265,2008-03-01
13421,0.0513971969485282,2008-03-01
22815,0.0513971969485282,2008-03-01
27965,0.0489851348102092,2008-03-01
28195,0.0589534156024456,2008-03-01
111864,0.0516569353640079,2008-03-01
117768,0.0434216111898422,2008-03-01
176567,0.1041623428463935,2008-03-01
177267,0.0480650588870048,2008-03-01
1161,0.0709025509625413,2008-06-01
1327,0.0996135336549481,2008-06-01
6565,0.1166007340157037,2008-06-01
7343,0.0879035881476385,2008-06-01
10453,0.0663980437844644,2008-06-01
14282,0.066030006743537,2008-06-01
22815,0.0611505589757178,2008-06-01
28195,0.0770541754913868,2008-06-01
117768,0.1007328994700374,2008-06-01
121077,0.0710858154902846,2008-06-01
134932,0.0673114290813753,2008-06-01
150937,0.0681758670121515,2008-06-01
176567,0.1157728524979534,2008-06-01
1161,0.0614636087917297,2008-09-01
1327,0.0805305515716475,2008-09-01
1690,0.0544602474093315,2008-09-01
6565,0.112243301235999,2008-09-01
7343,0.0912697772567498,2008-09-01
10453,0.0573264653972093,2008-09-01
13824,0.0544297075397502,2008-09-01
22815,0.0551301322364367,2008-09-01
28195,0.07269335736733,2008-09-01
117768,0.0810456769446529,2008-09-01
134932,0.0602877089029574,2008-09-01
150937,0.0751649403910122,2008-09-01
176567,0.114940327516076,2008-09-01
1327,0.0563791580498218,2008-12-01
1704,0.0410922542214393,2008-12-01
3532,0.0434769243001937,2008-12-01
6008,0.0410922542214393,2008-12-01
7343,0.0469457805156707,2008-12-01
12142,0.0410922542214393,2008-12-01
14489,0.0554084219038486,2008-12-01
15855,0.046128686517477,2008-12-01
18699,0.0410922542214393,2008-12-01
20779,0.0410922542214393,2008-12-01
22815,0.0410922542214393,2008-12-01
24975,0.0410922542214393,2008-12-01
111864,0.0428623259067535,2008-12-01
143357,0.0421136692166328,2008-12-01
160888,0.0428623259067535,2008-12-01
175404,0.1497614532709121,2008-12-01
177267,0.0491599775850772,2008-12-01
1161,0.0961864590644836,2009-03-01
1690,0.0745179802179336,2009-03-01
1878,0.0569885484874248,2009-03-01
5606,0.0612252131104469,2009-03-01
6565,0.0559337846934795,2009-03-01
7585,0.0533549413084983,2009-03-01
13421,0.0813335329294204,2009-03-01
14282,0.0515502393245697,2009-03-01
14489,0.0992113128304481,2009-03-01
28195,0.0613095164299011,2009-03-01
143357,0.0738337710499763,2009-03-01
150937,0.066957302391529,2009-03-01
175404,0.0933204293251037,2009-03-01
1327,0.066424086689949,2009-06-01
5606,0.044493306428194,2009-06-01
7343,0.0464355275034904,2009-06-01
10453,0.0564470291137695,2009-06-01
14282,0.0525006242096424,2009-06-01
27965,0.0507780089974403,2009-06-01
28195,0.0609831102192401,2009-06-01
111864,0.0773916095495224,2009-06-01
117768,0.0455720722675323,2009-06-01
126721,0.0543963909149169,2009-06-01
134932,0.0549701564013958,2009-06-01
143357,0.0445446968078613,2009-06-01
176567,0.0566133260726928,2009-06-01
1327,0.0600849715196169,2009-09-01
1690,0.0508831907577548,2009-09-01
3532,0.060515847698921,2009-09-01
10789,0.0497536307952513,2009-09-01
13824,0.0869828023336462,2009-09-01
14282,0.0914125724324735,2009-09-01
14489,0.0631353797351332,2009-09-01
22815,0.0709004059578539,2009-09-01
24975,0.0684387987010961,2009-09-01
27965,0.0500594707626604,2009-09-01
111864,0.0886345049779372,2009-09-01
125595,0.0560504718709996,2009-09-01
176567,0.1076469358225902,2009-09-01
1327,0.0620767022452816,2009-12-01
1704,0.042000332360865,2009-12-01
3532,0.0516194111846469,2009-12-01
6008,0.0467202782475343,2009-12-01
7343,0.0628564799683945,2009-12-01
10789,0.0406489723981193,2009-12-01
13824,0.0476346380949523,2009-12-01
14282,0.0635699606023979,2009-12-01
14489,0.0539520846272453,2009-12-01
22815,0.0721540315613365,2009-12-01
27965,0.0579149483531532,2009-12-01
117768,0.0837978271249624,2009-12-01
134932,0.0463732070539992,2009-12-01
176567,0.084106788491445,2009-12-01
1161,0.0253959135384875,2010-03-01
1327,0.0313970944247135,2010-03-01
6565,0.0388241239933233,2010-03-01
13824,0.025798057594863,2010-03-01
14282,0.0211859571539469,2010-03-01
14489,0.0244745342461728,2010-03-01
18699,0.0273669485723448,2010-03-01
20779,0.0207330308259513,2010-03-01
27965,0.043181732804834,2010-03-01
117768,0.0672806971467148,2010-03-01
134932,0.0214632697576389,2010-03-01
176567,0.0620622733704503,2010-03-01
180711,0.057011254246756,2010-03-01
183377,0.0573944484028727,2010-03-01
1161,0.0285190374147869,2010-06-01
1327,0.0442762589322323,2010-06-01
1704,0.0347626076424847,2010-06-01
6565,0.0748421589516992,2010-06-01
7343,0.0411613673209447,2010-06-01
10453,0.0500851259796963,2010-06-01
14282,0.0559345369891894,2010-06-01
22815,0.0376195040537524,2010-06-01
27965,0.0567999806977525,2010-06-01
117768,0.0823072179941862,2010-06-01
134932,0.0350146920629731,2010-06-01
150937,0.0360920130302317,2010-06-01
176567,0.0660999603356366,2010-06-01
180711,0.0393456762331591,2010-06-01
1161,0.0423399057202133,2010-09-01
1704,0.0450612751723839,2010-09-01
3532,0.0361258043536539,2010-09-01
6565,0.0640015427235074,2010-09-01
7343,0.0554160259455516,2010-09-01
10453,0.0804731044975504,2010-09-01
14282,0.0520506124189008,2010-09-01
27965,0.0366818494467932,2010-09-01
117768,0.0800539745578974,2010-09-01
134932,0.0562456916571236,2010-09-01
150937,0.0512033448970024,2010-09-01
160888,0.0350636639439154,2010-09-01
176567,0.0817507523314937,2010-09-01
180711,0.0677366054113595,2010-09-01
1161,0.0486814310303203,2010-12-01
3532,0.0439146263709449,2010-12-01
6008,0.0424249157063512,2010-12-01
6565,0.0626478703441636,2010-12-01
7343,0.0647293054108701,2010-12-01
10453,0.04943049317532,2010-12-01
14489,0.0513223949094911,2010-12-01
117768,0.0793044806781587,2010-12-01
134932,0.064078233210589,2010-12-01
150937,0.0579128918721096,2010-12-01
160888,0.0426050755855071,2010-12-01
176567,0.0769311421633257,2010-12-01
180711,0.0574550334167061,2010-12-01
184725,0.0467552594074008,2010-12-01
1161,0.0556657431379375,2011-03-01
1704,0.0410063708414859,2011-03-01
6565,0.0437469152061181,2011-03-01
7343,0.046433715582682,2011-03-01
10453,0.0603073045933649,2011-03-01
14282,0.0332082240806857,2011-03-01
14489,0.0689056509802019,2011-03-01
20779,0.0318510182286333,2011-03-01
27965,0.0459220634842132,2011-03-01
117768,0.0396618366679313,2011-03-01
134932,0.0576190223076246,2011-03-01
150937,0.059044630703546,2011-03-01
160888,0.0643849630617968,2011-03-01
176567,0.068594766647291,2011-03-01
1161,0.071337627671223,2011-06-01
1704,0.0377189799683996,2011-06-01
6008,0.0321500178754988,2011-06-01
6565,0.0463340909958936,2011-06-01
7343,0.0452798593528154,2011-06-01
10453,0.0606340608356192,2011-06-01
14489,0.0611943077611985,2011-06-01
20779,0.0564157963788097,2011-06-01
27965,0.0491901607777651,2011-06-01
117768,0.0750618068294244,2011-06-01
134932,0.04336698228902,2011-06-01
150937,0.0522583068722674,2011-06-01
160888,0.0556931625865096,2011-06-01
176567,0.0556720231692537,2011-06-01
1161,0.0664214333857261,2011-09-01
1704,0.0495309016808987,2011-09-01
6565,0.0541156000192358,2011-09-01
7343,0.0410177328735523,2011-09-01
10453,0.0536379308163268,2011-09-01
14489,0.0439561142807766,2011-09-01
20779,0.050201720346479,2011-09-01
27965,0.038170449866176,2011-09-01
117768,0.0684593775216137,2011-09-01
134932,0.0365995684398176,2011-09-01
150937,0.035217009169716,2011-09-01
160888,0.0614569343352864,2011-09-01
176567,0.0714970164662952,2011-09-01
180711,0.0332150206198714,2011-09-01
1327,0.0399569384753704,2011-12-01
1704,0.0438269898295402,2011-12-01
7343,0.0397172644734382,2011-12-01
10453,0.0490124560892581,2011-12-01
14282,0.0333245545625686,2011-12-01
18699,0.0326048955321311,2011-12-01
20779,0.0314221084117889,2011-12-01
27965,0.0517061240971088,2011-12-01
66368,0.1413249671459198,2011-12-01
125595,0.0369061455130577,2011-12-01
160888,0.0672109648585319,2011-12-01
176567,0.0429306589066982,2011-12-01
183377,0.0508947856724262,2011-12-01
184725,0.037583190947771,2011-12-01
1161,0.0395314134657382,2012-03-01
1327,0.0560570284724235,2012-03-01
1704,0.0336364731192588,2012-03-01
3532,0.0410949997603893,2012-03-01
6565,0.0373451337218284,2012-03-01
10453,0.0354659669101238,2012-03-01
13421,0.0322397947311401,2012-03-01
117768,0.0370320156216621,2012-03-01
134932,0.0385449267923831,2012-03-01
160888,0.0479317344725132,2012-03-01
176567,0.036055289208889,2012-03-01
180711,0.0370320156216621,2012-03-01
183377,0.0353411585092544,2012-03-01
184725,0.0348891131579875,2012-03-01
3532,0.0464315211897816,2012-06-01
6304,0.0294030577422782,2012-06-01
6565,0.0484355089377514,2012-06-01
7343,0.034733224139299,2012-06-01
10499,0.0303568251746263,2012-06-01
12142,0.0341109812146142,2012-06-01
13421,0.0338710233877189,2012-06-01
27928,0.0303568251746263,2012-06-01
28195,0.0430113537453402,2012-06-01
111864,0.0294030577422782,2012-06-01
117768,0.0447082015694849,2012-06-01
176567,0.0358962413312462,2012-06-01
180711,0.0343812754937551,2012-06-01
187697,0.0460806354389322,2012-06-01
1161,0.090877757672745,2012-09-01
3532,0.0306219153601882,2012-09-01
6565,0.0543818922874802,2012-09-01
7343,0.0443490390928666,2012-09-01
13421,0.0301001939608689,2012-09-01
14489,0.0668707596542358,2012-09-01
15855,0.0396349216004721,2012-09-01
27965,0.0480724849970054,2012-09-01
117768,0.0359364512796752,2012-09-01
134932,0.054913353492855,2012-09-01
175404,0.0643286541016248,2012-09-01
176567,0.0371073895916452,2012-09-01
180711,0.0396220195561885,2012-09-01
183377,0.0671852902572178,2012-09-01
187697,0.031454285521566,2012-09-01
1161,0.0719673012118135,2012-12-01
1704,0.027567358786371,2012-12-01
3532,0.0281995242192791,2012-12-01
5606,0.0667126956038555,2012-12-01
6066,0.0349346196954352,2012-12-01
6565,0.051285213706741,2012-12-01
10453,0.0292923537735604,2012-12-01
12441,0.0332958895576087,2012-12-01
14489,0.0667126956038555,2012-12-01
61591,0.0285167059428194,2012-12-01
117768,0.0364426517883492,2012-12-01
150937,0.0326382432688814,2012-12-01
160888,0.0261087340706483,2012-12-01
176567,0.0327662815742567,2012-12-01
180711,0.0361758463992489,2012-12-01
1161,0.0606757515170432,2013-03-01
1704,0.0294602040287217,2013-03-01
1878,0.0213326301956619,2013-03-01
3532,0.0198097159133896,2013-03-01
6066,0.0215167092227893,2013-03-01
6565,0.0268976962376927,2013-03-01
10453,0.0227423373973775,2013-03-01
10499,0.0273106721425311,2013-03-01
12141,0.0222413937738713,2013-03-01
14489,0.0521515028111902,2013-03-01
20779,0.0224412670411641,2013-03-01
61591,0.0384672762775306,2013-03-01
176567,0.0590361232988394,2013-03-01
180711,0.0232079078302338,2013-03-01
183377,0.0257604515880073,2013-03-01
1161,0.0627797541229051,2013-06-01
1690,0.0460509364507174,2013-06-01
3532,0.0268798171926133,2013-06-01
6066,0.0298132840073543,2013-06-01
12441,0.0298132840073543,2013-06-01
13421,0.0397712353061548,2013-06-01
14282,0.0273558838054997,2013-06-01
14489,0.0493498466529831,2013-06-01
27928,0.0299337854678968,2013-06-01
61591,0.0317622550430061,2013-06-01
117768,0.0349669929866818,2013-06-01
143357,0.0266243212802988,2013-06-01
176567,0.0522563752294887,2013-06-01
180711,0.0365301677704516,2013-06-01
183377,0.0377735539818685,2013-06-01
1161,0.0898361040534305,2013-09-01
1690,0.0419286558768884,2013-09-01
6565,0.0433938718154906,2013-09-01
10453,0.0379422582250011,2013-09-01
13421,0.0436600448221257,2013-09-01
14282,0.0348625197557322,2013-09-01
14489,0.0490483239359947,2013-09-01
15044,0.0340560668039936,2013-09-01
22815,0.0341313363850365,2013-09-01
27965,0.0426997446990011,2013-09-01
61591,0.0381176333276567,2013-09-01
126721,0.0368891628248157,2013-09-01
171067,0.0364627223291338,2013-09-01
176567,0.0603135902728427,2013-09-01
183377,0.034025941694959,2013-09-01
1161,0.0891532793891,2013-12-01
6565,0.0619670975168116,2013-12-01
10453,0.0400755694316479,2013-12-01
13421,0.0394646433241097,2013-12-01
14489,0.052566059295906,2013-12-01
15044,0.0721064666448129,2013-12-01
28320,0.0484137303114796,2013-12-01
117768,0.0540826999559001,2013-12-01
134932,0.0549150256627009,2013-12-01
157855,0.0414439978011011,2013-12-01
171007,0.0659997375415129,2013-12-01
171067,0.0836331691381347,2013-12-01
176567,0.0549391779450033,2013-12-01
180711,0.04580770451333,2013-12-01
183377,0.0539355611949968,2013-12-01
1632,0.0297688525170087,2014-03-01
1704,0.0390040166676044,2014-03-01
6304,0.0330612994730472,2014-03-01
6565,0.0391970127820968,2014-03-01
12441,0.0400380678474903,2014-03-01
12540,0.0465178824961185,2014-03-01
13421,0.0297411605715751,2014-03-01
24405,0.0308805759996175,2014-03-01
24975,0.0330612994730472,2014-03-01
61591,0.063344158232212,2014-03-01
126721,0.034650731831789,2014-03-01
143357,0.033064879477024,2014-03-01
157855,0.0349982418119907,2014-03-01
171007,0.0328770391643047,2014-03-01
171067,0.0390040166676044,2014-03-01
1161,0.069202464007535,2014-06-01
6565,0.0580829000686723,2014-06-01
10453,0.0521477472578141,2014-06-01
13421,0.0396361329650441,2014-06-01
15044,0.0646888295318768,2014-06-01
20779,0.035181910869611,2014-06-01
28320,0.0424236424575228,2014-06-01
61591,0.038333547813854,2014-06-01
117768,0.0502085102978939,2014-06-01
134932,0.0466921011155864,2014-06-01
157855,0.0515395286917525,2014-06-01
171007,0.058968796633421,2014-06-01
171067,0.0712624660042257,2014-06-01
176567,0.0461645205841868,2014-06-01
183377,0.051441448413693,2014-06-01
1161,0.0544879503506816,2014-09-01
6565,0.0548909579854543,2014-09-01
14282,0.0350471301893483,2014-09-01
15044,0.0441116324698738,2014-09-01
20748,0.0397434750503487,2014-09-01
61591,0.0352969833572252,2014-09-01
117768,0.0485282040192364,2014-09-01
126721,0.0363534003432453,2014-09-01
134932,0.0480625592238769,2014-09-01
157855,0.0416165736079626,2014-09-01
171007,0.0420129332355144,2014-09-01
171067,0.0650468301962587,2014-09-01
176567,0.0394514146639199,2014-09-01
180711,0.0437550746335391,2014-09-01
183377,0.0410729896170819,2014-09-01
1161,0.0469411593753098,2014-12-01
6565,0.0441553900087989,2014-12-01
10453,0.0394036649459736,2014-12-01
12142,0.0369932649923795,2014-12-01
15044,0.0622447132888934,2014-12-01
20748,0.0389137803930893,2014-12-01
20779,0.0386243994381821,2014-12-01
28320,0.0353703822546673,2014-12-01
61591,0.0433352730919621,2014-12-01
117768,0.0421482321372209,2014-12-01
134932,0.0373452950603147,2014-12-01
157855,0.0565904251401212,2014-12-01
171007,0.0629006364903892,2014-12-01
171067,0.0675540394587127,2014-12-01
176567,0.0458287913213452,2014-12-01
183377,0.0361674372750757,2014-12-01
1161,0.0715845428742728,2015-03-01
10453,0.0599133244598632,2015-03-01
12142,0.0491197224640193,2015-03-01
13421,0.0549658720624933,2015-03-01
15044,0.0628975381831327,2015-03-01
20232,0.0507274699017825,2015-03-01
20779,0.0507798970665783,2015-03-01
27965,0.0525328384007513,2015-03-01
28320,0.05129169706874,2015-03-01
61591,0.0671955040487316,2015-03-01
117768,0.0583984342893459,2015-03-01
134932,0.048888488305544,2015-03-01
157855,0.0628511407462065,2015-03-01
171007,0.0659251936195356,2015-03-01
171067,0.0658050290045843,2015-03-01
175404,0.054375490916946,2015-03-01
1161,0.0546485351303546,2015-06-01
6304,0.048060934927762,2015-06-01
6565,0.0530964746000015,2015-06-01
10453,0.0425070654725149,2015-06-01
12142,0.0431551986024697,2015-06-01
14282,0.0409347025207072,2015-06-01
20232,0.0415587568046004,2015-06-01
20779,0.0481608559176336,2015-06-01
27965,0.0459166813300497,2015-06-01
28320,0.0474806056405624,2015-06-01
61591,0.042225962669476,2015-06-01
117768,0.0556195655019993,2015-06-01
126721,0.0427658526660439,2015-06-01
175404,0.0411015263931644,2015-06-01
180711,0.043038707285178,2015-06-01
184725,0.0406851638038134,2015-06-01
1161,0.0562165416777133,2015-09-01
1327,0.0289681069552898,2015-09-01
1632,0.0289681069552898,2015-09-01
1704,0.0289681069552898,2015-09-01
3532,0.0289681069552898,2015-09-01
6008,0.0289681069552898,2015-09-01
6066,0.0289681069552898,2015-09-01
6565,0.031027304008603,2015-09-01
7343,0.0289681069552898,2015-09-01
7585,0.0289681069552898,2015-09-01
10453,0.0289681069552898,2015-09-01
11399,0.0289681069552898,2015-09-01
12141,0.029702428728342,2015-09-01
13421,0.0289681069552898,2015-09-01
14282,0.0289681069552898,2015-09-01
15044,0.0356849990785121,2015-09-01
20232,0.0289681069552898,2015-09-01
22815,0.0436229743063449,2015-09-01
23071,0.0440388619899749,2015-09-01
24800,0.0289681069552898,2015-09-01
24925,0.031027304008603,2015-09-01
27928,0.029702428728342,2015-09-01
27965,0.0324978604912757,2015-09-01
28320,0.0289681069552898,2015-09-01
61591,0.029702428728342,2015-09-01
121077,0.0289681069552898,2015-09-01
134932,0.0289681069552898,2015-09-01
150937,0.0289681069552898,2015-09-01
171007,0.0356849990785121,2015-09-01
171067,0.0356849990785121,2015-09-01
175404,0.0289681069552898,2015-09-01
176567,0.0289681069552898,2015-09-01
180711,0.0289681069552898,2015-09-01
183377,0.029702428728342,2015-09-01
184725,0.0289681069552898,2015-09-01
1161,0.0390783115969513,2015-12-01
1878,0.0479623665275026,2015-12-01
6008,0.0376101960046126,2015-12-01
11399,0.0464942744334205,2015-12-01
13421,0.0412467274385444,2015-12-01
15044,0.0479623665275026,2015-12-01
23071,0.0479623665275026,2015-12-01
24405,0.0479623665275026,2015-12-01
27965,0.0377152166575955,2015-12-01
61591,0.0716970349823619,2015-12-01
117768,0.0382697221439944,2015-12-01
150937,0.0461460174028976,2015-12-01
171007,0.0437112863443755,2015-12-01
171067,0.0437112863443755,2015-12-01
175404,0.0379366491399589,2015-12-01
176567,0.0453926005073094,2015-12-01
1878,0.0469164830749466,2016-03-01
6008,0.035560083210514,2016-03-01
6304,0.0517417562927956,2016-03-01
6565,0.0345672701332991,2016-03-01
13421,0.0367239926938182,2016-03-01
14282,0.0356429358320344,2016-03-01
15044,0.0469164830749466,2016-03-01
20748,0.038322536234283,2016-03-01
23071,0.0469164830749466,2016-03-01
24405,0.0469164830749466,2016-03-01
28195,0.0357146743768788,2016-03-01
61591,0.0556667870936207,2016-03-01
143357,0.0344065125193898,2016-03-01
171007,0.0469164830749466,2016-03-01
171067,0.0469164830749466,2016-03-01
176567,0.036358620195177,2016-03-01
1161,0.0779889076948165,2016-06-01
1878,0.0414733439683914,2016-06-01
6066,0.0366772040724754,2016-06-01
6304,0.0402253381907939,2016-06-01
10789,0.0387446843087673,2016-06-01
11399,0.047618169337511,2016-06-01
15044,0.0405699796974659,2016-06-01
20748,0.0382314473390579,2016-06-01
23071,0.044575598090887,2016-06-01
24405,0.0541635118424892,2016-06-01
27928,0.0381662882864475,2016-06-01
28320,0.0361347571015358,2016-06-01
150937,0.0408134646713733,2016-06-01
160888,0.0407448969781398,2016-06-01
171007,0.0479949340224266,2016-06-01
171067,0.0397876426577568,2016-06-01
1161,0.0407783683659245,2016-09-01
1878,0.0546319130031048,2016-09-01
5606,0.0373077675137115,2016-09-01
6304,0.0396659296120425,2016-09-01
7585,0.0373077675137115,2016-09-01
11399,0.0561000925613996,2016-09-01
12441,0.0373077675137115,2016-09-01
15044,0.0415619282014708,2016-09-01
23071,0.0431542275196366,2016-09-01
24405,0.0546319130031048,2016-09-01
26156,0.040791666431061,2016-09-01
61591,0.0436106207146607,2016-09-01
66368,0.0373077675137115,2016-09-01
171007,0.0546319130031048,2016-09-01
171067,0.0546319130031048,2016-09-01
175404,0.0453007075678372,2016-09-01
183377,0.0385550292662625,2016-09-01
1161,0.0418531112372875,2016-12-01
1878,0.0810808837413787,2016-12-01
10499,0.0327489115297794,2016-12-01
10789,0.0431654937565326,2016-12-01
12142,0.0327489115297794,2016-12-01
15044,0.0810808837413787,2016-12-01
24405,0.0810808837413787,2016-12-01
28195,0.0479319356381893,2016-12-01
61591,0.0328222587704658,2016-12-01
111864,0.0331178493797779,2016-12-01
126721,0.0416441224515438,2016-12-01
160888,0.0453203730285167,2016-12-01
171007,0.0810808837413787,2016-12-01
171067,0.0418531112372875,2016-12-01
175404,0.0946148857474327,2016-12-01
176567,0.038023967295885,2016-12-01
1161,0.0582144798570467,2017-03-01
1878,0.0418002838470555,2017-03-01
6565,0.0423789922104306,2017-03-01
10453,0.0532094457182346,2017-03-01
12142,0.0455753699296895,2017-03-01
13421,0.0415570972154836,2017-03-01
15044,0.0623911722988072,2017-03-01
18699,0.0541380244632288,2017-03-01
23071,0.0612682395214201,2017-03-01
27965,0.0439752550923096,2017-03-01
126721,0.0427189978358555,2017-03-01
157855,0.0416086856163387,2017-03-01
171007,0.0537593512496004,2017-03-01
171067,0.060191588195994,2017-03-01
175404,0.0520639028032643,2017-03-01
180711,0.0406112236664246,2017-03-01
1161,0.0589454648954574,2017-06-01
1327,0.0381769270444971,2017-06-01
1878,0.0430674746958271,2017-06-01
6565,0.0470565747394472,2017-06-01
10499,0.0406647880190215,2017-06-01
12142,0.0447658626377842,2017-06-01
15044,0.0577173020724873,2017-06-01
18699,0.046403290127028,2017-06-01
20779,0.0454604461623411,2017-06-01
23071,0.0422592105376158,2017-06-01
111864,0.0400467112942774,2017-06-01
117768,0.0401220902269751,2017-06-01
171007,0.0624116074646613,2017-06-01
171067,0.0570469061255875,2017-06-01
175404,0.0560246853764197,2017-06-01
187697,0.0402283739856359,2017-06-01
1161,0.0630023791587894,2017-09-01
1878,0.0471796644205813,2017-09-01
6008,0.0359928245398059,2017-09-01
6565,0.0454579237655464,2017-09-01
10453,0.0344383986245474,2017-09-01
12142,0.040364484959369,2017-09-01
15044,0.0563199253754725,2017-09-01
15855,0.0409405121606567,2017-09-01
18699,0.0487336425987497,2017-09-01
20779,0.0417545414720873,2017-09-01
23071,0.043154965583366,2017-09-01
117768,0.0373276497417583,2017-09-01
171007,0.0587954620411981,2017-09-01
171067,0.0575666598689034,2017-09-01
175404,0.0558362614088335,2017-09-01
183377,0.0411719195404687,2017-09-01
1161,0.049396503148814,2017-12-01
1878,0.0507323930697644,2017-12-01
6565,0.0374245936298463,2017-12-01
10453,0.0356788387222569,2017-12-01
11399,0.0369069515265655,2017-12-01
12142,0.0392132048134772,2017-12-01
15044,0.0606453737288611,2017-12-01
15855,0.0378788057758767,2017-12-01
18699,0.035999511608731,2017-12-01
20232,0.0383010827412386,2017-12-01
23071,0.0473293381261971,2017-12-01
61591,0.0363472113853341,2017-12-01
171007,0.0610635417218077,2017-12-01
171067,0.0621321067272386,2017-12-01
175404,0.0632046103425442,2017-12-01
183377,0.0467912714257411,2017-12-01
1161,0.049784654994314,2018-03-01
6565,0.0396632124189864,2018-03-01
10453,0.0413703488530059,2018-03-01
11399,0.0416786733579283,2018-03-01
12142,0.0492738218211444,2018-03-01
12441,0.0451058223415547,2018-03-01
13421,0.0539146047671357,2018-03-01
15044,0.060607545737118,2018-03-01
23071,0.0455961914414287,2018-03-01
61591,0.0402020665471464,2018-03-01
134932,0.0431385720317287,2018-03-01
171007,0.0566319261091237,2018-03-01
171067,0.0536826073788056,2018-03-01
175404,0.0456446451338279,2018-03-01
180711,0.0487829753487777,2018-03-01
183377,0.0520663744433275,2018-03-01
3532,0.0444248929798084,2018-06-01
6565,0.0384972318189574,2018-06-01
10499,0.0409789986647092,2018-06-01
12142,0.0447219027786964,2018-06-01
15044,0.0638467012510888,2018-06-01
20779,0.0502372402931507,2018-06-01
24800,0.0550712357251867,2018-06-01
27965,0.0427119477201601,2018-06-01
61591,0.0495700355161102,2018-06-01
117768,0.0413229189726567,2018-06-01
150937,0.0402360292677756,2018-06-01
171007,0.0551582091918943,2018-06-01
171067,0.0632219069427246,2018-06-01
175404,0.0399372914353018,2018-06-01
180711,0.0354553678018498,2018-06-01
183377,0.0394966519703491,2018-06-01
3532,0.1314859006102479,2018-09-01
5606,0.0927612456964483,2018-09-01
7585,0.0347579345511645,2018-09-01
13824,0.0378838994359837,2018-09-01
15044,0.0342434649064374,2018-09-01
15855,0.0393667385806477,2018-09-01
23071,0.0404352154494353,2018-09-01
24800,0.0437133930753158,2018-09-01
24925,0.0343335694541446,2018-09-01
26156,0.0449069310766789,2018-09-01
28195,0.0344857016802597,2018-09-01
61591,0.0344199164012001,2018-09-01
171067,0.0430494876465601,2018-09-01
176567,0.0543689673820003,2018-09-01
183377,0.0369271761849172,2018-09-01
184725,0.042892929083024,2018-09-01
1161,0.0558950938284397,2018-12-01
5606,0.0363452956080436,2018-12-01
6565,0.0868602469563484,2018-12-01
7585,0.0937085971236229,2018-12-01
10499,0.0378011614084243,2018-12-01
11399,0.0505439490079879,2018-12-01
12142,0.042691346257925,2018-12-01
15044,0.0524268709123134,2018-12-01
20779,0.040215365588665,2018-12-01
22815,0.0422865599393844,2018-12-01
24800,0.0722099170088768,2018-12-01
26156,0.0693464875221252,2018-12-01
28195,0.0401193164288997,2018-12-01
111864,0.0351787991821765,2018-12-01
160888,0.0383675843477249,2018-12-01
176567,0.0450531989336013,2018-12-01
1878,0.0380056835711002,2019-03-01
5606,0.0474248379468917,2019-03-01
6565,0.0526763424277305,2019-03-01
7585,0.0396284572780132,2019-03-01
11399,0.0409336574375629,2019-03-01
12441,0.0395065210759639,2019-03-01
13421,0.0366650968790054,2019-03-01
14489,0.0408577248454093,2019-03-01
20748,0.0450945422053337,2019-03-01
22815,0.0367140434682369,2019-03-01
23071,0.0402008779346942,2019-03-01
24925,0.0368447862565517,2019-03-01
117768,0.0471091121435165,2019-03-01
134932,0.0407180301845073,2019-03-01
176567,0.0573916174471378,2019-03-01
183377,0.0439720638096332,2019-03-01
1704,0.0410327471411822,2019-06-01
6565,0.0520034566596509,2019-06-01
10499,0.0432588789626149,2019-06-01
11399,0.0456191417406449,2019-06-01
12142,0.0491852286033493,2019-06-01
13824,0.0400964855142969,2019-06-01
14489,0.0417998642602884,2019-06-01
15044,0.0748824547868685,2019-06-01
20748,0.0440182128063271,2019-06-01
20779,0.0478659794453355,2019-06-01
23071,0.0435612223955833,2019-06-01
117768,0.0541562259544641,2019-06-01
171007,0.0411567575371628,2019-06-01
171067,0.0510201365107094,2019-06-01
176567,0.0583862648889682,2019-06-01
183377,0.042629090612446,2019-06-01
6565,0.0434521070636315,2019-09-01
10499,0.0420167275327045,2019-09-01
12142,0.0514661670486495,2019-09-01
13824,0.04370638555788,2019-09-01
14489,0.0534134963903914,2019-09-01
15044,0.073118330705383,2019-09-01
20779,0.0449915653677612,2019-09-01
22815,0.0411593897883455,2019-09-01
23071,0.0529580868768372,2019-09-01
24800,0.0479739806098431,2019-09-01
35182,0.0719797620093524,2019-09-01
117768,0.0452900365595764,2019-09-01
143357,0.041027534702229,2019-09-01
150937,0.0420448089856618,2019-09-01
171067,0.0440082715219738,2019-09-01
176567,0.0522476786210645,2019-09-01
183377,0.0508419734335618,2019-09-01
1161,0.048587828874588,2019-12-01
1878,0.0739741176366806,2019-12-01
11399,0.0574549026787281,2019-12-01
12142,0.0447392202913761,2019-12-01
12441,0.0436668172478675,2019-12-01
13824,0.0440420880913734,2019-12-01
14489,0.0471307262778282,2019-12-01
15044,0.0424734391272068,2019-12-01
20748,0.0613471902906894,2019-12-01
23071,0.0453780703246593,2019-12-01
24800,0.0502144768834114,2019-12-01
24925,0.0424860715866088,2019-12-01
35182,0.0562039241194725,2019-12-01
61591,0.0551096051931381,2019-12-01
171007,0.0450246557593345,2019-12-01
176567,0.0489657558500766,2019-12-01
183377,0.051230315119028,2019-12-01
1327,0.0502875678180262,2020-03-01
5606,0.0464729061702014,2020-03-01
6565,0.0433739729572538,2020-03-01
10499,0.0424700729394163,2020-03-01
12142,0.0436586776582114,2020-03-01
15855,0.043056126913194,2020-03-01
20779,0.0467565190681969,2020-03-01
22815,0.0447124751109697,2020-03-01
23071,0.0452706461546917,2020-03-01
24975,0.0431343579215288,2020-03-01
27965,0.0447520617634805,2020-03-01
28195,0.0424157549135267,2020-03-01
35182,0.0449166380213346,2020-03-01
111864,0.0529963546308467,2020-03-01
171067,0.0429348594376921,2020-03-01
176567,0.0535524848047264,2020-03-01
183377,0.0576322198594744,2020-03-01
5606,0.0586253777146339,2020-06-01
6066,0.0513136535882949,2020-06-01
6304,0.0629093870520591,2020-06-01
6565,0.0505855716764926,2020-06-01
10499,0.0508186854422092,2020-06-01
14282,0.0535561963915824,2020-06-01
15855,0.0954482331871986,2020-06-01
18699,0.0574601590633392,2020-06-01
20748,0.0623727403581142,2020-06-01
22815,0.0476405024528503,2020-06-01
23071,0.0526219233870506,2020-06-01
24925,0.0476126484572887,2020-06-01
35182,0.059477798640728,2020-06-01
111864,0.0479408651590347,2020-06-01
171007,0.0574601590633392,2020-06-01
183377,0.0563377104699611,2020-06-01
187697,0.0492478534579277,2020-06-01
6304,0.0460447184741497,2020-09-01
6565,0.0459182448685169,2020-09-01
7585,0.042469996958971,2020-09-01
10499,0.0442785955965518,2020-09-01
12142,0.046215746551752,2020-09-01
13824,0.0511073879897594,2020-09-01
18699,0.0453699007630348,2020-09-01
20748,0.0520296581089496,2020-09-01
23071,0.0429200120270252,2020-09-01
24975,0.0426430478692054,2020-09-01
27965,0.0472137592732906,2020-09-01
61591,0.0424062088131904,2020-09-01
66368,0.0460893101990222,2020-09-01
111864,0.0471476279199123,2020-09-01
143357,0.0426430478692054,2020-09-01
171067,0.0452611520886421,2020-09-01
176567,0.0464958511292934,2020-09-01
6304,0.0403351634740829,2020-12-01
6565,0.0403351634740829,2020-12-01
10499,0.0407318845391273,2020-12-01
13824,0.0403351634740829,2020-12-01
18699,0.0409598648548126,2020-12-01
20748,0.0412809327244758,2020-12-01
22815,0.0407318845391273,2020-12-01
24405,0.0419316850602626,2020-12-01
24800,0.0404580384492874,2020-12-01
24975,0.0407318845391273,2020-12-01
61591,0.0437877774238586,2020-12-01
111864,0.0407318845391273,2020-12-01
121077,0.0415916144847869,2020-12-01
143357,0.0407318845391273,2020-12-01
157855,0.0415916144847869,2020-12-01
171067,0.0416117906570434,2020-12-01
176567,0.0509769469499588,2020-12-01
187697,0.0407318845391273,2020-12-01
1690,0.0417387880037164,2021-03-01
1878,0.0416934521693951,2021-03-01
3532,0.0419346612565392,2021-03-01
5606,0.0420282606934044,2021-03-01
6008,0.0415820455550787,2021-03-01
7585,0.0417876648760541,2021-03-01
11399,0.0426758962650156,2021-03-01
12142,0.0417387880037164,2021-03-01
14489,0.0416934521693951,2021-03-01
15855,0.0417876648760541,2021-03-01
24405,0.043193576283092,2021-03-01
27965,0.043193576283092,2021-03-01
28195,0.043193576283092,2021-03-01
35620,0.0417876648760541,2021-03-01
61591,0.0417387880037164,2021-03-01
117768,0.0417382179683477,2021-03-01
150937,0.0417387880037164,2021-03-01
1704,0.0351031199097633,2021-06-01
7343,0.0416961088776588,2021-06-01
10453,0.0351031199097633,2021-06-01
10789,0.0351031199097633,2021-06-01
12142,0.0351031199097633,2021-06-01
13824,0.0351031199097633,2021-06-01
15044,0.0351031199097633,2021-06-01
18699,0.0351031199097633,2021-06-01
22815,0.0351031199097633,2021-06-01
24975,0.0351031199097633,2021-06-01
27928,0.0416961088776588,2021-06-01
35182,0.0351031199097633,2021-06-01
35620,0.0351031199097633,2021-06-01
36910,0.0466446988284587,2021-06-01
111864,0.0369221679866313,2021-06-01
117768,0.0372755378484725,2021-06-01
171067,0.0351031199097633,2021-06-01
187697,0.0351031199097633,2021-06-01
1161,0.0447242629101327,2021-09-01
3532,0.0458572946924987,2021-09-01
7585,0.0466317571360274,2021-09-01
10453,0.0441909716743076,2021-09-01
11399,0.0466960624226123,2021-09-01
13824,0.0443716744201183,2021-09-01
15044,0.0439920993220625,2021-09-01
15855,0.0467135192424569,2021-09-01
18699,0.0439920993220625,2021-09-01
22815,0.0439920993220625,2021-09-01
24975,0.0439920993220625,2021-09-01
26156,0.0442914233786448,2021-09-01
35182,0.0442180932340351,2021-09-01
35620,0.0458900810296735,2021-09-01
36910,0.0485422299338571,2021-09-01
121077,0.0439920993220625,2021-09-01
143357,0.0440249352018426,2021-09-01
160888,0.0440249352018426,2021-09-01
171007,0.0447929087388302,2021-09-01
176567,0.0442914233786448,2021-09-01
187697,0.0441222749375309,2021-09-01
1327,0.0419592234265051,2021-12-01
1704,0.0419592234265051,2021-12-01
6565,0.0419592234265051,2021-12-01
10453,0.0419592234265051,2021-12-01
10499,0.0419592234265051,2021-12-01
11399,0.0474978583399142,2021-12-01
12540,0.042191907742102,2021-12-01
15044,0.0419592234265051,2021-12-01
18699,0.0419592234265051,2021-12-01
20779,0.0419592234265051,2021-12-01
22815,0.0419592234265051,2021-12-01
24975,0.0419592234265051,2021-12-01
27928,0.0460393360960575,2021-12-01
35620,0.0424366389891759,2021-12-01
36910,0.0483260000822621,2021-12-01
143357,0.0419592234265051,2021-12-01
160888,0.0475920742760032,2021-12-01
171007,0.0419592234265051,2021-12-01
187697,0.0419592234265051,2021-12-01
1704,0.0430925458929821,2022-03-01
5606,0.0467738568694714,2022-03-01
6304,0.0430925458929821,2022-03-01
6565,0.0441226555393496,2022-03-01
10499,0.0441226555393496,2022-03-01
14489,0.0537682924729754,2022-03-01
18699,0.0448880163464286,2022-03-01
20779,0.0430925458929821,2022-03-01
22815,0.0448880163464286,2022-03-01
24925,0.043290384899209,2022-03-01
24975,0.0448880163464286,2022-03-01
28195,0.043290384899209,2022-03-01
35620,0.0439368616561849,2022-03-01
36910,0.0527956855127804,2022-03-01
61591,0.0482539255712981,2022-03-01
143357,0.0448880163464286,2022-03-01
171007,0.0448880163464286,2022-03-01
187697,0.0448880163464286,2022-03-01
5606,0.0446599066513821,2022-06-01
10789,0.0442604504073359,2022-06-01
13824,0.0476718953597134,2022-06-01
14489,0.0446027011161243,2022-06-01
15044,0.0485751312088862,2022-06-01
15855,0.0447806087029171,2022-06-01
23071,0.0469140381773432,2022-06-01
26156,0.0453570049581797,2022-06-01
35182,0.0486859190006122,2022-06-01
35620,0.0499880994275003,2022-06-01
36910,0.0564370076769124,2022-06-01
38212,0.0460113464740403,2022-06-01
66368,0.0470425309914699,2022-06-01
117768,0.0444477877723099,2022-06-01
171067,0.0465301173155419,2022-06-01
175404,0.0461820766053315,2022-06-01
176567,0.0463979571292997,2022-06-01
1161,0.0464777143492852,2022-09-01
1327,0.0464777143492852,2022-09-01
1632,0.0464777143492852,2022-09-01
1690,0.0464777143492852,2022-09-01
1704,0.0464777143492852,2022-09-01
1878,0.0464777143492852,2022-09-01
3532,0.0464777143492852,2022-09-01
5606,0.0464777143492852,2022-09-01
6008,0.0464777143492852,2022-09-01
6066,0.0464777143492852,2022-09-01
6304,0.0464777143492852,2022-09-01
6565,0.0464777143492852,2022-09-01
7343,0.0464777143492852,2022-09-01
7585,0.0464777143492852,2022-09-01
10453,0.0464777143492852,2022-09-01
10499,0.0464777143492852,2022-09-01
10789,0.0464777143492852,2022-09-01
11399,0.0464777143492852,2022-09-01
12141,0.0464777143492852,2022-09-01
12142,0.0464777143492852,2022-09-01
12441,0.0464777143492852,2022-09-01
12540,0.0464777143492852,2022-09-01
13421,0.0464777143492852,2022-09-01
13824,0.0464777143492852,2022-09-01
14282,0.0464777143492852,2022-09-01
14489,0.0464777143492852,2022-09-01
15044,0.0464777143492852,2022-09-01
15855,0.0464777143492852,2022-09-01
18699,0.0464777143492852,2022-09-01
20232,0.0464777143492852,2022-09-01
20748,0.0464777143492852,2022-09-01
20779,0.0464777143492852,2022-09-01
22815,0.0464777143492852,2022-09-01
23071,0.0464777143492852,2022-09-01
24405,0.0464777143492852,2022-09-01
24800,0.0464777143492852,2022-09-01
24925,0.0464777143492852,2022-09-01
24975,0.0464777143492852,2022-09-01
26156,0.0464777143492852,2022-09-01
27928,0.0464777143492852,2022-09-01
27965,0.0464777143492852,2022-09-01
28195,0.0464777143492852,2022-09-01
28320,0.0464777143492852,2022-09-01
35182,0.0464777143492852,2022-09-01
35620,0.0464777143492852,2022-09-01
36910,0.0464777143492852,2022-09-01
38212,0.0464777143492852,2022-09-01
61591,0.0464777143492852,2022-09-01
66368,0.0464777143492852,2022-09-01
111864,0.0464777143492852,2022-09-01
117768,0.0464777143492852,2022-09-01
121077,0.0464777143492852,2022-09-01
125595,0.0464777143492852,2022-09-01
126721,0.0464777143492852,2022-09-01
134932,0.0464777143492852,2022-09-01
143357,0.0464777143492852,2022-09-01
150937,0.0464777143492852,2022-09-01
157855,0.0464777143492852,2022-09-01
160888,0.0464777143492852,2022-09-01
171007,0.0464777143492852,2022-09-01
171067,0.0464777143492852,2022-09-01
175404,0.0464777143492852,2022-09-01
176567,0.0464777143492852,2022-09-01
177267,0.0464777143492852,2022-09-01
180711,0.0464777143492852,2022-09-01
183377,0.0464777143492852,2022-09-01
184725,0.0464777143492852,2022-09-01
187697,0.0464777143492852,2022-09-01
7343,0.0507811174635336,2022-12-01
13824,0.0509614547823421,2022-12-01
15044,0.053655046797402,2022-12-01
20748,0.0496566440526707,2022-12-01
23071,0.0497419721335274,2022-12-01
26156,0.0546837496066391,2022-12-01
35182,0.0493133712537941,2022-12-01
35620,0.0566293286865518,2022-12-01
36910,0.0653105878556678,2022-12-01
38212,0.0553856516401535,2022-12-01
66368,0.0516420975332643,2022-12-01
111864,0.0495276315095428,2022-12-01
117768,0.0601584997591812,2022-12-01
125595,0.0484387206584678,2022-12-01
175404,0.0543857849854646,2022-12-01
176567,0.0584763961883244,2022-12-01
187697,0.0513273293278831,2022-12-01
7343,0.0495604612775482,2023-03-01
11399,0.0502621260857571,2023-03-01
13824,0.0508705889165863,2023-03-01
14489,0.0497570681185442,2023-03-01
15044,0.051154732663499,2023-03-01
20748,0.0508162558414154,2023-03-01
26156,0.0523650549174575,2023-03-01
35182,0.0528464870659131,2023-03-01
35620,0.0563527354291122,2023-03-01
36910,0.0596881064869668,2023-03-01
38212,0.05808337628796,2023-03-01
66368,0.0505482496195749,2023-03-01
117768,0.05480918677136,2023-03-01
175404,0.0521239287595036,2023-03-01
176567,0.0547744720869639,2023-03-01
183377,0.050320147721397,2023-03-01
187697,0.0496977830583978,2023-03-01
1690,0.0439735576510429,2023-06-01
1878,0.0461664497852325,2023-06-01
5606,0.0425715371966362,2023-06-01
6008,0.0432104803621768,2023-06-01
6565,0.0432104803621768,2023-06-01
10789,0.041554719209671,2023-06-01
12142,0.0429059825837612,2023-06-01
12441,0.0441131852567195,2023-06-01
13421,0.0430887080729007,2023-06-01
14282,0.0432104803621768,2023-06-01
18699,0.041554719209671,2023-06-01
20748,0.0433501079678535,2023-06-01
23071,0.041554719209671,2023-06-01
36910,0.0450497902929782,2023-06-01
38212,0.0428354889154434,2023-06-01
117768,0.0433501079678535,2023-06-01
157855,0.041554719209671,2023-06-01
171007,0.041554719209671,2023-06-01
171067,0.0446324609220027,2023-06-01
183377,0.0450918190181255,2023-06-01
3532,0.0402035072776683,2023-09-01
5606,0.0413646927612921,2023-09-01
6008,0.0431689536499986,2023-09-01
7343,0.0390703595603585,2023-09-01
11399,0.0491616988069747,2023-09-01
14282,0.0388822438474069,2023-09-01
14489,0.0366989491959604,2023-09-01
15855,0.0443925230335092,2023-09-01
20748,0.0401006654743457,2023-09-01
22815,0.0409960729851321,2023-09-01
23071,0.0394596636472226,2023-09-01
26156,0.0430742540297698,2023-09-01
35620,0.0408717486093837,2023-09-01
36910,0.0479870462929917,2023-09-01
38212,0.0422213108277865,2023-09-01
111864,0.0370545225580396,2023-09-01
176567,0.0419664381905545,2023-09-01
1632,0.0368502339406443,2023-12-01
1878,0.0421154114389534,2023-12-01
6066,0.0368502339406443,2023-12-01
6565,0.0381340589599196,2023-12-01
12441,0.0417800271256616,2023-12-01
13421,0.0368502339406443,2023-12-01
14282,0.03774107841936,2023-12-01
15855,0.0381122184725641,2023-12-01
23071,0.0368502339406443,2023-12-01
27965,0.0368502339406443,2023-12-01
28195,0.0368502339406443,2023-12-01
28320,0.0368502339406443,2023-12-01
38212,0.0441987070221295,2023-12-01
66368,0.0368502339406443,2023-12-01
117768,0.0422454241587845,2023-12-01
121077,0.0368502339406443,2023-12-01
143357,0.0368502339406443,2023-12-01
150937,0.0398730158487726,2023-12-01
157855,0.0368502339406443,2023-12-01
160888,0.0369694243766093,2023-12-01
171067,0.0421154114389534,2023-12-01
3532,0.0366274677217006,2024-03-01
6066,0.0364729464054107,2024-03-01
14282,0.0376849733293056,2024-03-01
15855,0.0376849733293056,2024-03-01
18699,0.0364729464054107,2024-03-01
20748,0.0366274677217006,2024-03-01
20779,0.0376849733293056,2024-03-01
22815,0.0376849733293056,2024-03-01
24925,0.0364729464054107,2024-03-01
24975,0.0364729464054107,2024-03-01
26156,0.0405369475483894,2024-03-01
27928,0.0426369607448577,2024-03-01
27965,0.0364729464054107,2024-03-01
28195,0.0379022732377052,2024-03-01
38212,0.0384972393512725,2024-03-01
66368,0.0364729464054107,2024-03-01
117768,0.0366274677217006,2024-03-01
143357,0.0364729464054107,2024-03-01
180711,0.0364729464054107,2024-03-01
183377,0.0390451364219188,2024-03-01
1632,0.0378216138487782,2024-06-01
1690,0.0440276256475881,2024-06-01
5606,0.0377026887715377,2024-06-01
6008,0.0374742374159174,2024-06-01
12141,0.0374742374159174,2024-06-01
13421,0.0374742374159174,2024-06-01
14489,0.0377026887715377,2024-06-01
20779,0.0374767928682619,2024-06-01
22815,0.0378635796915663,2024-06-01
24405,0.0378635796915663,2024-06-01
27965,0.0378635796915663,2024-06-01
28320,0.0378635796915663,2024-06-01
36910,0.041399673330356,2024-06-01
38212,0.0441507942084366,2024-06-01
61591,0.0374742374159174,2024-06-01
66368,0.0374742374159174,2024-06-01
121077,0.0374767928682619,2024-06-01
143357,0.0374767928682619,2024-06-01
157855,0.0374742374159174,2024-06-01
171067,0.0374767928682619,2024-06-01
183377,0.0374742374159174,2024-06-01
187697,0.0383035853768884,2024-06-01
1327,0.0369421024335244,2024-09-01
5606,0.0404057718079246,2024-09-01
6008,0.0421269011533454,2024-09-01
15044,0.0391505250354913,2024-09-01
15855,0.0376749180208451,2024-09-01
20232,0.0369796380365342,2024-09-01
22815,0.039056657313213,2024-09-01
26156,0.036812913402753,2024-09-01
36910,0.0443825861451231,2024-09-01
66368,0.0362627421285142,2024-09-01
111864,0.03977830340676,2024-09-01
117768,0.0378059345543003,2024-09-01
121077,0.0365552686754984,2024-09-01
134932,0.0373305197547437,2024-09-01
175404,0.036859966864721,2024-09-01
176567,0.0372082567778927,2024-09-01
187697,0.0384529750502844,2024-09-01
1704,0.0348835848271846,2024-12-01
6066,0.0348835848271846,2024-12-01
6565,0.0348835848271846,2024-12-01
10453,0.0348835848271846,2024-12-01
12141,0.0388847924768924,2024-12-01
15044,0.0348835848271846,2024-12-01
18699,0.0348835848271846,2024-12-01
20779,0.0371453948318958,2024-12-01
22815,0.0355493612587451,2024-12-01
23071,0.0362967289984226,2024-12-01
24405,0.0388847924768924,2024-12-01
24800,0.0348835848271846,2024-12-01
24925,0.0359561629593372,2024-12-01
27965,0.0348835848271846,2024-12-01
35182,0.0348835848271846,2024-12-01
36910,0.0382403433322906,2024-12-01
66368,0.0348835848271846,2024-12-01
111864,0.0348835848271846,2024-12-01
121077,0.0348835848271846,2024-12-01
125595,0.0348835848271846,2024-12-01
134932,0.0348835848271846,2024-12-01
143357,0.0388847924768924,2024-12-01
171067,0.0348835848271846,2024-12-01
175404,0.0348835848271846,2024-12-01
176567,0.0371453948318958,2024-12-01
180711,0.0348835848271846,2024-12-01
183377,0.0348835848271846,2024-12-01
1161,0.036190501625139,2025-03-01
1327,0.036190501625139,2025-03-01
1632,0.036190501625139,2025-03-01
1690,0.036190501625139,2025-03-01
1704,0.036190501625139,2025-03-01
1878,0.036190501625139,2025-03-01
3532,0.036190501625139,2025-03-01
5606,0.036190501625139,2025-03-01
6008,0.036190501625139,2025-03-01
6066,0.036190501625139,2025-03-01
6304,0.036190501625139,2025-03-01
6565,0.036190501625139,2025-03-01
7343,0.036190501625139,2025-03-01
7585,0.036190501625139,2025-03-01
10453,0.036190501625139,2025-03-01
10499,0.036190501625139,2025-03-01
10789,0.036190501625139,2025-03-01
11399,0.036190501625139,2025-03-01
12141,0.036190501625139,2025-03-01
12142,0.036190501625139,2025-03-01
12441,0.036190501625139,2025-03-01
12540,0.036190501625139,2025-03-01
13421,0.036190501625139,2025-03-01
13824,0.036190501625139,2025-03-01
14282,0.036190501625139,2025-03-01
14489,0.036190501625139,2025-03-01
15044,0.036190501625139,2025-03-01
15855,0.036190501625139,2025-03-01
18699,0.036190501625139,2025-03-01
20232,0.036190501625139,2025-03-01
20748,0.036190501625139,2025-03-01
20779,0.036190501625139,2025-03-01
22815,0.036190501625139,2025-03-01
23071,0.036190501625139,2025-03-01
24405,0.036190501625139,2025-03-01
24800,0.036190501625139,2025-03-01
24925,0.036190501625139,2025-03-01
24975,0.036190501625139,2025-03-01
26156,0.036190501625139,2025-03-01
27928,0.036190501625139,2025-03-01
27965,0.036190501625139,2025-03-01
28195,0.036190501625139,2025-03-01
28320,0.036190501625139,2025-03-01
35182,0.036190501625139,2025-03-01
35620,0.036190501625139,2025-03-01
36910,0.036190501625139,2025-03-01
38212,0.036190501625139,2025-03-01
61591,0.036190501625139,2025-03-01
66368,0.036190501625139,2025-03-01
111864,0.036190501625139,2025-03-01
117768,0.036190501625139,2025-03-01
121077,0.036190501625139,2025-03-01
125595,0.036190501625139,2025-03-01
126721,0.036190501625139,2025-03-01
134932,0.036190501625139,2025-03-01
143357,0.036190501625139,2025-03-01
150937,0.036190501625139,2025-03-01
157855,0.036190501625139,2025-03-01
160888,0.036190501625139,2025-03-01
171007,0.036190501625139,2025-03-01
171067,0.036190501625139,2025-03-01
175404,0.036190501625139,2025-03-01
176567,0.036190501625139,2025-03-01
177267,0.036190501625139,2025-03-01
180711,0.036190501625139,2025-03-01
183377,0.036190501625139,2025-03-01
184725,0.036190501625139,2025-03-01
187697,0.036190501625139,2025-03-01
1327,0.0378098527024611,2025-06-01
5606,0.0390468110327782,2025-06-01
6008,0.0405654128847235,2025-06-01
6565,0.0369312731696783,2025-06-01
11399,0.0385782975207985,2025-06-01
13824,0.0374030789648381,2025-06-01
15044,0.0367322878588983,2025-06-01
15855,0.03797988792544,2025-06-01
20748,0.0384118636487668,2025-06-01
26156,0.0386034744744455,2025-06-01
27965,0.0439033084448521,2025-06-01
36910,0.0383002113691942,2025-06-01
111864,0.0371466875905305,2025-06-01
117768,0.0368088201104726,2025-06-01
134932,0.045763168057791,2025-06-01
176567,0.0462650028829455,2025-06-01
187697,0.0379843185395409,2025-06-01
1704,0.0376297781218364,2025-09-01
1878,0.0380515336368795,2025-09-01
5606,0.0376527448149122,2025-09-01
6008,0.0391727315859993,2025-09-01
6565,0.0376203532158884,2025-09-01
7343,0.0387954731626437,2025-09-01
11399,0.0379134754309617,2025-09-01
12142,0.0382171291437364,2025-09-01
13824,0.0394988540146388,2025-09-01
23071,0.0413629630274893,2025-09-01
24800,0.0376393356034193,2025-09-01
27965,0.0374974887298962,2025-09-01
117768,0.0391771747400866,2025-09-01
125595,0.0378504323336477,2025-09-01
134932,0.038181108877391,2025-09-01
160888,0.0410787968824768,2025-09-01
183377,0.0410947335091722,2025-09-01
3226,0.0538267008960247,2001-06-01
4066,0.0514179430902004,2001-06-01
13714,0.0498000271618366,2001-06-01
6136,0.057127824232396,2001-09-01
125240,0.0610885126973564,2001-09-01
126136,0.0658378446010975,2001-09-01
2136,0.0546429742083087,2001-12-01
4066,0.0454702651068833,2001-12-01
125240,0.0546516453664331,2001-12-01
3226,0.0639181752966083,2002-03-01
64630,0.0643365398157806,2002-03-01
126136,0.0857746110802271,2002-03-01
3226,0.0514978318890173,2002-06-01
3980,0.0607825220439012,2002-06-01
126136,0.0549129137572906,2002-06-01
3980,0.0680565004285674,2002-09-01
64630,0.0648665955631693,2002-09-01
126136,0.0755036929756594,2002-09-01
147579,0.0703862916800946,2002-09-01
4066,0.0490626531121606,2002-12-01
9899,0.0599923114872809,2002-12-01
64630,0.0460625120288583,2002-12-01
125240,0.0416415718288873,2002-12-01
3980,0.0627466115046152,2003-03-01
16721,0.0509247819666327,2003-03-01
64630,0.0603074637870163,2003-03-01
147579,0.06295594599572,2003-03-01
3980,0.0624461936404957,2003-06-01
6136,0.0557825083882273,2003-06-01
9899,0.0562028437426439,2003-06-01
147579,0.0528061638147688,2003-06-01
3980,0.0640562251592738,2003-09-01
4066,0.0472818639450165,2003-09-01
6136,0.0528312753887172,2003-09-01
147579,0.0374581077730891,2003-09-01
3226,0.0226837005466222,2003-12-01
6136,0.0569831505417823,2003-12-01
126136,0.0678370893001556,2003-12-01
147579,0.0216476246714591,2003-12-01
6136,0.1032113954424858,2004-03-01
9899,0.0424431450664997,2004-03-01
125240,0.037512619048357,2004-03-01
126136,0.0869905725121498,2004-03-01
9899,0.0220540501056,2004-06-01
26061,0.0405312258605,2004-06-01
64630,0.0149748310174345,2004-06-01
147579,0.0273254223373036,2004-06-01
3980,0.0231839437037706,2004-09-01
6136,0.0360550470650196,2004-09-01
64630,0.0233174450695514,2004-09-01
125240,0.0260185375809669,2004-09-01
3226,0.0234158150851726,2004-12-01
6136,0.0388947427272796,2004-12-01
13714,0.0246419869363307,2004-12-01
64630,0.03439387306571,2004-12-01
3226,0.0209992136806249,2005-03-01
6136,0.0380008295178413,2005-03-01
64630,0.0187949631363153,2005-03-01
147579,0.0305858124047517,2005-03-01
3226,0.0195278525352478,2005-06-01
6136,0.0195278525352478,2005-06-01
125240,0.0195278525352478,2005-06-01
147579,0.0417280942201614,2005-06-01
160329,0.0195278525352478,2005-06-01
3226,0.0178153701126575,2005-09-01
125240,0.0178153701126575,2005-09-01
147579,0.037378117442131,2005-09-01
160329,0.0170856453478336,2005-09-01
6136,0.04156019058367,2005-12-01
26061,0.0186494522411423,2005-12-01
64630,0.0395715889697765,2005-12-01
125240,0.0213874098450055,2005-12-01
26061,0.0387110039591789,2006-03-01
64630,0.0435447879135608,2006-03-01
147579,0.0437914542853832,2006-03-01
160329,0.0420191325247287,2006-03-01
6136,0.02336393785537,2006-06-01
13714,0.0201456697145818,2006-06-01
64630,0.0236631567285595,2006-06-01
165746,0.0179106661243392,2006-06-01
9899,0.0184329689752141,2006-09-01
26061,0.0181590686140936,2006-09-01
147579,0.0290008793233148,2006-09-01
160329,0.0180704418571297,2006-09-01
6136,0.0497510186262532,2006-12-01
26061,0.0358842379989284,2006-12-01
147579,0.0667224464284983,2006-12-01
165746,0.0490216410520996,2006-12-01
2136,0.0229075887079975,2007-03-01
13714,0.03307611491876,2007-03-01
147579,0.0732206730880385,2007-03-01
160329,0.0449182227050461,2007-03-01
6136,0.0217939626566318,2007-06-01
147579,0.0425480126412821,2007-06-01
160329,0.0241947899087802,2007-06-01
164296,0.0330533313106187,2007-06-01
3980,0.0109603749588131,2007-09-01
13714,0.015020702034235,2007-09-01
147579,0.0230446830391883,2007-09-01
160329,0.0157757513225078,2007-09-01
3226,0.0274873692542314,2007-12-01
6136,0.0155840804800391,2007-12-01
126136,0.024390622973442,2007-12-01
165746,0.0235475283116102,2007-12-01
2136,0.0230484679341316,2008-03-01
3226,0.0177940130233764,2008-03-01
6136,0.0177940130233764,2008-03-01
64630,0.0177940130233764,2008-03-01
125240,0.0177940130233764,2008-03-01
147579,0.0177940130233764,2008-03-01
165746,0.0177940130233764,2008-03-01
2136,0.0179026033729314,2008-06-01
64630,0.0247010998427867,2008-06-01
126136,0.0862647145986557,2008-06-01
160329,0.0166357662528753,2008-06-01
6136,0.0164927318692207,2008-09-01
64630,0.0167642626911401,2008-09-01
126136,0.0842582881450653,2008-09-01
165746,0.0164927318692207,2008-09-01
2136,0.0123889856040477,2008-12-01
3980,0.0123889856040477,2008-12-01
9899,0.0123889856040477,2008-12-01
64630,0.0164600443094968,2008-12-01
126136,0.0817086100578308,2008-12-01
147579,0.0164600443094968,2008-12-01
64630,0.0231538069497073,2009-03-01
125240,0.022857170254179,2009-03-01
147579,0.0237881251555443,2009-03-01
160329,0.0216245349938574,2009-03-01
6136,0.0145351618760068,2009-06-01
13714,0.0102693581657825,2009-06-01
64630,0.0102251405763974,2009-06-01
126136,0.0102693581657825,2009-06-01
3226,0.0042550761347808,2009-09-01
13714,0.004163775755075,2009-09-01
126136,0.0182162929178003,2009-09-01
160329,0.0054833135692213,2009-09-01
9899,0.003060600164697,2009-12-01
13714,-0.0011851557110018,2009-12-01
125240,0.008332104137207,2009-12-01
165746,-0.0011851557110018,2009-12-01
2136,-0.0248731225728988,2010-03-01
3226,-0.0248731225728988,2010-03-01
3980,-0.0248731225728988,2010-03-01
4066,-0.0248731225728988,2010-03-01
6136,-0.0248731225728988,2010-03-01
9899,-0.0248731225728988,2010-03-01
13714,-0.0248731225728988,2010-03-01
16721,-0.0109517127275466,2010-03-01
125240,-0.0248731225728988,2010-03-01
147579,-0.0248731225728988,2010-03-01
160329,-0.0248731225728988,2010-03-01
164296,-0.0248731225728988,2010-03-01
3226,-0.0176573288860546,2010-06-01
9899,-0.0105357903354127,2010-06-01
26061,0.000142370872427,2010-06-01
160329,-0.015431677760597,2010-06-01
3226,-0.0166154317557811,2010-09-01
13714,-0.0166154317557811,2010-09-01
16721,0.0153794316574931,2010-09-01
26061,0.010063056834042,2010-09-01
125240,-0.0166154317557811,2010-09-01
164296,-0.0166154317557811,2010-09-01
3226,0.0040903210130189,2010-12-01
26061,0.0230814046789182,2010-12-01
125240,0.0126951146164761,2010-12-01
160329,0.0086140573420943,2010-12-01
3226,0.017359908692447,2011-03-01
26061,0.0084044090323884,2011-03-01
125240,0.0206397550937146,2011-03-01
164296,0.0067126872102337,2011-03-01
9899,0.0323749048861801,2011-06-01
26061,0.0231163140346115,2011-06-01
125240,0.0320880524738693,2011-06-01
160329,0.0586953161731965,2011-06-01
9899,0.0414475133558097,2011-09-01
16721,0.0286932390135685,2011-09-01
125240,0.0431675769288482,2011-09-01
147579,0.0325901989278023,2011-09-01
6136,0.0135972788923091,2011-12-01
64630,0.0311837171776931,2011-12-01
125240,0.0241320005678487,2011-12-01
126136,0.0291165826260255,2011-12-01
165746,0.0135972788923091,2011-12-01
4066,0.0101091577556481,2012-03-01
6136,0.0101091577556481,2012-03-01
13714,0.0101091577556481,2012-03-01
125240,0.0157422851971662,2012-03-01
147579,0.0101091577556481,2012-03-01
164296,0.0101091577556481,2012-03-01
165746,0.019100267088773,2012-03-01
2136,0.0026752457488328,2012-06-01
3226,0.0026752457488328,2012-06-01
3980,0.0026752457488328,2012-06-01
4066,0.0026752457488328,2012-06-01
6136,0.0026752457488328,2012-06-01
9899,0.0026752457488328,2012-06-01
13714,0.0026752457488328,2012-06-01
16721,0.0026752457488328,2012-06-01
26061,0.0026752457488328,2012-06-01
64630,0.0026752457488328,2012-06-01
125240,0.0126770585775375,2012-06-01
126136,0.0026752457488328,2012-06-01
147579,0.0026752457488328,2012-06-01
160329,0.0026752457488328,2012-06-01
164296,0.0026752457488328,2012-06-01
165746,0.0158740952610969,2012-06-01
6136,0.0169630553573369,2012-09-01
64630,0.0106570068746805,2012-09-01
125240,0.0106570068746805,2012-09-01
147579,0.0169630553573369,2012-09-01
165746,0.0169630553573369,2012-09-01
64630,0.0350028631070422,2012-12-01
125240,0.0446441668688034,2012-12-01
126136,0.0239076710321876,2012-12-01
147579,0.0357937090418526,2012-12-01
165746,0.0444519571382841,2012-12-01
26061,0.0186131121241436,2013-03-01
64630,0.0873457376172023,2013-03-01
125240,0.0663078636454419,2013-03-01
160329,0.0168077327918982,2013-03-01
170617,0.0728769566650285,2013-03-01
6136,0.0265558338256325,2013-06-01
26061,0.0278469968130888,2013-06-01
125240,0.0543890170561828,2013-06-01
126136,0.0436959576274657,2013-06-01
170617,0.0834008659795132,2013-06-01
13714,0.0243063409596606,2013-09-01
18043,0.0319821643954365,2013-09-01
26061,0.0231761413945824,2013-09-01
125240,0.0309948258434278,2013-09-01
126136,0.0399455585075496,2013-09-01
9899,0.0396826974544164,2013-12-01
13714,0.0438284190146181,2013-12-01
16721,0.0260073085468873,2013-12-01
125240,0.0294407703222224,2013-12-01
126136,0.0331521930478801,2013-12-01
2136,0.0152842253446578,2014-03-01
3226,0.0152842253446578,2014-03-01
3980,0.0152842253446578,2014-03-01
4066,0.0152842253446578,2014-03-01
6136,0.0152842253446578,2014-03-01
9899,0.0152842253446578,2014-03-01
13714,0.0152842253446578,2014-03-01
16721,0.0152842253446578,2014-03-01
17874,0.0152842253446578,2014-03-01
18043,0.0152842253446578,2014-03-01
26061,0.0152842253446578,2014-03-01
64630,0.0152842253446578,2014-03-01
125240,0.0152842253446578,2014-03-01
126136,0.0152842253446578,2014-03-01
147579,0.0152842253446578,2014-03-01
160329,0.0152842253446578,2014-03-01
164296,0.0152842253446578,2014-03-01
165746,0.0152842253446578,2014-03-01
170617,0.0152842253446578,2014-03-01
2136,0.0360335951870483,2014-06-01
9899,0.0383891969991736,2014-06-01
13714,0.0545377940013831,2014-06-01
64630,0.0548530245887665,2014-06-01
126136,0.0597117227742185,2014-06-01
4066,0.0487898591687058,2014-09-01
13714,0.0617267004384086,2014-09-01
64630,0.0742321417143112,2014-09-01
126136,0.0645697554973785,2014-09-01
170617,0.0389672074425992,2014-09-01
2136,0.0210870448499918,2014-12-01
3226,0.0210870448499918,2014-12-01
3980,0.0210870448499918,2014-12-01
4066,0.0210870448499918,2014-12-01
6136,0.0210870448499918,2014-12-01
9899,0.0210870448499918,2014-12-01
13714,0.0227002594619989,2014-12-01
16721,0.0210870448499918,2014-12-01
17874,0.0210870448499918,2014-12-01
18043,0.0210870448499918,2014-12-01
26061,0.0210870448499918,2014-12-01
64630,0.0227002594619989,2014-12-01
126136,0.0235318355262279,2014-12-01
147579,0.0210870448499918,2014-12-01
160329,0.0210870448499918,2014-12-01
164296,0.0210870448499918,2014-12-01
170617,0.0541414245963096,2014-12-01
2136,0.0247820783406496,2015-03-01
3226,0.0247820783406496,2015-03-01
3980,0.0247820783406496,2015-03-01
4066,0.0247820783406496,2015-03-01
6136,0.0247820783406496,2015-03-01
9899,0.0247820783406496,2015-03-01
13714,0.0247820783406496,2015-03-01
16721,0.0247820783406496,2015-03-01
17874,0.0247820783406496,2015-03-01
18043,0.0247820783406496,2015-03-01
26061,0.0247820783406496,2015-03-01
64630,0.0247820783406496,2015-03-01
125240,0.0370799005031585,2015-03-01
126136,0.0247820783406496,2015-03-01
147579,0.0247820783406496,2015-03-01
160329,0.0247820783406496,2015-03-01
164296,0.0247820783406496,2015-03-01
165746,0.0247820783406496,2015-03-01
2136,0.0391526632010936,2015-06-01
3226,0.0257165022194385,2015-06-01
3980,0.0257165022194385,2015-06-01
4066,0.0257165022194385,2015-06-01
6136,0.0257165022194385,2015-06-01
9899,0.0257165022194385,2015-06-01
13714,0.0257165022194385,2015-06-01
16721,0.0257165022194385,2015-06-01
17874,0.0257165022194385,2015-06-01
18043,0.0257165022194385,2015-06-01
26061,0.0257165022194385,2015-06-01
64630,0.0257165022194385,2015-06-01
125240,0.0415765829384326,2015-06-01
126136,0.0391526632010936,2015-06-01
147579,0.0257165022194385,2015-06-01
160329,0.0257165022194385,2015-06-01
164296,0.0257165022194385,2015-06-01
165746,0.0257165022194385,2015-06-01
2136,0.0256639495491981,2015-09-01
3226,0.0256639495491981,2015-09-01
3980,0.0256639495491981,2015-09-01
4066,0.0256639495491981,2015-09-01
6136,0.0256639495491981,2015-09-01
9899,0.0256639495491981,2015-09-01
13714,0.0256639495491981,2015-09-01
16721,0.0256639495491981,2015-09-01
17874,0.0256639495491981,2015-09-01
18043,0.0256639495491981,2015-09-01
26061,0.0256639495491981,2015-09-01
64630,0.0256639495491981,2015-09-01
125240,0.0256639495491981,2015-09-01
126136,0.0466962158679962,2015-09-01
147579,0.0256639495491981,2015-09-01
160329,0.0256639495491981,2015-09-01
164296,0.0256639495491981,2015-09-01
165746,0.0256639495491981,2015-09-01
170617,0.0256639495491981,2015-09-01
13714,0.0321426131266349,2015-12-01
26061,0.0321022133092455,2015-12-01
64630,0.0371113452478628,2015-12-01
125240,0.0411660391533887,2015-12-01
126136,0.0868708846196245,2015-12-01
17874,0.0312550138949441,2016-03-01
26061,0.0339011205649283,2016-03-01
125240,0.0370374077747511,2016-03-01
126136,0.0461872957882023,2016-03-01
165746,0.034015563155187,2016-03-01
16721,0.0305896823851024,2016-06-01
17874,0.0327582355734736,2016-06-01
26061,0.0333844445175014,2016-06-01
125240,0.0358573576301254,2016-06-01
170617,0.0310626906996822,2016-06-01
4066,0.03078368678689,2016-09-01
6136,0.03078368678689,2016-09-01
13714,0.03078368678689,2016-09-01
18043,0.0451085865497589,2016-09-01
125240,0.0430879704654216,2016-09-01
147579,0.0462350137531757,2016-09-01
164296,0.03078368678689,2016-09-01
6136,0.0466382709187969,2016-12-01
13714,0.0550080469286944,2016-12-01
27885,0.0901171521374361,2016-12-01
125240,0.0665902764953368,2016-12-01
147579,0.0686092812514433,2016-12-01
4066,0.0339910946786403,2017-03-01
6136,0.0339910946786403,2017-03-01
13714,0.0339910946786403,2017-03-01
27885,0.073123037815094,2017-03-01
147579,0.0339910946786403,2017-03-01
160329,0.0352173931896686,2017-03-01
13714,0.0591223881153351,2017-06-01
27885,0.0795468818422485,2017-06-01
125240,0.0626717007212524,2017-06-01
126136,0.0715395022422657,2017-06-01
147579,0.0628859355849913,2017-06-01
13714,0.0831641078392739,2017-09-01
27885,0.0916549500248763,2017-09-01
125240,0.0667684092003642,2017-09-01
126136,0.0963165334417363,2017-09-01
147579,0.0587154602214046,2017-09-01
27885,0.0915899322358966,2017-12-01
125240,0.0568421430861848,2017-12-01
126136,0.0868239472497239,2017-12-01
147579,0.0607441795774732,2017-12-01
164296,0.0501594148432309,2017-12-01
13714,0.0811382370903256,2018-03-01
27885,0.0739339642612534,2018-03-01
125240,0.0670896415758697,2018-03-01
126136,0.1040884243439947,2018-03-01
164296,0.0497120381674621,2018-03-01
9899,0.0435144812371349,2018-06-01
26061,0.0419399045268561,2018-06-01
27885,0.0649743701251551,2018-06-01
125240,0.0412905159190206,2018-06-01
170617,0.0418673949238779,2018-06-01
13714,0.0627334808084806,2018-09-01
26061,0.0532467772031355,2018-09-01
27885,0.0965634729498689,2018-09-01
126136,0.0736913081984284,2018-09-01
147579,0.0665332642877114,2018-09-01
13714,0.0555579958996718,2018-12-01
27885,0.0816069698752918,2018-12-01
125240,0.0722534565177857,2018-12-01
126136,0.0829035111057578,2018-12-01
147579,0.0781269800375435,2018-12-01
13714,0.0608338824856866,2019-03-01
18043,0.0543431397413762,2019-03-01
27885,0.053956764287672,2019-03-01
125240,0.0452994362063427,2019-03-01
126136,0.0935282471512956,2019-03-01
17874,0.0465791598047088,2019-06-01
27885,0.0582999810794999,2019-06-01
34636,0.0482511006819839,2019-06-01
125240,0.0604606103634709,2019-06-01
126136,0.0774724250117339,2019-06-01
147579,0.0534761796766556,2019-06-01
13714,0.0584482472653229,2019-09-01
27885,0.0838473202033339,2019-09-01
64630,0.0706672129245267,2019-09-01
125240,0.0700676187450348,2019-09-01
126136,0.0950610051612667,2019-09-01
147579,0.0568165321448032,2019-09-01
16721,0.0485539473593235,2019-12-01
26061,0.04945595189929,2019-12-01
27885,0.0729659274220466,2019-12-01
64630,0.0485539473593235,2019-12-01
160329,0.0485539473593235,2019-12-01
170617,0.0485539473593235,2019-12-01
6136,0.0509927245237541,2020-03-01
13714,0.0511411220800522,2020-03-01
27885,0.0883100641863394,2020-03-01
34636,0.055039843466861,2020-03-01
164296,0.0479109250917846,2020-03-01
165746,0.0600876216546246,2020-03-01
9899,0.057832584714092,2020-06-01
13714,0.1038658074427747,2020-06-01
18043,0.1189779388230459,2020-06-01
34636,0.0626666654178737,2020-06-01
64630,0.0873230818144577,2020-06-01
125240,0.0514963752967116,2020-06-01
3980,0.0577353359100143,2020-09-01
13714,0.0947019870671187,2020-09-01
18043,0.0806443409484156,2020-09-01
26061,0.096661792307395,2020-09-01
126136,0.0818306669607742,2020-09-01
165746,0.0824101596027524,2020-09-01
13714,0.0539258827987577,2020-12-01
26061,0.071932502387565,2020-12-01
27885,0.0684339746321358,2020-12-01
34636,0.0537391725180028,2020-12-01
126136,0.0820964791417485,2020-12-01
165746,0.0725838039684995,2020-12-01
3980,0.0433306166606692,2021-03-01
17874,0.0413579472812933,2021-03-01
26061,0.0471414528658435,2021-03-01
27885,0.0587396810488574,2021-03-01
64630,0.0408060677092949,2021-03-01
126136,0.0407747603924967,2021-03-01
3980,0.035433060300071,2021-06-01
17874,0.0306269603755823,2021-06-01
18043,0.0418303966444024,2021-06-01
26061,0.0425939098558739,2021-06-01
64630,0.033681971930065,2021-06-01
164296,0.0373496514097657,2021-06-01
16721,0.0383933000266552,2021-09-01
18043,0.0389680303633213,2021-09-01
125240,0.0520901121199131,2021-09-01
147579,0.0383933000266552,2021-09-01
165746,0.0392227470874786,2021-09-01
170617,0.0383933000266552,2021-09-01
3226,0.0361600406467914,2021-12-01
17874,0.0363363400101661,2021-12-01
27885,0.037749495357275,2021-12-01
126136,0.0433035343885421,2021-12-01
147579,0.0482246540486812,2021-12-01
165746,0.0482246540486812,2021-12-01
13714,0.0607875213027,2022-03-01
17874,0.0412044450640678,2022-03-01
26061,0.0412044450640678,2022-03-01
27885,0.0479041114449501,2022-03-01
126136,0.0412044450640678,2022-03-01
147579,0.0617895536124706,2022-03-01
13714,0.0558032588389474,2022-06-01
16721,0.0458600109327841,2022-06-01
17874,0.0454028761862602,2022-06-01
18043,0.0575832961546573,2022-06-01
64630,0.0599425852199933,2022-06-01
160329,0.073786957860091,2022-06-01
3226,0.0395294092595577,2022-09-01
13714,0.0608071386814117,2022-09-01
16721,0.0466276668012142,2022-09-01
17874,0.0410925708711147,2022-09-01
26061,0.0466276668012142,2022-09-01
147579,0.0395294092595577,2022-09-01
170617,0.0466276668012142,2022-09-01
13714,0.0445398762822151,2022-12-01
27885,0.0788037255406379,2022-12-01
64630,0.0597036816179752,2022-12-01
125240,0.0457365959882736,2022-12-01
164296,0.0663273259997367,2022-12-01
165746,0.0432825870811939,2022-12-01
13714,0.0707065480151794,2023-03-01
27885,0.080864011932076,2023-03-01
64630,0.0500071107792117,2023-03-01
147579,0.0489308866753095,2023-03-01
160329,0.0534941951979917,2023-03-01
164296,0.0598419039420215,2023-03-01
3226,0.0344979986548423,2023-06-01
9899,0.0372017174959182,2023-06-01
16721,0.0344979986548423,2023-06-01
18043,0.037327617406845,2023-06-01
26061,0.0416297763586044,2023-06-01
147579,0.0344979986548423,2023-06-01
164296,0.0361384227871894,2023-06-01
170617,0.0416297763586044,2023-06-01
9899,0.067958265542984,2023-09-01
13714,0.0534557625651359,2023-09-01
18043,0.0383941531181335,2023-09-01
27885,0.0400254242122173,2023-09-01
64630,0.0338080711662769,2023-09-01
164296,0.0375383831560611,2023-09-01
13714,0.0301565583795309,2023-12-01
18043,0.0448035486042499,2023-12-01
64630,0.0368804261088371,2023-12-01
160329,0.0290104765444993,2023-12-01
164296,0.0301565583795309,2023-12-01
170617,0.0270718596875667,2023-12-01
6136,0.0339095060314479,2024-03-01
9899,0.0349890813928184,2024-03-01
13714,0.0524958665443384,2024-03-01
27885,0.0682657217087951,2024-03-01
160329,0.0492867820290541,2024-03-01
164296,0.0528011412834579,2024-03-01
6136,0.0251920446753501,2024-06-01
9899,0.0251920446753501,2024-06-01
18043,0.0251920446753501,2024-06-01
26061,0.0379245281219482,2024-06-01
27885,0.0251920446753501,2024-06-01
64630,0.0408763065934181,2024-06-01
164296,0.0629851594567298,2024-06-01
165746,0.0251920446753501,2024-06-01
2136,0.0289411647709099,2024-09-01
6136,0.0281783428280874,2024-09-01
13714,0.0409552318436466,2024-09-01
16721,0.0285218705595464,2024-09-01
27885,0.0319803887092262,2024-09-01
164296,0.0409552318436466,2024-09-01
13714,0.0189969845091824,2024-12-01
26061,0.0330840632716524,2024-12-01
27885,0.0560816190476176,2024-12-01
164296,0.0327370392994126,2024-12-01
165746,0.0111404026596409,2024-12-01
170617,0.0128315465559834,2024-12-01
6136,0.0343175171629874,2025-03-01
13714,0.0330833353832829,2025-03-01
26061,0.0248460882074485,2025-03-01
27885,0.020681625568878,2025-03-01
125240,0.0306689425673895,2025-03-01
164296,0.0285637933866285,2025-03-01
9899,0.0211233422160148,2025-06-01
27885,0.0189169999212026,2025-06-01
34636,0.0197269152849912,2025-06-01
64630,0.0211233422160148,2025-06-01
164296,0.0484339371323585,2025-06-01
170617,0.0194678604602813,2025-06-01
6136,0.0234781026900898,2025-09-01
9899,0.0178040483235699,2025-09-01
27885,0.0350975997503361,2025-09-01
34636,0.0189869726783347,2025-09-01
64630,0.0268132253854064,2025-09-01
147579,0.0199629017665181,2025-09-01
4383,0.0137415904965646,2001-06-01
8099,0.0174926282794265,2001-06-01
9846,0.0322093992721354,2001-06-01
11550,0.0167547120694946,2001-06-01
11554,0.0119747163048353,2001-06-01
24216,0.0147809762739676,2001-06-01
135990,0.0323891804913164,2001-06-01
4383,0.0164728302390226,2001-09-01
7970,0.0170996109472249,2001-09-01
8264,0.0318287758636589,2001-09-01
8272,0.019430844171193,2001-09-01
9846,0.017577094282541,2001-09-01
11550,0.0174773446923594,2001-09-01
135990,0.0123538837871031,2001-09-01
7970,0.0564251445551652,2001-12-01
7974,0.0472090228995917,2001-12-01
8264,0.0619197433492401,2001-12-01
8455,0.0447193562001792,2001-12-01
9846,0.054745439094408,2001-12-01
24216,0.0581247216632774,2001-12-01
135990,0.0487882946601231,2001-12-01
4517,0.030334148555994,2002-03-01
6338,0.0219543296843767,2002-03-01
7970,0.0224178098142147,2002-03-01
7974,0.0203327238559722,2002-03-01
8272,0.019740056246519,2002-03-01
11550,0.0425375029444694,2002-03-01
135990,0.0440276078879833,2002-03-01
3439,0.024667126745925,2002-06-01
7974,0.0284805839624461,2002-06-01
8272,0.027105399181159,2002-06-01
8455,0.0270327792381751,2002-06-01
11550,0.0300698971211296,2002-06-01
24216,0.0297174847694354,2002-06-01
135990,0.0246195722461906,2002-06-01
3439,0.0174999926239252,2002-09-01
6338,0.0171964336186647,2002-09-01
7970,0.0245959851890802,2002-09-01
8264,0.0219897720962762,2002-09-01
8272,0.0476906299591064,2002-09-01
8810,0.015636021271348,2002-09-01
11554,0.015636021271348,2002-09-01
3439,0.0127916438505053,2002-12-01
6338,0.0127916438505053,2002-12-01
7970,0.0127916438505053,2002-12-01
8272,0.0127916438505053,2002-12-01
8455,0.0127916438505053,2002-12-01
8810,0.0127916438505053,2002-12-01
9846,0.0127916438505053,2002-12-01
11550,0.0127916438505053,2002-12-01
3439,0.0630393847823143,2003-03-01
6338,0.0257604997605085,2003-03-01
8264,0.0498999170958995,2003-03-01
8455,0.0246800184249877,2003-03-01
8810,0.0237803179770708,2003-03-01
11554,0.0255780518054962,2003-03-01
24216,0.068478338420391,2003-03-01
3439,0.0206263959407806,2003-06-01
5742,0.0206263959407806,2003-06-01
7977,0.0106577603146433,2003-06-01
8264,0.0289031062275171,2003-06-01
8455,0.0106577603146433,2003-06-01
8810,0.0110610332340002,2003-06-01
9846,0.0106577603146433,2003-06-01
24216,0.0261705704033374,2003-06-01
3439,0.0317617047034605,2003-09-01
4383,0.0186873182936392,2003-09-01
5742,0.0187355887570457,2003-09-01
6338,0.0171239831987525,2003-09-01
7366,0.0193769408441867,2003-09-01
7970,0.027019521433946,2003-09-01
9846,0.0170897034926324,2003-09-01
3413,-0.0032203220762312,2003-12-01
3897,-0.0032203220762312,2003-12-01
4383,-0.0041467258706688,2003-12-01
7977,-0.0030960314907133,2003-12-01
8264,-0.0059838234446942,2003-12-01
8272,-0.0059838234446942,2003-12-01
10860,-0.0032203220762312,2003-12-01
11554,-0.0023308522067964,2003-12-01
3439,0.0509670950592536,2004-03-01
3897,0.0189777546045415,2004-03-01
6338,0.0187283432284534,2004-03-01
7977,0.0152807175957524,2004-03-01
8272,0.0300690050193233,2004-03-01
11554,0.0166259947731451,2004-03-01
135990,0.0230448589568174,2004-03-01
3897,-0.0036243232898414,2004-06-01
4093,-0.0040868469513952,2004-06-01
4517,-0.0046270573511719,2004-06-01
7974,-0.0022818546276539,2004-06-01
7977,-0.0046270573511719,2004-06-01
8272,-0.0022818546276539,2004-06-01
8455,-0.0046158717013895,2004-06-01
8810,-0.0046158717013895,2004-06-01
11550,-0.0046270573511719,2004-06-01
135990,-0.0046270573511719,2004-06-01
3439,0.0297441353703199,2004-09-01
4517,0.0183814307689958,2004-09-01
6338,0.0115430329807492,2004-09-01
7970,0.0099897759574111,2004-09-01
9846,0.0133826726023117,2004-09-01
24216,0.0127621618221827,2004-09-01
135990,0.0305103050152838,2004-09-01
3439,0.0695757294192514,2004-12-01
4383,0.031485450911954,2004-12-01
7970,0.0377737996814736,2004-12-01
9846,0.0386667295725765,2004-12-01
10860,0.0297302595477022,2004-12-01
11554,0.0340553578333148,2004-12-01
135990,0.046710125553283,2004-12-01
3439,0.0736957343788513,2005-03-01
7974,0.0245371192351543,2005-03-01
8272,0.0268131033533259,2005-03-01
9846,0.0402492927567591,2005-03-01
11550,0.0210410617683223,2005-03-01
11554,0.0231042662471149,2005-03-01
135990,0.026460406471442,2005-03-01
3439,0.0677223425701202,2005-06-01
4383,0.0292029699534725,2005-06-01
7974,0.0285045075346201,2005-06-01
8272,0.032807083389955,2005-06-01
9846,0.0312164312262393,2005-06-01
11550,0.0312360986588851,2005-06-01
135990,0.0202442785841817,2005-06-01
3439,0.0396345630546561,2005-09-01
6338,0.0151839952154114,2005-09-01
8264,0.0183428648801463,2005-09-01
9846,0.0206305383233008,2005-09-01
11554,0.0112101879687375,2005-09-01
24216,0.0206644470298387,2005-09-01
135990,0.0228638764363786,2005-09-01
3439,0.0413738687758116,2005-12-01
6338,0.0222128350788467,2005-12-01
7977,0.0220837398059338,2005-12-01
9846,0.0301793311627251,2005-12-01
11554,0.0212931083446774,2005-12-01
24216,0.0379747188247209,2005-12-01
135990,0.021055977287327,2005-12-01
3439,0.0302186643791301,2006-03-01
3897,0.0197124702193957,2006-03-01
5742,0.0474966104039393,2006-03-01
7974,0.017236739113644,2006-03-01
8272,0.016366563576677,2006-03-01
24216,0.0273727943410498,2006-03-01
135990,0.0302687169461979,2006-03-01
3439,0.0584665995945605,2006-06-01
4029,0.0235791827965919,2006-06-01
4383,0.0251199639144939,2006-06-01
5742,0.0281276212355343,2006-06-01
6338,0.0281084576299036,2006-06-01
8272,0.026036307364628,2006-06-01
24216,0.041629909148428,2006-06-01
1075,0.0252146077419219,2006-09-01
3439,0.0666453451402931,2006-09-01
3897,0.0272847114641065,2006-09-01
4517,0.0274107576656905,2006-09-01
5742,0.0285458261097887,2006-09-01
24216,0.0421181128328257,2006-09-01
135990,0.0304687862820053,2006-09-01
3439,0.0375083486576041,2006-12-01
7366,0.0468600510935821,2006-12-01
7970,0.0315681629784126,2006-12-01
7977,0.0300768933853397,2006-12-01
9846,0.0506318153103526,2006-12-01
24216,0.0453699167993325,2006-12-01
135990,0.0564033203805734,2006-12-01
3439,0.0248087723190001,2007-03-01
7366,0.0243414536036458,2007-03-01
7970,0.049619220541453,2007-03-01
9846,0.0384427953124633,2007-03-01
11554,0.0227456261907253,2007-03-01
24216,0.057069220584265,2007-03-01
135990,0.0455297704152881,2007-03-01
3439,0.0245822668476993,2007-06-01
4383,0.0245533990809956,2007-06-01
7366,0.0206969824367636,2007-06-01
7970,0.0441968852299536,2007-06-01
9846,0.0329855836486323,2007-06-01
24216,0.0362389305342354,2007-06-01
135990,0.025842545093575,2007-06-01
3439,0.0471795380150878,2007-09-01
3897,0.0197932311709652,2007-09-01
4383,0.0275986275056239,2007-09-01
7366,0.0201901318588571,2007-09-01
7970,0.0356761862292697,2007-09-01
24216,0.0445901742569521,2007-09-01
135990,0.0403348705670705,2007-09-01
3439,0.0412894409799121,2007-12-01
4093,0.0305066024189307,2007-12-01
7366,0.0296808372509577,2007-12-01
7970,0.0366300846961869,2007-12-01
9846,0.0291275534505001,2007-12-01
24216,0.0342794133155618,2007-12-01
135990,0.0395254857144588,2007-12-01
4383,0.029982225501652,2008-03-01
7366,0.0181401520006819,2008-03-01
7970,0.0405718489426495,2008-03-01
9846,0.0257329344373258,2008-03-01
11554,0.0460706172685749,2008-03-01
24216,0.0418225424748806,2008-03-01
135990,0.0263379744917738,2008-03-01
3413,0.0312935965131444,2008-06-01
3439,0.0723585764579953,2008-06-01
3897,0.0254159079804753,2008-06-01
4029,0.0224427164601228,2008-06-01
5742,0.0472480548954335,2008-06-01
8810,0.0221974916589772,2008-06-01
24216,0.0389119651768082,2008-06-01
1075,0.0285740425690256,2008-09-01
3413,0.0262196544934041,2008-09-01
4383,0.0220755370196244,2008-09-01
5742,0.035525971053608,2008-09-01
6338,0.0192942165792717,2008-09-01
10860,0.0245234155305719,2008-09-01
24216,0.0194351041780451,2008-09-01
179437,0.0248231051889842,2008-09-01
3439,0.0445823111780234,2008-12-01
3897,0.0321291348975625,2008-12-01
5742,0.0352999811148767,2008-12-01
7977,0.0359343677794074,2008-12-01
9846,0.0403480695535108,2008-12-01
11554,0.0355091100329505,2008-12-01
24216,0.0435525318015844,2008-12-01
135990,0.0344720133056695,2008-12-01
3439,0.0374967845869779,2009-03-01
3897,0.0381349003814086,2009-03-01
5742,0.0305477396357034,2009-03-01
9846,0.033291589373631,2009-03-01
11550,0.0285616948774575,2009-03-01
24216,0.0614360104243011,2009-03-01
135990,0.0480970408866602,2009-03-01
179437,0.0353631311170553,2009-03-01
3439,0.023430537601759,2009-06-01
3897,0.0247184233188494,2009-06-01
4093,0.0234158024049092,2009-06-01
7970,0.0238401006494279,2009-06-01
7974,0.0249453373840979,2009-06-01
9846,0.0260596720007274,2009-06-01
24216,0.0335311493658573,2009-06-01
135990,0.0307556778084497,2009-06-01
3439,0.0449410677997701,2009-09-01
4029,0.0368460642786204,2009-09-01
5742,0.0409137321618867,2009-09-01
6338,0.0318174763002953,2009-09-01
7970,0.0410782040552196,2009-09-01
9846,0.0450468333919667,2009-09-01
10860,0.0412501057068643,2009-09-01
24216,0.059804126719156,2009-09-01
3439,0.0426701934354357,2009-12-01
3897,0.0321498035539746,2009-12-01
5742,0.0324818788442993,2009-12-01
7366,0.0300619468400767,2009-12-01
9846,0.0370355316670822,2009-12-01
10860,0.0294886189098281,2009-12-01
24216,0.0377633639740644,2009-12-01
135990,0.0442858073019063,2009-12-01
3413,0.0179140478343693,2010-03-01
4383,0.0244094876847267,2010-03-01
4517,0.0195055851672885,2010-03-01
5742,0.0367370388392712,2010-03-01
7366,0.0188805889068038,2010-03-01
7970,0.0165373322806777,2010-03-01
9846,0.0242985419006049,2010-03-01
24216,0.0228125192461216,2010-03-01
1440,0.0207954028461906,2010-06-01
3439,0.039766786901398,2010-06-01
3897,0.0297939346060559,2010-06-01
4383,0.021973042654599,2010-06-01
4517,0.0245816013136298,2010-06-01
7974,0.0226377107098181,2010-06-01
10860,0.0206027573373545,2010-06-01
24216,0.0340857494679424,2010-06-01
3439,0.0475368369218032,2010-09-01
5742,0.0224673429856183,2010-09-01
7366,0.0198929643047802,2010-09-01
7970,0.020430648081039,2010-09-01
9846,0.0323573562687135,2010-09-01
10860,0.0401494367034277,2010-09-01
24216,0.0329802278831159,2010-09-01
135990,0.0477271863660636,2010-09-01
3413,0.0324796021592507,2010-12-01
3439,0.0495387186405757,2010-12-01
4517,0.0349694884303409,2010-12-01
8539,0.0421227029801643,2010-12-01
9846,0.0427554787669124,2010-12-01
10860,0.0588793890982143,2010-12-01
24216,0.0320994794215407,2010-12-01
135990,0.0529907218276057,2010-12-01
3413,0.033614131279024,2011-03-01
3897,0.0279649100482656,2011-03-01
5742,0.040423698231321,2011-03-01
7970,0.0346397030414009,2011-03-01
8099,0.0306406255573218,2011-03-01
8272,0.0297612951494905,2011-03-01
24216,0.0325446908349838,2011-03-01
135990,0.0620726342223091,2011-03-01
3439,0.0165302325040102,2011-06-01
3897,0.0163890179246664,2011-06-01
5742,0.015811488032341,2011-06-01
7974,0.0167416464537382,2011-06-01
8272,0.0163890179246664,2011-06-01
8539,0.0148042468354105,2011-06-01
9846,0.0144186941906809,2011-06-01
10860,0.0144186941906809,2011-06-01
11550,0.0148042468354105,2011-06-01
3439,0.0437064919460634,2011-09-01
3897,0.0409329936793391,2011-09-01
4517,0.03251519924651,2011-09-01
5742,0.0263835613753007,2011-09-01
8539,0.0267113074845582,2011-09-01
10860,0.0423222875747208,2011-09-01
24216,0.0345610816802458,2011-09-01
135990,0.0351459711455593,2011-09-01
3413,0.0360162968222955,2011-12-01
3439,0.0313098972941025,2011-12-01
3897,0.0588766531102023,2011-12-01
6338,0.0242002852527067,2011-12-01
8539,0.0373062368238495,2011-12-01
10860,0.0484668026939945,2011-12-01
24216,0.0399580197541006,2011-12-01
135990,0.027184250481555,2011-12-01
3413,0.0225361212348163,2012-03-01
3897,0.0313541932120519,2012-03-01
4517,0.0233522864300265,2012-03-01
5742,0.0252870844528294,2012-03-01
8455,0.0169926885176154,2012-03-01
8539,0.0234483965627629,2012-03-01
24216,0.0222799533707721,2012-03-01
135990,0.0413525488702281,2012-03-01
3413,0.0323751391677432,2012-06-01
3439,0.0231495753963693,2012-06-01
3897,0.0283512673469149,2012-06-01
5742,0.0378375011362926,2012-06-01
7366,0.019217541559956,2012-06-01
8455,0.0302912856952857,2012-06-01
11550,0.0182359258574743,2012-06-01
24216,0.0232749192066562,2012-06-01
3413,0.0282201421008741,2012-09-01
3439,0.030036610230976,2012-09-01
3897,0.0381419871017077,2012-09-01
5742,0.0307367394530881,2012-09-01
7366,0.0192480620222288,2012-09-01
8455,0.0239951315091011,2012-09-01
24216,0.0248624019800334,2012-09-01
135990,0.0397658907293282,2012-09-01
1075,0.026194610024994,2012-12-01
3413,0.0296184559476384,2012-12-01
3439,0.0399217142809334,2012-12-01
3897,0.0425217071887207,2012-12-01
5742,0.0346530250501972,2012-12-01
7977,0.0276052098555946,2012-12-01
10860,0.0447925049378717,2012-12-01
24216,0.0290547231190479,2012-12-01
1440,0.0160308252772181,2013-03-01
4383,0.026592444644376,2013-03-01
7366,0.0306470373703428,2013-03-01
8272,0.0164649649510823,2013-03-01
9850,0.0160308252772181,2013-03-01
10860,0.0169196997801818,2013-03-01
24216,0.0335069466906014,2013-03-01
135990,0.0191715656011061,2013-03-01
3897,0.0530441927997215,2013-06-01
4383,0.0179406654072659,2013-06-01
4517,0.0445660776883502,2013-06-01
5742,0.0166465593033025,2013-06-01
8272,0.0230506349067952,2013-06-01
8539,0.0220008634454207,2013-06-01
11550,0.0167847609528366,2013-06-01
135990,0.0276167970978573,2013-06-01
3413,0.0410976495021436,2013-09-01
3439,0.0377053547929979,2013-09-01
3897,0.036037699147147,2013-09-01
5742,0.0402972173442889,2013-09-01
7366,0.0248697214833508,2013-09-01
8539,0.0424327353876199,2013-09-01
24216,0.0372444600012727,2013-09-01
135990,0.0310482594412535,2013-09-01
1075,0.0262616034597158,2013-12-01
3413,0.0262616034597158,2013-12-01
3897,0.0262616034597158,2013-12-01
4093,0.0262616034597158,2013-12-01
7366,0.0239107720553874,2013-12-01
7974,0.0240332502871751,2013-12-01
10860,0.0371011793613433,2013-12-01
24216,0.0303516425192356,2013-12-01
3413,0.0261731371283531,2014-03-01
3897,0.0267933011054992,2014-03-01
4093,0.0261731371283531,2014-03-01
4517,0.0261731371283531,2014-03-01
5742,0.021349836140871,2014-03-01
8099,0.021349836140871,2014-03-01
8272,0.0261731371283531,2014-03-01
11550,0.021349836140871,2014-03-01
135990,0.021349836140871,2014-03-01
3413,0.0328954234719276,2014-06-01
3897,0.091296799480915,2014-06-01
4093,0.0328954234719276,2014-06-01
4517,0.0264509096741676,2014-06-01
8099,0.0276932083070278,2014-06-01
8272,0.0328954234719276,2014-06-01
24216,0.0262879282236099,2014-06-01
135990,0.0280249323695898,2014-06-01
1075,0.0219355132430791,2014-09-01
3413,0.0217183418571949,2014-09-01
3439,0.0215155333280563,2014-09-01
3897,0.0219355132430791,2014-09-01
4093,0.0217183418571949,2014-09-01
4517,0.0219355132430791,2014-09-01
5742,0.0215155333280563,2014-09-01
6338,0.0215155333280563,2014-09-01
7974,0.0215155333280563,2014-09-01
7977,0.0215155333280563,2014-09-01
8099,0.0215155333280563,2014-09-01
8455,0.0215155333280563,2014-09-01
8539,0.0215155333280563,2014-09-01
10860,0.0215155333280563,2014-09-01
11554,0.0215155333280563,2014-09-01
24216,0.0215155333280563,2014-09-01
135990,0.0215155333280563,2014-09-01
1075,0.0235385678863353,2014-12-01
3413,0.0293681646654691,2014-12-01
3897,0.0293681646654691,2014-12-01
4517,0.0235385678863353,2014-12-01
7977,0.0219752478844151,2014-12-01
8099,0.0231055216847196,2014-12-01
8272,0.0235385678863353,2014-12-01
8539,0.0218714701645224,2014-12-01
3413,0.0287027684746667,2015-03-01
3897,0.0357651986696676,2015-03-01
5742,0.0367608902043029,2015-03-01
8099,0.0267880957148172,2015-03-01
8264,0.0206919353823579,2015-03-01
8539,0.0296049755956853,2015-03-01
24216,0.0356449378353988,2015-03-01
135990,0.0349915766269313,2015-03-01
3897,0.0539748221635818,2015-06-01
4517,0.0222029294818639,2015-06-01
5742,0.0207615029066801,2015-06-01
6338,0.0206801686435937,2015-06-01
8455,0.0210549887269735,2015-06-01
8810,0.0206801686435937,2015-06-01
11554,0.0207615029066801,2015-06-01
135990,0.021996721625328,2015-06-01
3439,0.0242323279380798,2015-09-01
4093,0.023732891306281,2015-09-01
4517,0.023732891306281,2015-09-01
5742,0.0242323279380798,2015-09-01
7977,0.0242323279380798,2015-09-01
8272,0.023732891306281,2015-09-01
8455,0.0242323279380798,2015-09-01
8539,0.0242323279380798,2015-09-01
11554,0.0242323279380798,2015-09-01
135990,0.0242323279380798,2015-09-01
1075,0.0267199997157323,2015-12-01
3413,0.0257718056415217,2015-12-01
3897,0.0444276205797437,2015-12-01
4093,0.0257718056415217,2015-12-01
4517,0.0267199997157323,2015-12-01
7366,0.0684082247787646,2015-12-01
8272,0.0267199997157323,2015-12-01
24216,0.0290368000493911,2015-12-01
135990,0.0374696299512305,2015-12-01
1075,0.0233438499271869,2016-03-01
3413,0.027563901618123,2016-03-01
3897,0.0398084484040737,2016-03-01
4029,0.0242669936269521,2016-03-01
8099,0.0272745750844478,2016-03-01
8272,0.0239064395427703,2016-03-01
24216,0.0977332293987274,2016-03-01
135990,0.037574715912342,2016-03-01
1440,0.0200713537633419,2016-06-01
3413,0.0206442195922136,2016-06-01
4029,0.0206442195922136,2016-06-01
4093,0.0220188964158296,2016-06-01
7366,0.0201022867113351,2016-06-01
8099,0.0234027039259672,2016-06-01
9846,0.0206442195922136,2016-06-01
11554,0.0201954580843448,2016-06-01
4093,0.0421425215899944,2016-09-01
4517,0.0147334365174174,2016-09-01
7366,0.0173512231558561,2016-09-01
7974,0.0136250583454966,2016-09-01
8099,0.0195016078650951,2016-09-01
8455,0.0135414218530058,2016-09-01
8539,0.0158401243388652,2016-09-01
24216,0.0195016078650951,2016-09-01
1075,0.028638814355525,2016-12-01
3413,0.0320678552498619,2016-12-01
3897,0.0352135987742465,2016-12-01
4093,0.0390887271520203,2016-12-01
4517,0.0273746533354956,2016-12-01
7366,0.0476282468478536,2016-12-01
8272,0.0270176878750022,2016-12-01
8539,0.0281917377968427,2016-12-01
3413,0.0180790643865767,2017-03-01
4093,0.0368764065063659,2017-03-01
4517,0.031978020874857,2017-03-01
7366,0.0244536857218215,2017-03-01
8264,0.0196518884478012,2017-03-01
8272,0.0247114219529749,2017-03-01
8539,0.0206143760900504,2017-03-01
135990,0.0213774256374673,2017-03-01
1440,0.0350609723424468,2017-06-01
4093,0.0297805333923432,2017-06-01
4383,0.0235272944857746,2017-06-01
7366,0.0350609723424468,2017-06-01
8264,0.0232419794123944,2017-06-01
8539,0.0294499004825505,2017-06-01
24216,0.0253505645382051,2017-06-01
157373,0.0322071226095174,2017-06-01
1440,0.0327328525038139,2017-09-01
3897,0.0331474312526609,2017-09-01
4093,0.0248023048302817,2017-09-01
4517,0.0272094178085734,2017-09-01
7366,0.0310893092917026,2017-09-01
8264,0.0284635895142107,2017-09-01
10860,0.0251261973140774,2017-09-01
179437,0.0249447996578895,2017-09-01
4093,0.0308470547291844,2017-12-01
7366,0.0329314056458766,2017-12-01
8272,0.0225976140440435,2017-12-01
8539,0.0292643432235731,2017-12-01
10860,0.0230115821180809,2017-12-01
24216,0.0342295325645685,2017-12-01
135990,0.0338759882247037,2017-12-01
157373,0.0261784510210936,2017-12-01
4093,0.0272292138993151,2018-03-01
8099,0.0176133910674859,2018-03-01
8264,0.051357620832372,2018-03-01
8539,0.0325643785024176,2018-03-01
9846,0.0167359085105917,2018-03-01
11554,0.0205041093692269,2018-03-01
24216,0.0435241767932114,2018-03-01
157373,0.0203697703664291,2018-03-01
1075,0.0148103702813386,2018-06-01
4093,0.0190988779067993,2018-06-01
4517,0.0175817795097827,2018-06-01
6338,0.0148103702813386,2018-06-01
7974,0.0162788201123476,2018-06-01
7977,0.0148103702813386,2018-06-01
8264,0.0159376133233308,2018-06-01
8272,0.015774792060256,2018-06-01
8455,0.0162336304783821,2018-06-01
8539,0.016635475680232,2018-06-01
9846,0.0148103702813386,2018-06-01
10860,0.0148103702813386,2018-06-01
11554,0.0148103702813386,2018-06-01
4093,0.02107117138803,2018-09-01
5742,0.0169066414237022,2018-09-01
8264,0.0228581633418798,2018-09-01
8272,0.0217863172292709,2018-09-01
8455,0.017569400370121,2018-09-01
8539,0.0210125725716352,2018-09-01
9850,0.0166095029562711,2018-09-01
11554,0.0175862908363342,2018-09-01
3413,0.0445664533671305,2018-12-01
4093,0.0536484388162566,2018-12-01
4383,0.0307617168391186,2018-12-01
4517,0.031500501082265,2018-12-01
8264,0.0300544987504588,2018-12-01
9846,0.0356598493976133,2018-12-01
9850,0.0444829534169439,2018-12-01
11554,0.037030597564775,2018-12-01
4383,0.0299582379261848,2019-03-01
4517,0.0270010439688488,2019-03-01
7977,0.0236725126118111,2019-03-01
8099,0.0287079920320495,2019-03-01
8264,0.034981920624889,2019-03-01
8455,0.0333320500567025,2019-03-01
9850,0.0344848103998345,2019-03-01
11554,0.0271884756156297,2019-03-01
3413,0.0164714036320918,2019-06-01
7974,0.0196261737013078,2019-06-01
8272,0.0173519434259956,2019-06-01
8539,0.01923456034766,2019-06-01
8810,0.0192775206679646,2019-06-01
9850,0.0168825149037896,2019-06-01
157373,0.0201752648234297,2019-06-01
179437,0.0216801417444318,2019-06-01
4517,0.0176702780564782,2019-09-01
5742,0.0177045723297631,2019-09-01
6338,0.0198941113600662,2019-09-01
7974,0.028055947763126,2019-09-01
8455,0.0139089882762963,2019-09-01
8539,0.034234102103928,2019-09-01
9846,0.0183982663112425,2019-09-01
157373,0.03775698971481,2019-09-01
5742,0.0197503305971622,2019-12-01
7974,0.0197503305971622,2019-12-01
8264,0.023138128221035,2019-12-01
8455,0.0183537378907203,2019-12-01
8539,0.0224571917206048,2019-12-01
24216,0.0197503305971622,2019-12-01
157373,0.0197503305971622,2019-12-01
179437,0.0200841072946786,2019-12-01
4093,0.020696161314845,2020-03-01
4383,0.0188058502972126,2020-03-01
5742,0.0194951742887496,2020-03-01
7974,0.0194951742887496,2020-03-01
8455,0.0194951742887496,2020-03-01
8539,0.020696161314845,2020-03-01
24216,0.0190111901611089,2020-03-01
157373,0.0194951742887496,2020-03-01
179437,0.0188058502972126,2020-03-01
3413,0.0243037398904562,2020-06-01
4093,0.024912005290389,2020-06-01
4383,0.0242003165185451,2020-06-01
5742,0.02541059628129,2020-06-01
8539,0.0240042731165885,2020-06-01
9846,0.0240042731165885,2020-06-01
24216,0.026136914268136,2020-06-01
157373,0.0240042731165885,2020-06-01
3439,0.0276363771408796,2020-09-01
5742,0.0253691989928483,2020-09-01
7366,0.0219492074102163,2020-09-01
8264,0.0289751943200826,2020-09-01
8272,0.022942591458559,2020-09-01
8539,0.0219122860580682,2020-09-01
9846,0.0232186987996101,2020-09-01
135990,0.0219662748277187,2020-09-01
3413,0.022280216217041,2020-12-01
4093,0.022280216217041,2020-12-01
5742,0.0246616825461387,2020-12-01
6338,0.022280216217041,2020-12-01
8272,0.022280216217041,2020-12-01
8539,0.0222452767193317,2020-12-01
157373,0.0222452767193317,2020-12-01
179437,0.0210825782269239,2020-12-01
1075,0.0168759990483522,2021-03-01
3413,0.0172617137432098,2021-03-01
6338,0.0168759990483522,2021-03-01
8272,0.0168759990483522,2021-03-01
8455,0.0168724935501813,2021-03-01
8539,0.0217570625245571,2021-03-01
9846,0.0168759990483522,2021-03-01
11554,0.0168724935501813,2021-03-01
157373,0.0171639826148748,2021-03-01
3413,0.0217188935924852,2021-06-01
6338,0.0126675745380234,2021-06-01
7366,0.0154407155970033,2021-06-01
8272,0.0158675967665682,2021-06-01
8455,0.0137763855926475,2021-06-01
11554,0.0137763855926475,2021-06-01
24216,0.0140221238570456,2021-06-01
157373,0.0201482252967915,2021-06-01
3413,0.017283234745264,2021-09-01
4517,0.0155362552031874,2021-09-01
6338,0.0155362552031874,2021-09-01
7974,0.0155362552031874,2021-09-01
8272,0.0155362552031874,2021-09-01
8455,0.0155362552031874,2021-09-01
8539,0.0155362552031874,2021-09-01
9846,0.017283234745264,2021-09-01
135990,0.016018608585,2021-09-01
157373,0.0204283017665147,2021-09-01
3413,0.015068975277245,2021-12-01
6338,0.0127239879220724,2021-12-01
8264,0.0150410896167159,2021-12-01
8455,0.0195312742143869,2021-12-01
8539,0.0127794798463583,2021-12-01
9846,0.0132195791229605,2021-12-01
24216,0.0127338115125894,2021-12-01
135990,0.0133664924651384,2021-12-01
3413,0.0147286551073193,2022-03-01
3897,0.0186476875096559,2022-03-01
5742,0.0147286551073193,2022-03-01
7366,0.0147286551073193,2022-03-01
8264,0.0161890890449285,2022-03-01
8455,0.0212306156754493,2022-03-01
9846,0.0147286551073193,2022-03-01
24216,0.0214726626873016,2022-03-01
135990,0.0169426035135984,2022-03-01
157373,0.0212306156754493,2022-03-01
1440,0.0187038350850343,2022-06-01
3413,0.0151971224695444,2022-06-01
4517,0.0150328744202852,2022-06-01
8264,0.0218527726829051,2022-06-01
11550,0.0187038350850343,2022-06-01
24216,0.0190879739820957,2022-06-01
40614,0.0274404920637607,2022-06-01
135990,0.0150404190644621,2022-06-01
1075,0.0109807252883911,2022-09-01
3439,0.0109807252883911,2022-09-01
3897,0.0171239338815212,2022-09-01
4029,0.0109807252883911,2022-09-01
4093,0.012770814821124,2022-09-01
5742,0.0109807252883911,2022-09-01
6338,0.0109807252883911,2022-09-01
7974,0.0109807252883911,2022-09-01
7977,0.0109807252883911,2022-09-01
8099,0.0109807252883911,2022-09-01
8264,0.0251584704965353,2022-09-01
8455,0.0109807252883911,2022-09-01
8539,0.0109807252883911,2022-09-01
9846,0.0109807252883911,2022-09-01
11554,0.0109807252883911,2022-09-01
24216,0.0200711414217948,2022-09-01
40614,0.0251584704965353,2022-09-01
135990,0.0130267720669507,2022-09-01
157373,0.0129189975559711,2022-09-01
1075,0.0164357589286327,2022-12-01
1440,0.0147725334374025,2022-12-01
3439,0.0138949904678402,2022-12-01
6338,0.0150191904179076,2022-12-01
7970,0.0147725334374025,2022-12-01
9850,0.0135444111784687,2022-12-01
24216,0.0199255030993882,2022-12-01
157373,0.0147770024237059,2022-12-01
4029,0.0131549117879019,2023-03-01
7974,0.0161570995637235,2023-03-01
8099,0.0121569952144054,2023-03-01
8455,0.0133456102787404,2023-03-01
8539,0.0157646621044667,2023-03-01
9846,0.0121569952144054,2023-03-01
9850,0.0138348530222865,2023-03-01
40614,0.0138733772846939,2023-03-01
157373,0.020491032306211,2023-03-01
6338,0.0200643323132661,2023-06-01
7974,0.0208272347796406,2023-06-01
8455,0.0189502776971383,2023-06-01
8539,0.0173338306424907,2023-06-01
9846,0.0173572524541018,2023-06-01
24216,0.0179811768086235,2023-06-01
135990,0.0208915744867338,2023-06-01
157373,0.0227072204356164,2023-06-01
3413,0.0137845891292162,2023-09-01
4029,0.0199280554865767,2023-09-01
8272,0.0139202277170995,2023-09-01
8810,0.0108540570201367,2023-09-01
11550,0.0109616485873066,2023-09-01
40614,0.0108351225640304,2023-09-01
135990,0.0189486847607783,2023-09-01
157373,0.01330875167662,2023-09-01
1440,0.022676978222063,2023-12-01
6338,0.0344195864471628,2023-12-01
7970,0.030316624669173,2023-12-01
8272,0.0307843871257753,2023-12-01
8539,0.023904659491222,2023-12-01
9846,0.0282232659829067,2023-12-01
11554,0.0266316811663018,2023-12-01
24216,0.0277296324777637,2023-12-01
4029,0.0250257413019787,2024-03-01
6338,0.0299046286983025,2024-03-01
7974,0.0295321240361935,2024-03-01
8272,0.0239705486347697,2024-03-01
8455,0.0233888062267122,2024-03-01
8539,0.0388733733488574,2024-03-01
9846,0.0323371391592119,2024-03-01
24216,0.0290196852147331,2024-03-01
5742,0.0115192200113924,2024-06-01
7970,0.0120476748030117,2024-06-01
7974,0.0169238341538782,2024-06-01
7977,0.011856665710084,2024-06-01
8539,0.0150952921143263,2024-06-01
9846,0.0113745291309009,2024-06-01
24216,0.0161263996531654,2024-06-01
135990,0.0150933887965609,2024-06-01
1075,0.0166869591921567,2024-09-01
3413,0.0166869591921567,2024-09-01
3897,0.0124945566058158,2024-09-01
4093,0.0166869591921567,2024-09-01
7970,0.0175223536789417,2024-09-01
8264,0.0204284451901912,2024-09-01
8272,0.0166869591921567,2024-09-01
179437,0.0175256710499525,2024-09-01
1075,0.012384901754558,2024-12-01
6338,0.012384901754558,2024-12-01
7366,0.0102301081642508,2024-12-01
7970,0.0102301081642508,2024-12-01
8539,0.0108590247109532,2024-12-01
9846,0.0102301081642508,2024-12-01
11554,0.0098031554371118,2024-12-01
135990,0.0107950419187545,2024-12-01
3413,0.0092730168253183,2025-03-01
4093,0.0096371406689286,2025-03-01
7970,0.0092730168253183,2025-03-01
8539,0.0092730168253183,2025-03-01
9846,0.0092730168253183,2025-03-01
24216,0.0151846799999475,2025-03-01
40614,0.0096371406689286,2025-03-01
135990,0.0092730168253183,2025-03-01
179437,0.0096371406689286,2025-03-01
5742,0.0049460995942354,2025-06-01
7970,0.0049460995942354,2025-06-01
7974,0.0049460995942354,2025-06-01
8099,0.0049460995942354,2025-06-01
8264,0.0104779489338397,2025-06-01
8272,0.0115639558061957,2025-06-01
8539,0.0049460995942354,2025-06-01
9846,0.0085135847330093,2025-06-01
24216,0.0117911137640476,2025-06-01
1440,0.0054132840596139,2025-09-01
3439,0.0037158350460231,2025-09-01
4029,0.0037158350460231,2025-09-01
4517,0.0037158350460231,2025-09-01
5742,0.0037158350460231,2025-09-01
6338,0.0037158350460231,2025-09-01
7970,0.0057969917543232,2025-09-01
7974,0.0037158350460231,2025-09-01
7977,0.0037158350460231,2025-09-01
8264,0.0113124791532754,2025-09-01
8272,0.0049896831624209,2025-09-01
8455,0.0037158350460231,2025-09-01
9846,0.0071843564510345,2025-09-01
11550,0.0054132840596139,2025-09-01
11554,0.0037158350460231,2025-09-01
157373,0.0100191785022616,2025-09-01
7063,0.0339101664721965,2001-06-01
10894,0.0297793522477149,2001-06-01
30822,0.0509031191468238,2001-06-01
105365,0.1005549579858779,2001-06-01
112111,0.29257333278656,2001-06-01
113490,0.1156135648488998,2001-06-01
121382,0.1577599048614502,2001-06-01
7063,0.0229688044637441,2001-09-01
10894,0.0222627446055412,2001-09-01
29389,0.0222627446055412,2001-09-01
29649,0.0222627446055412,2001-09-01
29984,0.0229167491197586,2001-09-01
30822,0.0440016314387321,2001-09-01
112111,0.1735370457172393,2001-09-01
30822,0.0481889434158802,2001-12-01
62374,0.0410866886377334,2001-12-01
105365,0.072252944111824,2001-12-01
112111,0.1833395212888717,2001-12-01
113490,0.072252944111824,2001-12-01
121382,0.072252944111824,2001-12-01
138743,0.0573720373213291,2001-12-01
7063,0.0276828948408365,2002-03-01
10894,0.0206239633262157,2002-03-01
29984,0.0206239633262157,2002-03-01
62374,0.0276828948408365,2002-03-01
105365,0.0311866365373134,2002-03-01
112111,0.0588086917996406,2002-03-01
113490,0.0311866365373134,2002-03-01
121382,0.0311866365373134,2002-03-01
4605,0.0163163356482982,2002-06-01
5543,0.0163163356482982,2002-06-01
7063,0.0163163356482982,2002-06-01
10096,0.0163163356482982,2002-06-01
10894,0.0163163356482982,2002-06-01
11456,0.0163163356482982,2002-06-01
13125,0.0163163356482982,2002-06-01
24731,0.0163163356482982,2002-06-01
28629,0.0163163356482982,2002-06-01
28733,0.0163163356482982,2002-06-01
29099,0.0163163356482982,2002-06-01
29389,0.0163163356482982,2002-06-01
29649,0.0163163356482982,2002-06-01
29875,0.0163163356482982,2002-06-01
29984,0.0163163356482982,2002-06-01
30293,0.0163163356482982,2002-06-01
30822,0.0163163356482982,2002-06-01
62374,0.0163163356482982,2002-06-01
64821,0.0163163356482982,2002-06-01
64925,0.0163163356482982,2002-06-01
112111,0.0631279349327087,2002-06-01
138743,0.0631279349327087,2002-06-01
4605,0.0215362627059221,2002-09-01
5543,0.0215362627059221,2002-09-01
7063,0.0215362627059221,2002-09-01
10096,0.0215362627059221,2002-09-01
10894,0.0215362627059221,2002-09-01
11456,0.0215362627059221,2002-09-01
13125,0.0215362627059221,2002-09-01
24731,0.0215362627059221,2002-09-01
28629,0.0215362627059221,2002-09-01
28733,0.0215362627059221,2002-09-01
29099,0.0215362627059221,2002-09-01
29389,0.0215362627059221,2002-09-01
29649,0.0215362627059221,2002-09-01
29875,0.0215362627059221,2002-09-01
29984,0.0215362627059221,2002-09-01
30293,0.0215362627059221,2002-09-01
30822,0.0215362627059221,2002-09-01
62374,0.0215362627059221,2002-09-01
64821,0.0215362627059221,2002-09-01
64925,0.0215362627059221,2002-09-01
112111,0.0577486902475357,2002-09-01
138743,0.0316688194870948,2002-09-01
7063,0.0179604906588792,2002-12-01
10894,0.0159765500575304,2002-12-01
11456,0.0143153928220272,2002-12-01
29649,0.0159765500575304,2002-12-01
62374,0.0143153928220272,2002-12-01
112111,0.0524159409105777,2002-12-01
113490,0.0524159409105777,2002-12-01
138743,0.0170388426631689,2002-12-01
7063,0.0563048869061175,2003-03-01
10894,0.0264689565456848,2003-03-01
28629,0.0356026605099063,2003-03-01
29649,0.0260226139360512,2003-03-01
105365,0.0352138535195673,2003-03-01
110179,0.0430215210704314,2003-03-01
121382,0.0388861035914737,2003-03-01
7063,0.0542440117353101,2003-06-01
10096,0.0358007658610732,2003-06-01
13125,0.0324526034229884,2003-06-01
28629,0.0341921786783081,2003-06-01
29389,0.0282648341547824,2003-06-01
110179,0.0341429499859248,2003-06-01
121382,0.0446155559667251,2003-06-01
4605,0.0087884152308106,2003-09-01
5543,0.0087884152308106,2003-09-01
7063,0.0087884152308106,2003-09-01
10096,0.0087884152308106,2003-09-01
10894,0.0087884152308106,2003-09-01
11456,0.0087884152308106,2003-09-01
13125,0.0087884152308106,2003-09-01
24731,0.0087884152308106,2003-09-01
28629,0.0087884152308106,2003-09-01
28733,0.0087884152308106,2003-09-01
29099,0.0087884152308106,2003-09-01
29389,0.0087884152308106,2003-09-01
29649,0.0087884152308106,2003-09-01
29875,0.0087884152308106,2003-09-01
29984,0.0087884152308106,2003-09-01
30293,0.0087884152308106,2003-09-01
30822,0.0087884152308106,2003-09-01
62374,0.0087884152308106,2003-09-01
64821,0.0087884152308106,2003-09-01
64925,0.0087884152308106,2003-09-01
110179,0.0087884152308106,2003-09-01
112111,0.0332442261278629,2003-09-01
121382,0.0178578719496727,2003-09-01
4605,0.003603559685871,2003-12-01
5543,0.003603559685871,2003-12-01
7063,0.003603559685871,2003-12-01
10096,0.003603559685871,2003-12-01
10894,0.003603559685871,2003-12-01
11456,0.003603559685871,2003-12-01
13125,0.003603559685871,2003-12-01
24731,0.003603559685871,2003-12-01
28629,0.003603559685871,2003-12-01
28733,0.003603559685871,2003-12-01
29099,0.003603559685871,2003-12-01
29389,0.003603559685871,2003-12-01
29649,0.003603559685871,2003-12-01
29875,0.003603559685871,2003-12-01
29984,0.003603559685871,2003-12-01
30293,0.003603559685871,2003-12-01
30822,0.003603559685871,2003-12-01
62374,0.003603559685871,2003-12-01
64821,0.003603559685871,2003-12-01
64925,0.003603559685871,2003-12-01
110179,0.003603559685871,2003-12-01
112111,0.003603559685871,2003-12-01
4605,0.0031729866750538,2004-03-01
5543,0.0031729866750538,2004-03-01
7063,0.0031729866750538,2004-03-01
10096,0.0031729866750538,2004-03-01
10894,0.0031729866750538,2004-03-01
11456,0.0031729866750538,2004-03-01
13125,0.0031729866750538,2004-03-01
24731,0.0031729866750538,2004-03-01
28629,0.0031729866750538,2004-03-01
28733,0.0031729866750538,2004-03-01
29099,0.0031729866750538,2004-03-01
29389,0.0031729866750538,2004-03-01
29649,0.0031729866750538,2004-03-01
29875,0.0031729866750538,2004-03-01
29984,0.0031729866750538,2004-03-01
30293,0.0031729866750538,2004-03-01
30822,0.0031729866750538,2004-03-01
62374,0.0031729866750538,2004-03-01
64821,0.0031729866750538,2004-03-01
64925,0.0031729866750538,2004-03-01
110179,0.0031729866750538,2004-03-01
112111,0.0031729866750538,2004-03-01
4605,0.0038187047592747,2004-06-01
5543,0.0038187047592747,2004-06-01
7063,0.0038187047592747,2004-06-01
10096,0.0038187047592747,2004-06-01
10894,0.0038187047592747,2004-06-01
11456,0.0038187047592747,2004-06-01
13125,0.0038187047592747,2004-06-01
24731,0.0038187047592747,2004-06-01
28629,0.0038187047592747,2004-06-01
28733,0.0038187047592747,2004-06-01
29099,0.0038187047592747,2004-06-01
29389,0.0038187047592747,2004-06-01
29649,0.0038187047592747,2004-06-01
29875,0.0038187047592747,2004-06-01
29984,0.0038187047592747,2004-06-01
30293,0.0038187047592747,2004-06-01
30822,0.0038187047592747,2004-06-01
62374,0.0038187047592747,2004-06-01
64821,0.0038187047592747,2004-06-01
64925,0.0038187047592747,2004-06-01
105365,0.0038187047592747,2004-06-01
110179,0.0038187047592747,2004-06-01
112111,0.0038187047592747,2004-06-01
113490,0.0038187047592747,2004-06-01
121382,0.0038187047592747,2004-06-01
138743,0.0038187047592747,2004-06-01
4605,0.0112327426394008,2004-09-01
5543,0.0112327426394008,2004-09-01
7063,0.0112327426394008,2004-09-01
10096,0.0112327426394008,2004-09-01
10894,0.0112327426394008,2004-09-01
11456,0.0112327426394008,2004-09-01
13125,0.0112327426394008,2004-09-01
24731,0.0112327426394008,2004-09-01
28629,0.0112327426394008,2004-09-01
28733,0.0112327426394008,2004-09-01
29099,0.0112327426394008,2004-09-01
29389,0.0112327426394008,2004-09-01
29649,0.0112327426394008,2004-09-01
29875,0.0112327426394008,2004-09-01
29984,0.0112327426394008,2004-09-01
30293,0.0112327426394008,2004-09-01
30822,0.0112327426394008,2004-09-01
62374,0.0112327426394008,2004-09-01
64821,0.0112327426394008,2004-09-01
64925,0.0112327426394008,2004-09-01
105365,0.0112327426394008,2004-09-01
110179,0.0112327426394008,2004-09-01
112111,0.0112327426394008,2004-09-01
113490,0.0112327426394008,2004-09-01
121382,0.0112327426394008,2004-09-01
138743,0.0112327426394008,2004-09-01
260774,0.0112327426394008,2004-09-01
4605,0.0153581583622482,2004-12-01
5543,0.0153581583622482,2004-12-01
7063,0.0153581583622482,2004-12-01
10096,0.0153581583622482,2004-12-01
10894,0.0153581583622482,2004-12-01
11456,0.0153581583622482,2004-12-01
13125,0.0153581583622482,2004-12-01
24731,0.0153581583622482,2004-12-01
28629,0.0153581583622482,2004-12-01
28733,0.0153581583622482,2004-12-01
29099,0.0153581583622482,2004-12-01
29389,0.0153581583622482,2004-12-01
29649,0.0153581583622482,2004-12-01
29875,0.0153581583622482,2004-12-01
29984,0.0153581583622482,2004-12-01
30293,0.0153581583622482,2004-12-01
30822,0.0153581583622482,2004-12-01
62374,0.0153581583622482,2004-12-01
64821,0.0153581583622482,2004-12-01
64925,0.0153581583622482,2004-12-01
105365,0.0153581583622482,2004-12-01
110179,0.0153581583622482,2004-12-01
112111,0.0153581583622482,2004-12-01
113490,0.0153581583622482,2004-12-01
121382,0.0153581583622482,2004-12-01
138743,0.0153581583622482,2004-12-01
160479,0.0153581583622482,2004-12-01
260774,0.0153581583622482,2004-12-01
4605,0.0184650402939225,2005-03-01
5543,0.0184650402939225,2005-03-01
7063,0.0184650402939225,2005-03-01
10096,0.0184650402939225,2005-03-01
10894,0.0184650402939225,2005-03-01
11456,0.0184650402939225,2005-03-01
13125,0.0184650402939225,2005-03-01
24731,0.0184650402939225,2005-03-01
28629,0.0184650402939225,2005-03-01
28733,0.0184650402939225,2005-03-01
29099,0.0184650402939225,2005-03-01
29389,0.0184650402939225,2005-03-01
29649,0.0184650402939225,2005-03-01
29875,0.0184650402939225,2005-03-01
29984,0.0184650402939225,2005-03-01
30293,0.0184650402939225,2005-03-01
30822,0.0184650402939225,2005-03-01
62374,0.0184650402939225,2005-03-01
64821,0.0184650402939225,2005-03-01
64925,0.0184650402939225,2005-03-01
105365,0.0184650402939225,2005-03-01
110179,0.0184650402939225,2005-03-01
112111,0.0184650402939225,2005-03-01
113490,0.0184650402939225,2005-03-01
121382,0.0184650402939225,2005-03-01
138743,0.0184650402939225,2005-03-01
160479,0.0184650402939225,2005-03-01
160991,0.0184650402939225,2005-03-01
260774,0.0184650402939225,2005-03-01
4605,0.0195183982411386,2005-06-01
5543,0.0195183982411386,2005-06-01
7063,0.0195183982411386,2005-06-01
10096,0.0195183982411386,2005-06-01
10894,0.0195183982411386,2005-06-01
11456,0.0195183982411386,2005-06-01
13125,0.0195183982411386,2005-06-01
24731,0.0195183982411386,2005-06-01
28629,0.0195183982411386,2005-06-01
28733,0.0195183982411386,2005-06-01
29099,0.0195183982411386,2005-06-01
29389,0.0195183982411386,2005-06-01
29649,0.0195183982411386,2005-06-01
29875,0.0195183982411386,2005-06-01
29984,0.0195183982411386,2005-06-01
30293,0.0195183982411386,2005-06-01
30822,0.0195183982411386,2005-06-01
62374,0.0195183982411386,2005-06-01
64821,0.0195183982411386,2005-06-01
64925,0.0195183982411386,2005-06-01
105365,0.0195183982411386,2005-06-01
110179,0.0195183982411386,2005-06-01
112111,0.0195183982411386,2005-06-01
113490,0.0195183982411386,2005-06-01
121382,0.0195183982411386,2005-06-01
138743,0.0195183982411386,2005-06-01
160479,0.0195183982411386,2005-06-01
160991,0.0195183982411386,2005-06-01
260774,0.0195183982411386,2005-06-01
10894,0.0329884184515978,2005-09-01
29649,0.0336108754353754,2005-09-01
105365,0.0568360668851631,2005-09-01
112111,0.0444279153970739,2005-09-01
113490,0.0558739085436211,2005-09-01
121382,0.0329768027076705,2005-09-01
160479,0.029144211836342,2005-09-01
160991,0.0340805610751652,2005-09-01
4605,0.0221106000244617,2005-12-01
5543,0.0221106000244617,2005-12-01
7063,0.0221106000244617,2005-12-01
10096,0.0221106000244617,2005-12-01
10894,0.0221106000244617,2005-12-01
11456,0.0221106000244617,2005-12-01
13125,0.0221106000244617,2005-12-01
24731,0.0221106000244617,2005-12-01
28629,0.0221106000244617,2005-12-01
28733,0.0221106000244617,2005-12-01
29099,0.0221106000244617,2005-12-01
29389,0.0243519656360149,2005-12-01
29649,0.0221106000244617,2005-12-01
29984,0.0243519656360149,2005-12-01
30822,0.0221106000244617,2005-12-01
62374,0.0221106000244617,2005-12-01
64821,0.0243519656360149,2005-12-01
64925,0.0221106000244617,2005-12-01
105365,0.0281439013779163,2005-12-01
110179,0.0221106000244617,2005-12-01
112111,0.0221106000244617,2005-12-01
121382,0.0333605520427227,2005-12-01
160479,0.0221106000244617,2005-12-01
160991,0.0221106000244617,2005-12-01
260774,0.0221106000244617,2005-12-01
28629,0.0322357862975888,2006-03-01
29099,0.0338498407120927,2006-03-01
30293,0.0353681369685882,2006-03-01
64925,0.0338223817133888,2006-03-01
105365,0.0396151687493828,2006-03-01
112111,0.0356701368819208,2006-03-01
113490,0.0559945726609416,2006-03-01
138743,0.0448855162578559,2006-03-01
10894,0.0246124472469091,2006-06-01
11456,0.034223087131977,2006-06-01
29649,0.0246124472469091,2006-06-01
105365,0.0246124472469091,2006-06-01
112111,0.0290714129805564,2006-06-01
113490,0.0286140795797109,2006-06-01
121382,0.0286140795797109,2006-06-01
138743,0.0286140795797109,2006-06-01
160479,0.0246124472469091,2006-06-01
160991,0.0246124472469091,2006-06-01
10096,0.0350237797459236,2006-09-01
28629,0.0279309349586101,2006-09-01
28733,0.0325183893233263,2006-09-01
29099,0.0345691193293942,2006-09-01
29984,0.0361650147788452,2006-09-01
30822,0.0314866031842216,2006-09-01
113490,0.0293334690908496,2006-09-01
160479,0.0298842406447227,2006-09-01
4605,0.0339665140043695,2006-12-01
7063,0.0306137316151416,2006-12-01
29099,0.0299293706587276,2006-12-01
29984,0.0313751714318046,2006-12-01
64925,0.0328137189370554,2006-12-01
105365,0.0299119651878903,2006-12-01
112111,0.0406842912509116,2006-12-01
113490,0.0507249286821656,2006-12-01
10096,0.028617455612514,2007-03-01
28629,0.0305760377267661,2007-03-01
28733,0.029055415047133,2007-03-01
29099,0.0290760982321338,2007-03-01
62374,0.0306066962694504,2007-03-01
105365,0.0371272576692451,2007-03-01
121382,0.0577039010723168,2007-03-01
260774,0.0327079580083694,2007-03-01
7063,0.0345310666940769,2007-06-01
10096,0.0345760784139722,2007-06-01
11456,0.0377142309344553,2007-06-01
28629,0.0345814569492786,2007-06-01
64925,0.0370327616121797,2007-06-01
105365,0.0372453706976687,2007-06-01
112111,0.0404213019992578,2007-06-01
260774,0.0374741241298346,2007-06-01
4605,0.0298554096370935,2007-09-01
5543,0.0298554096370935,2007-09-01
7063,0.0298554096370935,2007-09-01
10096,0.0298554096370935,2007-09-01
10894,0.0298554096370935,2007-09-01
11456,0.0298554096370935,2007-09-01
13125,0.0298554096370935,2007-09-01
24731,0.0298554096370935,2007-09-01
28629,0.0298554096370935,2007-09-01
28733,0.0298554096370935,2007-09-01
29099,0.0298554096370935,2007-09-01
29389,0.0298554096370935,2007-09-01
29649,0.0298554096370935,2007-09-01
29875,0.0298554096370935,2007-09-01
29984,0.0298554096370935,2007-09-01
30293,0.0298554096370935,2007-09-01
30822,0.0298554096370935,2007-09-01
62374,0.0298554096370935,2007-09-01
64821,0.0298554096370935,2007-09-01
64925,0.0298554096370935,2007-09-01
105365,0.0298554096370935,2007-09-01
110179,0.0298554096370935,2007-09-01
112111,0.0298554096370935,2007-09-01
113490,0.0298554096370935,2007-09-01
138743,0.0298554096370935,2007-09-01
160479,0.0298554096370935,2007-09-01
160991,0.0298554096370935,2007-09-01
260774,0.0298554096370935,2007-09-01
4605,0.0294526699482319,2007-12-01
5543,0.0294526699482319,2007-12-01
7063,0.0294526699482319,2007-12-01
10096,0.0294526699482319,2007-12-01
10894,0.0294526699482319,2007-12-01
11456,0.0294526699482319,2007-12-01
13125,0.0294526699482319,2007-12-01
24731,0.0294526699482319,2007-12-01
28629,0.0294526699482319,2007-12-01
28733,0.0294526699482319,2007-12-01
29099,0.0294526699482319,2007-12-01
29389,0.0294526699482319,2007-12-01
29649,0.0294526699482319,2007-12-01
29875,0.0294526699482319,2007-12-01
29984,0.0294526699482319,2007-12-01
30293,0.0294526699482319,2007-12-01
30822,0.0294526699482319,2007-12-01
62374,0.0294526699482319,2007-12-01
64821,0.0294526699482319,2007-12-01
64925,0.0294526699482319,2007-12-01
105365,0.0294526699482319,2007-12-01
110179,0.0294526699482319,2007-12-01
112111,0.0294526699482319,2007-12-01
113490,0.0294526699482319,2007-12-01
121382,0.0294526699482319,2007-12-01
138743,0.0294526699482319,2007-12-01
160479,0.0294526699482319,2007-12-01
160991,0.0294526699482319,2007-12-01
260774,0.0294526699482319,2007-12-01
11456,0.0447346511397528,2008-03-01
28733,0.0439793938102527,2008-03-01
29984,0.046091559053683,2008-03-01
62374,0.0446538519678886,2008-03-01
64925,0.0440368037307974,2008-03-01
105365,0.0451882142667606,2008-03-01
110179,0.0435865020583614,2008-03-01
260774,0.054365092861501,2008-03-01
7063,0.0463063658529219,2008-06-01
11456,0.0403171742143224,2008-06-01
29389,0.0403953640661829,2008-06-01
62374,0.0415436457728017,2008-06-01
110179,0.0407192783414172,2008-06-01
121382,0.0433317762155971,2008-06-01
160479,0.0510323740645286,2008-06-01
260774,0.0615832996141995,2008-06-01
10096,0.0359849117984,2008-09-01
10894,0.0389903908547013,2008-09-01
28629,0.0374601239719236,2008-09-01
29875,0.0345318501675319,2008-09-01
62374,0.061383997229356,2008-09-01
112111,0.0538731808649568,2008-09-01
113490,0.0450617368559256,2008-09-01
138743,0.0611881224138748,2008-09-01
10894,0.0344416523914903,2008-12-01
11456,0.0388487619607528,2008-12-01
28629,0.0340526253586337,2008-12-01
62374,0.0525193492933781,2008-12-01
105365,0.0498531326215803,2008-12-01
112111,0.0393800631337498,2008-12-01
113490,0.0631542698634421,2008-12-01
260774,0.0746327836966817,2008-12-01
7063,0.0392539620685125,2009-03-01
62374,0.0373200615318042,2009-03-01
112111,0.0386402232081159,2009-03-01
113490,0.0452763125011604,2009-03-01
121382,0.0435488361483939,2009-03-01
138743,0.0340949889671641,2009-03-01
160479,0.0431385488134391,2009-03-01
260774,0.0476676488612271,2009-03-01
7063,0.0456334514468664,2009-06-01
62374,0.0504694332095259,2009-06-01
105365,0.0344705291166019,2009-06-01
112111,0.0453857321497521,2009-06-01
113490,0.0515691724976588,2009-06-01
121382,0.0483887473456491,2009-06-01
160479,0.0358499641123446,2009-06-01
260774,0.0645026404980924,2009-06-01
7063,0.0467601838830163,2009-09-01
10894,0.0538793654668278,2009-09-01
24731,0.0330601614703411,2009-09-01
62374,0.0371515430887699,2009-09-01
113490,0.0702425038960416,2009-09-01
121382,0.0367072872995345,2009-09-01
160479,0.0516156879263677,2009-09-01
260774,0.0916339240210545,2009-09-01
7063,0.0508411514590818,2009-12-01
10894,0.0586603210999328,2009-12-01
11456,0.0384803763624896,2009-12-01
62374,0.034896199787226,2009-12-01
112111,0.0432647536139109,2009-12-01
121382,0.0428175494223723,2009-12-01
160479,0.0342534307982985,2009-12-01
260774,0.0494222787387508,2009-12-01
7063,0.039271817855857,2010-03-01
10894,0.0440661420214456,2010-03-01
62374,0.0164728086842754,2010-03-01
112111,0.0221954389810683,2010-03-01
113490,0.0142523347254499,2010-03-01
121382,0.0325395718737658,2010-03-01
160479,0.0208262074258147,2010-03-01
260774,0.0171837862139894,2010-03-01
7063,0.0139883770249749,2010-06-01
10894,0.0325250736866507,2010-06-01
62374,0.0116009685784665,2010-06-01
112111,0.0211545914128588,2010-06-01
113490,0.0103539596744607,2010-06-01
121382,0.0183656829136064,2010-06-01
160479,0.0114929401477477,2010-06-01
260774,0.030350171481058,2010-06-01
7063,0.0382855983690708,2010-09-01
10894,0.0215608485878162,2010-09-01
11456,0.0261565554157404,2010-09-01
24731,0.0174070345367104,2010-09-01
29984,0.0274763033860067,2010-09-01
62374,0.0333422294416412,2010-09-01
121382,0.0473662591564791,2010-09-01
260774,0.046113785766195,2010-09-01
7063,0.0346302169871955,2010-12-01
10894,0.0499566711775955,2010-12-01
11456,0.0441891857290472,2010-12-01
24731,0.0313920179875822,2010-12-01
29984,0.0555562168900143,2010-12-01
62374,0.0513859795887348,2010-12-01
160479,0.0301419976142193,2010-12-01
260774,0.0640026775406127,2010-12-01
7063,0.0312256478135927,2011-03-01
11456,0.0295858751960008,2011-03-01
24731,0.0215317103597477,2011-03-01
30822,0.0287227825183029,2011-03-01
62374,0.0513506513166177,2011-03-01
160479,0.0284528662676122,2011-03-01
160991,0.0219424752706284,2011-03-01
260774,0.0592944130201176,2011-03-01
10894,0.0434942212862276,2011-06-01
11456,0.0450001638587549,2011-06-01
24731,0.0323029758659653,2011-06-01
29984,0.0432875359838375,2011-06-01
30822,0.0373403995605939,2011-06-01
62374,0.0452152107286,2011-06-01
160991,0.0313704502054226,2011-06-01
260774,0.0371457718685744,2011-06-01
10894,0.02423981949687,2011-09-01
11456,0.0310848429799079,2011-09-01
13125,0.0226189866662025,2011-09-01
24731,0.0293499808758497,2011-09-01
30822,0.0226189866662025,2011-09-01
62374,0.0226189866662025,2011-09-01
112111,0.0421281568706035,2011-09-01
160479,0.02423981949687,2011-09-01
7063,0.048931212999122,2011-12-01
10894,0.0408304308005601,2011-12-01
11456,0.0528355169962332,2011-12-01
29984,0.0424697860174811,2011-12-01
62374,0.0374026526354853,2011-12-01
112111,0.0571071562064113,2011-12-01
160991,0.0358161670954716,2011-12-01
260774,0.0700247067427533,2011-12-01
4605,0.0259239729493856,2012-03-01
5543,0.0259239729493856,2012-03-01
7063,0.0299276188015937,2012-03-01
10894,0.0259239729493856,2012-03-01
11456,0.0299276188015937,2012-03-01
13125,0.0259239729493856,2012-03-01
24731,0.0299276188015937,2012-03-01
28629,0.0259239729493856,2012-03-01
28733,0.0259239729493856,2012-03-01
29099,0.0259239729493856,2012-03-01
29649,0.0259239729493856,2012-03-01
29984,0.0259239729493856,2012-03-01
30822,0.0259239729493856,2012-03-01
62374,0.0259239729493856,2012-03-01
64821,0.0259239729493856,2012-03-01
105365,0.0259239729493856,2012-03-01
110179,0.0259239729493856,2012-03-01
112111,0.0299276188015937,2012-03-01
113490,0.0259239729493856,2012-03-01
160479,0.0259239729493856,2012-03-01
160991,0.0259239729493856,2012-03-01
260774,0.0928646102547645,2012-03-01
7063,0.0573039305003599,2012-06-01
11456,0.054126393721917,2012-06-01
24731,0.0408464955284208,2012-06-01
62374,0.054855388414468,2012-06-01
105365,0.0364366249761375,2012-06-01
112111,0.0488586490012616,2012-06-01
113490,0.0378107311510715,2012-06-01
260774,0.0712325582421025,2012-06-01
7063,0.0623285981306619,2012-09-01
11456,0.0706972406103598,2012-09-01
24731,0.0386117563420565,2012-09-01
62374,0.0662051437391503,2012-09-01
112111,0.0453510948360448,2012-09-01
113490,0.042988130967413,2012-09-01
121382,0.0430613478096571,2012-09-01
260774,0.0834486185113299,2012-09-01
7063,0.0455129064062149,2012-12-01
11456,0.0432370472481545,2012-12-01
62374,0.057606499011304,2012-12-01
105365,0.0366921847253383,2012-12-01
112111,0.0451298226969274,2012-12-01
113490,0.0384916859012392,2012-12-01
121382,0.046689768922085,2012-12-01
260774,0.0714720228198634,2012-12-01
7063,0.0304649528115987,2013-03-01
10894,0.0304649528115987,2013-03-01
24731,0.0304649528115987,2013-03-01
28629,0.0299548264592885,2013-03-01
29649,0.0299548264592885,2013-03-01
64821,0.0299548264592885,2013-03-01
110179,0.0299548264592885,2013-03-01
112111,0.0304649528115987,2013-03-01
160991,0.0299548264592885,2013-03-01
260774,0.056723766028881,2013-03-01
5543,0.0395883970002764,2013-06-01
29649,0.0473564698524831,2013-06-01
62374,0.0546437143364087,2013-06-01
112111,0.0519977138787857,2013-06-01
113490,0.050418183796721,2013-06-01
121382,0.0616647626028969,2013-06-01
138743,0.0403880089995647,2013-06-01
260774,0.1004510591301483,2013-06-01
5543,0.038139097392559,2013-09-01
7063,0.038139097392559,2013-09-01
11456,0.038139097392559,2013-09-01
24731,0.038139097392559,2013-09-01
29649,0.038139097392559,2013-09-01
29875,0.040437813848257,2013-09-01
64821,0.038139097392559,2013-09-01
110179,0.038139097392559,2013-09-01
113490,0.038139097392559,2013-09-01
160991,0.038139097392559,2013-09-01
260774,0.076658509671688,2013-09-01
7063,0.052750285728338,2013-12-01
62374,0.0795306387163133,2013-12-01
105365,0.0605818658618228,2013-12-01
112111,0.0683411214979006,2013-12-01
113490,0.0751971276601413,2013-12-01
121382,0.0801853506763833,2013-12-01
138743,0.0579690082510383,2013-12-01
260774,0.1124154289691232,2013-12-01
11456,0.0496623921752692,2014-03-01
62374,0.0801518656854274,2014-03-01
64821,0.0551495222635554,2014-03-01
112111,0.0668340665554342,2014-03-01
113490,0.0555350882623603,2014-03-01
121382,0.0849474441117402,2014-03-01
138743,0.0585211533498145,2014-03-01
260774,0.1043951908652664,2014-03-01
7063,0.0609008468061628,2014-06-01
11456,0.0528566704923935,2014-06-01
62374,0.0954534476418517,2014-06-01
105365,0.0709118005849941,2014-06-01
112111,0.0706795148977898,2014-06-01
121382,0.0846213292273107,2014-06-01
138743,0.0569611345043059,2014-06-01
260774,0.0922519908071163,2014-06-01
7063,0.043855018987947,2014-09-01
11456,0.0496317210994285,2014-09-01
13125,0.0484921751337615,2014-09-01
24731,0.04343717782849,2014-09-01
29649,0.0460655026096392,2014-09-01
62374,0.0527080842481783,2014-09-01
160991,0.0483712565764857,2014-09-01
260774,0.1759988689335469,2014-09-01
7063,0.0459678528071409,2014-12-01
11456,0.054067335138536,2014-12-01
24731,0.0411184674940782,2014-12-01
62374,0.0582554311353376,2014-12-01
112111,0.0733638247531788,2014-12-01
121382,0.0736743162052712,2014-12-01
138743,0.0506105855076039,2014-12-01
260774,0.0862937527520326,2014-12-01
5543,0.0417856965636389,2015-03-01
10894,0.0435862213445787,2015-03-01
29649,0.0401407614964514,2015-03-01
29984,0.0417862756917429,2015-03-01
64925,0.0397708220201959,2015-03-01
112111,0.0414967649191495,2015-03-01
121382,0.0472820409903456,2015-03-01
260774,0.1184717368128896,2015-03-01
28629,0.032224023322429,2015-06-01
29649,0.0357575282513992,2015-06-01
29984,0.0325549025145675,2015-06-01
30293,0.0318184870145789,2015-06-01
110179,0.0304660293127041,2015-06-01
113490,0.0384081016016607,2015-06-01
121382,0.0436378817778905,2015-06-01
260774,0.0456734453364776,2015-06-01
5543,0.0407495512487241,2015-09-01
10894,0.0410697338695262,2015-09-01
13125,0.0398147776384809,2015-09-01
29984,0.0586551810789571,2015-09-01
110179,0.0379726545939699,2015-09-01
121382,0.0586551810789571,2015-09-01
138743,0.0396819870334453,2015-09-01
260774,0.1224367316420914,2015-09-01
11456,0.0405535647540204,2015-12-01
29649,0.0357588588044599,2015-12-01
30293,0.0334700230417742,2015-12-01
62374,0.0330673809706196,2015-12-01
64821,0.0401066957109057,2015-12-01
112111,0.0416717156630116,2015-12-01
121382,0.0703219463537807,2015-12-01
260774,0.1540362320205641,2015-12-01
5543,0.0335195176303386,2016-03-01
7063,0.0335195176303386,2016-03-01
13125,0.0341479815542697,2016-03-01
24731,0.0335195176303386,2016-03-01
29649,0.0335195176303386,2016-03-01
64821,0.0341479815542697,2016-03-01
110179,0.0341479815542697,2016-03-01
260774,0.0835965573787689,2016-03-01
13125,0.0371680185198783,2016-06-01
28733,0.0371680185198783,2016-06-01
29984,0.0371680185198783,2016-06-01
30293,0.0371680185198783,2016-06-01
62374,0.0371680185198783,2016-06-01
64821,0.0371680185198783,2016-06-01
110179,0.0371680185198783,2016-06-01
112111,0.0371680185198783,2016-06-01
138743,0.0371680185198783,2016-06-01
160991,0.0371680185198783,2016-06-01
260774,0.0822239518165588,2016-06-01
7063,0.0377203637017859,2016-09-01
11456,0.0435891721048169,2016-09-01
29389,0.0324455317010289,2016-09-01
62374,0.0521574267739268,2016-09-01
105365,0.0361189120027682,2016-09-01
112111,0.0632871232990812,2016-09-01
121382,0.0605927022720653,2016-09-01
260774,0.0806895934238711,2016-09-01
7063,0.0404818536709325,2016-12-01
11456,0.0378166597075995,2016-12-01
29389,0.0376097363853527,2016-12-01
62374,0.0534968880064784,2016-12-01
105365,0.030527038173776,2016-12-01
112111,0.0545753499218269,2016-12-01
121382,0.060230218984342,2016-12-01
260774,0.0841576458608436,2016-12-01
7063,0.0391077527440526,2017-03-01
11456,0.0402756095145546,2017-03-01
29389,0.0368916720680801,2017-03-01
62374,0.0625212774008681,2017-03-01
105365,0.0397223911974377,2017-03-01
112111,0.0613941847206108,2017-03-01
113490,0.0349400209046264,2017-03-01
260774,0.0920136982692808,2017-03-01
7063,0.0412670904695549,2017-06-01
29389,0.0348683903680286,2017-06-01
30004,0.0384094760290463,2017-06-01
62374,0.05956869628056,2017-06-01
112111,0.0535490885111702,2017-06-01
121382,0.0479456694928316,2017-06-01
138743,0.0332198522119364,2017-06-01
260774,0.0700239243108599,2017-06-01
7063,0.0422013701691006,2017-09-01
11456,0.0347071799638041,2017-09-01
24731,0.0430975785138927,2017-09-01
30004,0.0403537934590606,2017-09-01
62374,0.0508809026785429,2017-09-01
112111,0.0448416769428397,2017-09-01
121382,0.0421150969192179,2017-09-01
260774,0.0703974677854168,2017-09-01
7063,0.0353630694672875,2017-12-01
24731,0.0350911395109565,2017-12-01
29389,0.0363747819246882,2017-12-01
30004,0.0387038754026322,2017-12-01
62374,0.0517796537771345,2017-12-01
112111,0.0465677670566852,2017-12-01
138743,0.0354880866491184,2017-12-01
260774,0.0646990714035602,2017-12-01
7063,0.0400413990143162,2018-03-01
11456,0.0435828864844877,2018-03-01
24731,0.0458030887371524,2018-03-01
30004,0.0306472051219824,2018-03-01
32580,0.0598092208083728,2018-03-01
62374,0.0485522866834056,2018-03-01
112111,0.040219594035228,2018-03-01
260774,0.0698926077446863,2018-03-01
5543,0.0452410477105949,2018-06-01
7063,0.0409012927190583,2018-06-01
11456,0.0484696176685055,2018-06-01
24731,0.055706552756338,2018-06-01
32580,0.0516956463689095,2018-06-01
62374,0.062128627225147,2018-06-01
112111,0.0404565973102239,2018-06-01
260774,0.0596040227478603,2018-06-01
7063,0.042922912898322,2018-09-01
11456,0.0425515282362156,2018-09-01
24731,0.0438863079087817,2018-09-01
30004,0.0347099170910453,2018-09-01
32580,0.0548061243329295,2018-09-01
62374,0.0597220652065509,2018-09-01
112111,0.0402041356690721,2018-09-01
260774,0.0541853136271171,2018-09-01
4605,0.041087694599731,2018-12-01
5543,0.0430262683445111,2018-12-01
24731,0.0494400290767317,2018-12-01
32580,0.0414255904267752,2018-12-01
62374,0.0437585611441142,2018-12-01
64821,0.037717798638283,2018-12-01
110179,0.0389266329895408,2018-12-01
138743,0.0400174924444387,2018-12-01
28629,0.0432096136173982,2019-03-01
29099,0.0461270636219654,2019-03-01
29984,0.0567982476318973,2019-03-01
30004,0.0624878239422621,2019-03-01
62374,0.0520458139163218,2019-03-01
121382,0.0428583397889642,2019-03-01
138743,0.0583449181663843,2019-03-01
160991,0.043642809963274,2019-03-01
5543,0.0236176215112209,2019-06-01
30004,0.0241181682795286,2019-06-01
32580,0.0247766971588134,2019-06-01
64925,0.0236176215112209,2019-06-01
110179,0.0236176215112209,2019-06-01
121382,0.0442474372684955,2019-06-01
138743,0.0236176215112209,2019-06-01
160991,0.0236176215112209,2019-06-01
260774,0.0280495192855596,2019-06-01
4605,0.0294382329402889,2019-09-01
11456,0.0337391039544531,2019-09-01
28733,0.0260156973190877,2019-09-01
30004,0.0278421320340326,2019-09-01
121382,0.0481478882325896,2019-09-01
160479,0.0326303941151931,2019-09-01
160991,0.0309364215944364,2019-09-01
260774,0.0416873130833035,2019-09-01
11456,0.0276719654827769,2019-12-01
29099,0.0218218890799121,2019-12-01
29389,0.0285198803090958,2019-12-01
29649,0.023736533049287,2019-12-01
62374,0.0282932074200187,2019-12-01
110179,0.025583786098661,2019-12-01
160991,0.0295893446858519,2019-12-01
260774,0.0313189201384529,2019-12-01
7063,0.0421309315315544,2020-03-01
30004,0.0421485583871085,2020-03-01
62374,0.0596126127146924,2020-03-01
112111,0.0369073702640514,2020-03-01
121382,0.034729228148225,2020-03-01
138743,0.0322517826007728,2020-03-01
160991,0.0378827210243166,2020-03-01
260774,0.0531613508364821,2020-03-01
5543,0.0680830224401417,2020-06-01
7063,0.1070733662365111,2020-06-01
11456,0.095936416201991,2020-06-01
24731,0.099637485874958,2020-06-01
32580,0.0917150565469195,2020-06-01
62374,0.0702311646141926,2020-06-01
110179,0.0741906605472784,2020-06-01
260774,0.0691740227322331,2020-06-01
5543,0.050221549968723,2020-09-01
7063,0.0535587922520564,2020-09-01
24731,0.0554338575998643,2020-09-01
29389,0.0389452408503398,2020-09-01
30293,0.0394685149970204,2020-09-01
64925,0.0457828112155836,2020-09-01
110179,0.0486515733359119,2020-09-01
260774,0.0405563120385401,2020-09-01
7063,0.0472149652186041,2020-12-01
24731,0.0472149652186041,2020-12-01
29099,0.0353575870221132,2020-12-01
29875,0.0334918928234345,2020-12-01
30293,0.037015758430252,2020-12-01
64925,0.0356944624349373,2020-12-01
110179,0.0352049649545861,2020-12-01
260774,0.0335494898041369,2020-12-01
7063,0.0474234450319759,2021-03-01
24731,0.0367328696872621,2021-03-01
29875,0.0346273233010757,2021-03-01
30293,0.0374167134334091,2021-03-01
32580,0.0367328696872621,2021-03-01
64821,0.0346273233010757,2021-03-01
64925,0.0346273233010757,2021-03-01
138743,0.0359422369851982,2021-03-01
4605,0.0199929722244504,2021-06-01
7063,0.0198660742445135,2021-06-01
24731,0.0189757253490705,2021-06-01
29099,0.0190057070671958,2021-06-01
30004,0.0181037103208344,2021-06-01
30822,0.018521929958247,2021-06-01
121382,0.0185323261474303,2021-06-01
260774,0.0196863793991063,2021-06-01
4605,0.0236110250188417,2021-09-01
11456,0.0248154873847287,2021-09-01
28629,0.0228851776843544,2021-09-01
28733,0.0228851776843544,2021-09-01
30822,0.0234855105634046,2021-09-01
64925,0.025393983504609,2021-09-01
110179,0.0225798692603368,2021-09-01
260774,0.0231953530615682,2021-09-01
4605,0.0205500866302365,2021-12-01
11456,0.0238861574534353,2021-12-01
24731,0.0235925552041393,2021-12-01
29099,0.0197395825462886,2021-12-01
64925,0.0213879266026355,2021-12-01
105365,0.0223161953970442,2021-12-01
113490,0.0227836533502649,2021-12-01
260774,0.0687728397362718,2021-12-01
4605,0.0202380732289034,2022-03-01
5543,0.0202380732289034,2022-03-01
7063,0.0202380732289034,2022-03-01
10096,0.0202380732289034,2022-03-01
10894,0.0202380732289034,2022-03-01
11456,0.0202380732289034,2022-03-01
13125,0.0202380732289034,2022-03-01
24731,0.0202380732289034,2022-03-01
28629,0.0202380732289034,2022-03-01
28733,0.0202380732289034,2022-03-01
29099,0.0202380732289034,2022-03-01
29389,0.0202380732289034,2022-03-01
29649,0.0202380732289034,2022-03-01
29875,0.0202380732289034,2022-03-01
29984,0.0202380732289034,2022-03-01
30004,0.0202380732289034,2022-03-01
30293,0.0202380732289034,2022-03-01
30822,0.0202380732289034,2022-03-01
32580,0.0202380732289034,2022-03-01
62374,0.0202380732289034,2022-03-01
64821,0.0202380732289034,2022-03-01
64925,0.0202380732289034,2022-03-01
105365,0.0202380732289034,2022-03-01
110179,0.0202380732289034,2022-03-01
112111,0.0202380732289034,2022-03-01
113490,0.0202380732289034,2022-03-01
121382,0.0202380732289034,2022-03-01
138743,0.0202380732289034,2022-03-01
160479,0.0202380732289034,2022-03-01
160991,0.0202380732289034,2022-03-01
260774,0.0202380732289034,2022-03-01
4605,0.0252735553162063,2022-06-01
11456,0.034783187983418,2022-06-01
30822,0.0231696628527649,2022-06-01
62374,0.0220033606506503,2022-06-01
112111,0.0211661936294129,2022-06-01
121382,0.0332257588187738,2022-06-01
138743,0.0290205286372331,2022-06-01
260774,0.0650207489263974,2022-06-01
4605,0.025607654946119,2022-09-01
7063,0.0341857907422599,2022-09-01
11456,0.0291819722013767,2022-09-01
28629,0.0272240414644479,2022-09-01
29099,0.0294625719530072,2022-09-01
62374,0.0322504481676933,2022-09-01
64821,0.0255424569159005,2022-09-01
260774,0.0338837996665738,2022-09-01
5543,0.0357769746731682,2022-12-01
7063,0.0385803224810122,2022-12-01
29099,0.035829599544251,2022-12-01
30293,0.0375717059313675,2022-12-01
62374,0.0353317749828971,2022-12-01
64925,0.0374514228081262,2022-12-01
105365,0.0329079728227552,2022-12-01
110179,0.0381104541520291,2022-12-01
5543,0.0337492957491698,2023-03-01
24731,0.0353652768648779,2023-03-01
28733,0.0346979025728252,2023-03-01
62374,0.0455236643274506,2023-03-01
64821,0.0347404505186532,2023-03-01
64925,0.0472821050456861,2023-03-01
113490,0.0333992545375697,2023-03-01
160991,0.0325743657814646,2023-03-01
5543,0.0230654794722795,2023-06-01
13125,0.0230654794722795,2023-06-01
29984,0.0261099822819232,2023-06-01
30822,0.0230654794722795,2023-06-01
32580,0.0230654794722795,2023-06-01
62374,0.027818527072668,2023-06-01
64821,0.0230654794722795,2023-06-01
64925,0.0246309265494346,2023-06-01
121382,0.0230654794722795,2023-06-01
160991,0.0230654794722795,2023-06-01
10894,0.0131571274250745,2023-09-01
11456,0.0131571274250745,2023-09-01
13125,0.0229699332267045,2023-09-01
24731,0.0161914005875587,2023-09-01
28629,0.0131571274250745,2023-09-01
28733,0.0131571274250745,2023-09-01
30004,0.0131571274250745,2023-09-01
30293,0.0131571274250745,2023-09-01
30822,0.0167427491396665,2023-09-01
64821,0.0167427491396665,2023-09-01
64925,0.0235212855041027,2023-09-01
105365,0.0131571274250745,2023-09-01
110179,0.0131571274250745,2023-09-01
113490,0.0131571274250745,2023-09-01
121382,0.0167427491396665,2023-09-01
260774,0.0152313187718391,2023-09-01
7063,0.0414621159434318,2023-12-01
13125,0.0539532005786895,2023-12-01
24731,0.0240695066750049,2023-12-01
29099,0.0214595012366771,2023-12-01
64821,0.0236271452158689,2023-12-01
64925,0.0565632171928882,2023-12-01
121382,0.0242295563220977,2023-12-01
260774,0.0509359389543533,2023-12-01
13125,0.0367333010315615,2024-03-01
28629,0.015166163120943,2024-03-01
30293,0.0141457053908925,2024-03-01
30822,0.0141817083646046,2024-03-01
62374,0.0241752973750198,2024-03-01
64925,0.0367333010315615,2024-03-01
113490,0.0134275469304998,2024-03-01
121382,0.0231625940208173,2024-03-01
4605,0.0054461400975289,2024-06-01
5543,0.0054461400975289,2024-06-01
7063,0.0054461400975289,2024-06-01
10096,0.0054461400975289,2024-06-01
10894,0.0054461400975289,2024-06-01
11456,0.0054461400975289,2024-06-01
13125,0.0054461400975289,2024-06-01
24731,0.0054461400975289,2024-06-01
28629,0.0054461400975289,2024-06-01
28733,0.0054461400975289,2024-06-01
29099,0.0054461400975289,2024-06-01
29389,0.0054461400975289,2024-06-01
29649,0.0054461400975289,2024-06-01
29875,0.0054461400975289,2024-06-01
29984,0.0054461400975289,2024-06-01
30004,0.0054461400975289,2024-06-01
30293,0.0054461400975289,2024-06-01
30822,0.0054461400975289,2024-06-01
32580,0.0054461400975289,2024-06-01
62374,0.0054461400975289,2024-06-01
64821,0.0054461400975289,2024-06-01
64925,0.0054461400975289,2024-06-01
105365,0.0054461400975289,2024-06-01
110179,0.0054461400975289,2024-06-01
112111,0.0054461400975289,2024-06-01
113490,0.0054461400975289,2024-06-01
121382,0.0054461400975289,2024-06-01
138743,0.0054461400975289,2024-06-01
160479,0.0054461400975289,2024-06-01
160991,0.0054461400975289,2024-06-01
260774,0.0054461400975289,2024-06-01
13125,0.014672856886125,2024-09-01
24731,0.0081101081389721,2024-09-01
29099,0.0105154246831278,2024-09-01
30822,0.0079052998261355,2024-09-01
64925,0.0151518638516067,2024-09-01
105365,0.0090000627090945,2024-09-01
112111,0.0095738666490345,2024-09-01
113490,0.0087353864088774,2024-09-01
24731,0.0052475552074611,2024-12-01
30822,0.0052475552074611,2024-12-01
32580,0.0052475552074611,2024-12-01
62374,0.0052475552074611,2024-12-01
64821,0.0052475552074611,2024-12-01
64925,0.0052475552074611,2024-12-01
112111,0.0098309535533189,2024-12-01
121382,0.0052475552074611,2024-12-01
4605,0.0040106787346303,2025-03-01
5543,0.0043243467807769,2025-03-01
7063,0.0040106787346303,2025-03-01
10894,0.0040106787346303,2025-03-01
11456,0.0040106787346303,2025-03-01
13125,0.0151646332815289,2025-03-01
24731,0.0151646332815289,2025-03-01
29099,0.0040106787346303,2025-03-01
29389,0.0040106787346303,2025-03-01
29649,0.0040106787346303,2025-03-01
29875,0.0040106787346303,2025-03-01
29984,0.0040106787346303,2025-03-01
30004,0.0040106787346303,2025-03-01
30293,0.0040106787346303,2025-03-01
30822,0.0369144603610038,2025-03-01
32580,0.0114804580807685,2025-03-01
64925,0.0151646332815289,2025-03-01
105365,0.0040106787346303,2025-03-01
110179,0.0040106787346303,2025-03-01
112111,0.0207436010241508,2025-03-01
138743,0.0040106787346303,2025-03-01
160479,0.0040106787346303,2025-03-01
160991,0.0040106787346303,2025-03-01
7063,0.0305196861159218,2025-06-01
11456,0.0177221601029803,2025-06-01
13125,0.0295977596869814,2025-06-01
24731,0.0308464781511777,2025-06-01
30004,0.0121128950725423,2025-06-01
62374,0.0231461018083565,2025-06-01
105365,0.0161375690054718,2025-06-01
113490,0.0231438617363857,2025-06-01
4605,-0.0008531302598365,2025-09-01
5543,-0.0008531302598365,2025-09-01
7063,-0.0008531302598365,2025-09-01
10096,-0.0008531302598365,2025-09-01
10894,-0.0008531302598365,2025-09-01
11456,-0.0008531302598365,2025-09-01
13125,-0.0008531302598365,2025-09-01
24731,-0.0008531302598365,2025-09-01
28629,-0.0008531302598365,2025-09-01
28733,-0.0008531302598365,2025-09-01
29099,-0.0008531302598365,2025-09-01
29389,-0.0008531302598365,2025-09-01
29649,-0.0008531302598365,2025-09-01
29875,-0.0008531302598365,2025-09-01
29984,-0.0008531302598365,2025-09-01
30004,-0.0008531302598365,2025-09-01
30293,-0.0008531302598365,2025-09-01
30822,-0.0008531302598365,2025-09-01
32580,-0.0008531302598365,2025-09-01
62374,-0.0008531302598365,2025-09-01
64821,-0.0008531302598365,2025-09-01
64925,-0.0008531302598365,2025-09-01
105365,-0.0008531302598365,2025-09-01
110179,-0.0008531302598365,2025-09-01
112111,-0.0008531302598365,2025-09-01
113490,-0.0008531302598365,2025-09-01
121382,-0.0008531302598365,2025-09-01
138743,-0.0008531302598365,2025-09-01
160479,-0.0008531302598365,2025-09-01
160991,-0.0008531302598365,2025-09-01
260774,-0.0008531302598365,2025-09-01
