,1078,1602,2086,2111,2403,2547,2751,3504,3735,4145,6266,6730,7171,7228,7241,7257,7637,8530,10115,10530,10903,11032,11376,13721,14960,15414,16101,17928,20904,22260,23812,24197,24344,24468,24856,25279,25313,27914,29127,31673,31887,34410,41818,45167,61483,61494,61574,64166,65772,126554,133366,136725,137131,141384,144559,145046,145552,152149,162887,177227
2001-03-01,0.03658325970172882,0.03163998946547508,0.03658325970172882,0.0322599820792675,0.03658325970172882,0.03233775496482849,0.03239567205309868,0.04755697399377823,0.0322599820792675,0.024399220943450928,0.03658325970172882,0.03658325970172882,0.034149207174777985,0.03163998946547508,0.03239567205309868,0.03658325970172882,0.034538138657808304,0.03658325970172882,0.03658325970172882,0.03417916223406792,0.0319339781999588,0.03417916223406792,0.030058249831199646,,0.03470182791352272,0.03163998946547508,,,0.04457779973745346,0.019068237394094467,0.04138669744133949,0.03227362409234047,0.047084201127290726,0.03163998946547508,0.033795084804296494,0.034538138657808304,0.028183933347463608,0.03223002701997757,0.0322805754840374,0.03658325970172882,0.03658325970172882,,,,0.03194762021303177,0.0322599820792675,0.03658325970172882,0.019394243136048317,0.03658325970172882,0.0322599820792675,0.04699203744530678,0.048550575971603394,0.03658325970172882,,,,,,,
2001-06-01,0.025999486001249978,0.03340358105622334,0.018256913326894702,0.03341705071207662,0.02951877937723953,0.05099761620770807,0.04357491323679387,0.04570540648400658,0.027360747154519804,0.029521242611221247,0.0408849177131108,0.02918126406297951,0.016246274642660364,0.05000260055033892,0.020547038365245573,0.03674583825848135,0.06304054706199595,0.046236353753854396,0.02549499447760434,0.027363519905523836,0.03298829138695948,0.0052638353404315975,0.03030434624147461,,0.04011289841873877,0.05427281271237135,,,0.006604380817206585,0.03871172315342693,0.005117447251468395,0.04924847375975259,0.055853247106393306,0.012527910799739205,0.05042350401864284,0.04387321829740349,0.021198643777339175,0.018977865580838395,0.017320102030580004,0.03377444346728125,0.04425606343254574,,,,0.036807865569909747,0.0370854010182657,0.02563203220435346,0.040512398342542534,0.047207557696823714,0.023965175246035725,0.04324598535820787,0.054367480963093184,0.007459613963055985,0.061453143031533305,,,,,,
2001-09-01,0.0365005905149669,0.048712212221722145,0.03814199594523889,0.04059345187760882,0.0598570930196154,0.051692118958740985,0.029846600317331946,0.037610451413971305,0.009795886139072263,0.045887148498616394,0.05462309587254873,0.04261978395121189,0.03936476852913137,0.06809793547053927,0.0363976457761907,0.0547407182679987,0.017993369450277914,0.04314521274952722,0.02308803554441636,-0.01260420239419683,0.043392504289640185,0.011719189874920948,0.04120094610086306,,0.015499896454995693,0.05043821525161642,,,0.013398238484736777,0.03632369225193679,0.07105522855736789,0.02461749132150616,0.06198063755105184,0.006055321491882512,0.06440509516481285,0.04127723524747852,0.031655804413562964,0.024652661030437527,0.0077386357113629674,0.02853527396365905,0.014292905250200529,,,,0.05086033322359976,0.03283496910870213,0.05930395383746854,0.03593772334717271,0.04205711107198677,0.03595388160052758,0.0631785796700136,0.06379726690986391,0.03072046776170252,0.05787362237171085,,,,,,
2001-12-01,0.05046069994568825,0.052066508680582047,0.05046069994568825,0.05046069994568825,0.051866915076971054,0.05070698261260986,0.03564678132534027,0.0621323361992836,0.05046069994568825,0.05070698261260986,0.0507960170507431,0.04380425438284874,0.05046069994568825,0.05046069994568825,0.05046069994568825,0.05194834619760513,0.048612795770168304,0.052066508680582047,0.05046069994568825,0.048612795770168304,0.05046069994568825,0.05070698261260986,0.05046069994568825,,0.04885907843708992,0.0621323361992836,,,0.04469816014170647,0.05046069994568825,0.048612795770168304,0.048409201204776764,0.048612795770168304,0.048612795770168304,0.05835222825407982,0.05046069994568825,0.05046069994568825,0.05025710538029671,0.048612795770168304,0.05046069994568825,0.048612795770168304,,,,0.05046069994568825,0.048409201204776764,0.052066508680582047,0.05046069994568825,0.05046069994568825,0.048612795770168304,0.050798047333955765,0.04892030358314514,0.048612795770168304,0.04069797694683075,0.04321381822228432,,,,,
2002-03-01,0.044355483326763305,0.028390393678416847,0.0510783248761701,0.06284890471009033,0.08534240083312912,0.08857525673965788,0.07737401917479272,0.04159795495430579,0.05030629414646888,0.053126437277855126,0.035267757919435164,0.019050355946189566,0.06837033935129938,0.04781352107967909,0.039887093989900334,0.0773461175412207,0.061658766637254545,0.0810886369066086,0.014844719037142259,0.05093728139361956,0.08521584192654708,0.06481398866837,0.03486316860863799,,0.027156794103645802,0.016195143796464927,,,0.09729463711279192,0.06775418071443218,-0.012842253918790276,0.028834500338789093,0.0855097222226366,0.0028567611671010554,0.08670243344524528,0.016587531081576446,0.03829988532759313,0.012709119994865091,0.048184245370780365,0.0885213043442384,0.06602333605690033,,,,0.022764905256572075,0.058368941565125995,0.07936632015126277,0.0798187144188403,0.07450196914753167,0.046564704092563546,0.10153506674203167,0.09746968040608228,0.024474684008480296,0.0366454106073284,0.12498880046245461,0.09091065389087938,0.10058856320308984,,,
2002-06-01,0.02311240313737,-0.007942776133084622,0.012505539323216082,0.044081707940126474,0.06147049395098109,0.060115741009413345,0.028589378284768072,0.07967637727793143,0.020352995090830096,0.028403675150264915,0.01965321218025114,0.026446408330690865,0.03376398828351388,-0.001001700329621837,0.04093888342873514,0.056910611638104125,0.011883328756877651,0.06393930725070994,0.03892670901262051,0.028012569933867085,0.06535219938877089,0.023009423471750473,0.024424196145934232,,-0.009287920234458175,0.04393876890082552,,,0.07313665171178196,0.0459410539977288,0.022687194759295086,0.024048912706703094,0.02120919468280933,-0.030554895158330528,0.07388588604904149,0.04775799301403508,0.027392049055369988,0.031104621736703853,0.03233029934554101,0.05596211366143042,0.030445997434890227,,,,0.06581678254515276,0.023218356554714697,0.07425377296177911,0.0066943991946390976,0.024972919220727058,-0.004803697700531016,0.07627408549103452,0.06168053179827033,0.02471188502879318,0.05443659446412022,0.10126334522730258,0.03155225790329158,0.09763508095218597,,,
2002-09-01,0.04622524299751474,0.043628721544455046,0.033082621748682234,0.046645345712427275,0.06329054054218487,0.04770147281221501,0.036665917457647565,0.058049638504867794,0.04438249643388019,0.03563544538104016,0.04258767855543611,0.04173411807861225,0.053447129166154725,0.02909531616610658,0.05062371833853835,0.04832654507556043,0.02794929559314057,0.0458915622669573,0.062498902240037665,0.05064519471056415,0.06158639891537433,0.05331147969045877,0.041465009429763056,,0.028671055790982523,0.0558161637930899,,,0.04736170662017817,0.056175349934061064,0.05906560566808003,0.039952510623254354,0.05589436320288838,0.00010442793382756928,0.046828422157000844,0.03560277530207146,0.06545275325150325,0.047945986565222753,0.06615426204566209,0.05726745213127246,0.04851588397976955,,,,0.039965413883319444,0.045532459710658175,0.05856391620817929,0.045586194570821206,0.04969770715959712,0.04565985856465187,0.07209338997722053,0.06846602062916328,0.035553015581614396,0.06316280007884449,0.056185574379421795,0.03873106547591554,0.0831580895813929,,,
2002-12-01,0.059424892917183676,-0.013021791822140773,0.04970249379168288,0.03508116237574582,0.06626791471501768,0.05265380256008059,0.011840868699146906,0.044500036499071374,0.027948897841208523,0.0836181974290197,0.039223808095532615,0.04626596682974899,0.06553490799288518,-0.020779413161677286,0.06434160162453724,0.06605717175263931,0.030139049559358498,0.08988258129518341,0.008988792928797739,0.04695228824201166,0.05440787471639722,0.028521070350315956,0.044850241961371926,,0.02111775039823646,0.010595650065762494,,,0.06641975225192896,0.03029889624456251,0.011708585661055829,0.025038817400681895,0.012637732036608723,-0.03163297633706735,0.050066803418228424,0.04479346567340534,0.037245303818377005,0.05377947309845075,0.06402037550635975,0.07424475297166076,0.03961783487582461,,,,0.10538554095907844,0.030042238188865884,0.060812864721354415,0.05413058443384688,0.04075237302584779,0.03219960164719242,0.05142815526672601,0.06775332870567331,0.016691299556139388,0.07144887903350798,0.06914494143434882,0.0480542007326645,0.06948289868215989,,,
2003-03-01,0.048432404992903605,-0.004400885221883231,0.059698561031937054,0.03464079355230905,0.05216395920038348,0.06911883474674603,0.03373462880610139,0.04084791485325103,0.03357497827276651,0.02343553188916535,0.03141801215910807,0.03803105651215126,0.06797557260380226,0.026049865372322224,0.06371291424329135,0.047379781128902725,0.024854305349245324,0.08034233321334186,0.048817773516933984,0.057768342984970064,0.06586982076420843,0.04122540805074285,0.04424166028767114,,0.05127925017232727,0.027377621377461133,,,0.07053770025989226,0.051572747302554484,0.016344473876884768,0.031249565807014525,0.02701187075360011,0.013853048506685596,0.024104971326249097,0.014245300469362005,0.051045034987662934,0.058699899981360326,0.06742358580174736,0.0710049425502378,0.03181272852415973,,,,0.08735519873877068,0.04356145642663106,0.06880905834998965,0.05233394134373347,0.05059778034746652,0.039622191769706494,0.062213281837389944,0.0716184192613198,0.02982110071606635,0.0777702709025065,0.06885325935587622,0.0467813118894213,0.08269610170154705,,,
2003-06-01,0.0420561209321022,0.03402642905712128,0.04076090455055237,0.038714174181222916,0.04076090455055237,0.04076090455055237,0.038714174181222916,0.04076090455055237,0.04076090455055237,0.034117065370082855,0.03924869745969772,0.03828335180878639,0.04076090455055237,0.03924869745969772,0.04076090455055237,0.043242134153842926,0.03621714562177658,0.04840758070349693,0.0420561209321022,0.04076090455055237,0.04076090455055237,0.04076090455055237,0.04905611276626587,,0.04076090455055237,0.05274748429656029,,,0.04750272259116173,0.04076090455055237,0.02737739123404026,0.03712152689695358,0.05382039397954941,0.05177365988492966,0.0618436224758625,0.034117065370082855,0.04076090455055237,0.04076090455055237,0.05966230481863022,0.04076090455055237,0.037161439657211304,,,,0.0618436224758625,0.0362570583820343,0.04441414400935173,0.04076090455055237,0.04076090455055237,0.04594060406088829,0.04905611276626587,0.08958709239959717,0.0362570583820343,0.0618436224758625,0.043242134153842926,0.04076090455055237,0.05270935222506523,,,
2003-09-01,0.010550376994043618,-0.06448486370021005,0.05777379748499837,0.031312900456782734,0.03448434110414816,0.06883609767856516,-0.034648193157316425,0.016833062493111728,0.0464001184465553,-0.01528831799425384,0.03748092774060952,-0.03832396934163027,-0.0029834818950560033,-0.003443598876594128,0.02994639906853843,0.046449581594815395,0.008892780021924007,-0.021744207119469797,0.03784865999946854,0.04394125360018119,0.031078886272539536,0.043474235183390136,0.02993605148225806,,0.01743800453314934,0.0339585664950356,,,0.07647928955495302,0.0309751330659387,-0.037718679792298586,-0.016254668978896634,0.03176436678519206,0.01066714620825387,0.08544879517783234,0.002148902584415196,0.013928904656471319,0.004829791516232183,0.10617000385430807,0.06515170481818995,-0.0002133830526052669,,,,0.03424100559982012,0.05071967586351351,0.04309498023051182,0.06034393968049767,0.03150148013881437,-0.00930978929864823,0.008757545254685637,0.03542854332255533,0.018676630047976452,0.11062862702717255,0.048242058955153336,0.04225914892350236,0.08413721475131783,,,
2003-12-01,0.028854985183535332,-0.032246158666158604,0.02057637958650326,0.012812111733504251,0.032907464725098236,0.04461257964816277,0.020814925168763213,0.02909826877121364,0.02990973818606118,0.02600444677668934,0.019663138820633325,0.03022555123174665,0.026729298358973655,0.023623325515962856,0.03066780267002128,0.026669046046522527,-0.010684088866173645,0.023292864098094786,0.030433477303787256,0.04727777837418496,0.031236579133935405,0.03197671933728968,0.01367887703740854,,0.039584288637476324,0.05574522819795218,,,0.05943741301122718,0.016866948844633398,-0.013269969274977334,0.017923206203041882,-0.010314120350881216,-0.011326629680744492,-0.0188025779336406,0.008370417395885182,0.021931396559784187,0.025114734572683338,0.00856650342603551,0.045685700962639395,0.016213190531455802,,,,0.01642146818771253,0.04425998490911145,0.06790540232730677,0.049952524024908414,0.018033915435382065,-0.00034542209619729363,0.028090801864695106,0.02125497568503757,0.026510830917533014,0.10333046495664382,0.05533067426386595,0.00912892367310298,0.04549054770306094,0.027764161219678583,,
2004-03-01,0.006819819153572694,-0.02894161921308578,0.03714305813771413,-0.004231384217919849,0.03462224765117389,0.060463932605280574,0.01229282044962714,0.023977670493409087,0.02631431577152007,0.01895654227325898,0.014270485791382823,0.014286470192174732,0.03204499130864717,0.013815607577817086,0.04411249505451516,0.017373689321801312,0.021563204018301432,-0.026811770230827956,0.010535966563127781,0.025601417556738008,0.04584968901899976,0.023046689193602275,0.010222074907121605,,0.0133160883249572,0.011334478809546706,,,0.04080155304195196,0.04357086647002892,0.00660267447317942,0.003543103835795791,0.003891210904004072,-0.020271801406226145,-0.005272688937444179,-0.012586388004289208,0.02127669674613212,0.014094829221796256,-0.007014939264652787,0.05254935571995348,-0.006101429619518917,,,,0.05968946026937193,0.03567579177021603,0.03698790812568915,0.013291228048756886,0.00022001764015316957,-0.02575336113753473,0.05701830298586905,0.019657621431841018,-0.018128160927852077,0.023042187118832026,-0.029288184529550478,0.014688429512471322,0.06965994940798216,0.030225181479315442,,
2004-06-01,0.005249748113074579,-0.01000572597706738,0.04062683317091262,-0.0026117537394303634,0.023051954386775167,0.051281354297601035,0.004512976747897087,0.03821109256966768,0.022928967619241566,-0.0033296762095085465,0.007207894276595343,-0.027389455857990807,0.029352820822606242,0.014451622973606157,0.033858550374155624,0.01945282036281955,-0.014903691219946398,0.00676637830969155,0.008704716333630487,0.018295809157617755,0.03681666816333347,0.020646500288586403,0.02413915096136501,,0.010412284629127595,0.0004910767404788065,,,0.03004689788959325,0.03437857521476018,-0.015425562838424046,0.028568874389213437,0.018850492664487937,-0.014607870943338852,0.01538617181136915,-5.543686477563296e-05,0.010843311071093622,0.02369383168195012,-0.00989149369186999,0.046533011278308084,0.01863837308937725,,,,0.062071916015993406,0.01856377909847104,0.01803293096310544,0.012382826661002943,-0.011348962598953051,0.009398964523254618,0.03434829236206906,0.015134863758269172,-0.010381415466340315,0.026248603519598294,-0.041638176499399944,0.012112478739093475,0.0708235794659028,0.03619856044082922,,
2004-09-01,0.031945824929413204,0.010589488644304201,0.025584796981681587,0.009203186014572045,0.04457865455661054,0.04719634374036027,0.00459607296003492,0.04039994170285825,0.0304037133394206,0.01884474478618863,0.024376533269603238,0.012997490716870019,0.0249542339445784,-0.0006333374359000332,0.03356137102012661,0.0280847079602591,0.0071252964241914,0.012714040643011338,-0.0016096806055011356,0.013658195088517979,0.03813466907587879,0.0372404824937359,0.020372490556563122,,0.015819596147056064,-0.011896602953308834,,,0.021561439446189486,0.027123196979992638,-0.008942518022029148,0.021360171796917286,0.051270509769030755,-0.00902487509511908,0.004473080948092221,-0.015290388748683086,0.03415784809265732,0.04832531086912072,0.03497686912745407,0.06211047665291888,0.012204614162002822,,,,0.04070309664212819,0.027942856013680607,0.000314235443190612,0.02549102317904137,-0.008473301422460939,0.002413676454360047,0.064309896998948,0.04088058977612796,-0.004255152887904752,0.021195580498911053,-0.042127821809154815,0.02981847265393546,0.0722244487220772,0.03507019330912785,,
2004-12-01,0.021662985426484413,-0.00805598831189346,0.014374465803161804,-0.015215539087485306,0.024410380795198812,0.061995492225668955,0.004304305865597215,0.043457994811436966,0.034121941862065026,0.03420688215594383,0.017534390812040595,-0.0010595071132120189,0.06394307235556916,-0.002849723144144363,0.04079693263724846,0.030325995987198477,0.001403506666671016,0.0329602238875828,-0.01373286350608589,0.040627130769518585,0.01247577748893888,0.04445502924242234,0.012886510353719828,,-0.018097853299938862,0.0010512375521793905,,,0.06374797520343954,0.031714560682188545,0.010745551400888759,0.040739541780264794,0.054894794012100845,-0.0222716906225434,0.025859527912206533,0.0031631485069690203,0.039464328018139545,0.05663391809473948,0.03163429242535574,0.06753817617737733,0.024460997310086552,,,,0.0581410429392578,0.03002691883831251,-0.0038756387452698864,0.003363446062361816,-0.014868293976117055,-0.0016523603490462386,0.03120705296309343,0.022826851582334197,-0.016794801828299736,0.047442736023870904,-0.022451872511272595,0.01136869020044646,0.06165124985601627,0.034566588949500585,,
2005-03-01,0.005296829233757202,-0.001731439484609488,-0.006880820757024414,-0.0033724177625259165,0.026980993069564935,0.04816246725300238,0.0026668093333454966,0.005569087593410604,0.037679825314945146,0.030428169711843044,-0.004814755445037664,-0.001046945896684806,0.0303763097573037,-0.005739465784305676,0.04057106264582762,0.04135618645523018,0.0026280900440323195,0.04206700265123303,0.009929191586877134,0.03297470953064299,0.011707923307403398,0.039218084868941176,0.016166100228200156,,0.0011077546388535528,0.0001334643761687451,,,0.029266887393858694,0.05803266774998278,0.0004008315710257245,0.044547188817062364,0.06691715657950055,-0.01795662130266575,0.004389383350969152,0.035379063376632366,0.03276436354130994,0.03169903298944298,0.022565379585697737,0.060705522530318766,0.013723521909467816,,,,0.059205641694482974,0.03705916868287875,0.02108840505314635,0.014052642058750899,-0.007095626330622263,0.013759077904192243,0.0592486930051546,0.02043045594376981,-0.015350938705213922,0.050292610571206396,0.0022919450616211783,0.00021878315572124927,0.056661541234577145,0.0397510722560354,,
2005-06-01,0.004768368853524581,0.010341084517273119,0.012052953486315236,0.0066479520396497075,0.03307555138505951,0.04192271471058231,0.006126159588036165,0.03587027997109656,0.0383614626135787,0.027203966600948898,0.020919288579677207,0.0018166609485270923,0.02743499942111137,-0.012218696572752768,0.03472909152385188,0.02416668038807027,0.016894165752909782,0.027566992021878494,0.006801340077701841,0.06895069277072989,0.0177448843801091,0.03798468460357808,0.027188324036579267,,0.006054839285934835,0.022498343784164883,,,0.02234779903457791,0.04032958022396269,0.038298631817594714,0.03929612345691648,0.08016148411894325,0.015652230945821737,0.006048981157592567,0.05080262969426309,0.03262834909039137,0.015715598189866994,0.028334562150213058,0.060604540433324056,0.022790674728477622,,,,0.06411642358907628,0.030889085173578502,0.023092194885598886,0.01785936064605492,-0.0024864447638199448,-0.0024058622080860115,0.06877749963955188,0.02385101623312674,-0.006719405312130937,0.06229477186768317,0.00791962410463381,0.014444492795501212,0.06704335877774968,0.04116851317705105,,
2005-09-01,0.02200670802207606,0.009795645731493474,0.01387565484872222,0.014920086328564765,0.030614451524015082,0.032113194523688306,0.004200930829600632,0.03291365250310821,0.037607863837741055,0.04112283362408346,0.02305966062631838,-0.012789205087464253,0.010852927443840199,-0.012813073807204674,0.03599839368006555,0.03555176467841214,0.03096743412651429,0.03167840348403071,0.014019492789542226,0.045072499987227566,0.024177909879966455,0.027073260141747758,0.014459727902832198,,0.012839702695952908,0.020835659062431275,,,0.024750085507574578,0.03229808808766009,0.017599926275359556,0.04983003815361228,0.041361315109348255,-0.0064963503682498895,0.013533743829754873,0.04697842583968228,0.03348679485250015,0.006494626523576804,0.029004732662147453,0.05453941555165595,0.018528431825564635,,,,0.03590039886485093,0.02556678935572103,0.02972667980508349,0.025461039900163514,-0.0017620676690155513,-0.00800230569946242,0.043444838582755774,0.029121052808876554,-0.0008632939980259185,0.060725208872942735,0.017875557070873852,0.01269248478246766,0.059396293251784395,0.03925162451733242,0.03775753969270175,
2005-12-01,0.0244736214174922,0.00775802821952517,-0.003483442797083279,0.004824753426524429,0.03318224274298438,0.036218828256464,-0.0038798438000024397,0.015643812205270974,0.03430090303727454,0.026684257842022944,0.014927710944218665,-0.0069073083167069775,0.0043976515836379815,0.0033102417761659095,0.025031657021270633,0.028857407657739063,0.02350892582262808,0.026449016055943377,-0.004234241485838783,0.022221229605396683,0.013110934945421,0.038154157703724816,0.010676179326593224,,0.015825861433782208,0.0007174739890816914,,,0.018492982410572862,0.03535785768537731,0.005785205275321849,0.03946921968946339,0.028041778613737176,0.00841949564361371,0.0010037587417735968,0.03556826571265929,0.03542065335330877,-0.021647286625129707,0.0432527819476315,0.024269863772717688,0.014734721308533493,,,,0.034336879022172834,0.018251978890719802,0.03685288534223189,0.01471532386030294,9.387926437364862e-05,0.008819588478705948,0.056587503778965896,0.003798716546804101,0.01102718833862354,0.052223172108180956,0.006522070545027836,0.01102556157176456,0.05717695824914343,0.03818531040386881,0.03238194800923814,
2006-03-01,0.03445860370993614,0.02999313361942768,0.03445860370993614,0.03445860370993614,0.03445860370993614,0.03445860370993614,0.02999313361942768,0.03166291490197182,0.03445860370993614,0.03445860370993614,0.03445860370993614,0.03445860370993614,0.03445860370993614,0.03166291490197182,0.03445860370993614,0.03445860370993614,0.03445860370993614,0.03445860370993614,0.03166291490197182,0.03445860370993614,0.03166291490197182,0.030470330268144608,0.03445860370993614,,0.03445860370993614,0.027658803388476372,,,0.030470330268144608,0.03445860370993614,0.013411165215075016,0.03166291490197182,0.017415283247828484,0.030470330268144608,0.030454488471150398,0.03445860370993614,0.03445860370993614,0.03166291490197182,0.04256032779812813,0.03445860370993614,0.03166291490197182,,,,0.03166291490197182,0.03445860370993614,0.03445860370993614,0.03445860370993614,0.03445860370993614,0.03445860370993614,0.04065186530351639,0.03445860370993614,0.03445860370993614,0.020763596519827843,0.02999313361942768,0.0271444171667099,0.03445860370993614,0.03445860370993614,0.04065186530351639,
2006-06-01,0.031038640066981316,0.01906503364443779,0.031038640066981316,0.031038640066981316,0.03137442469596863,0.031038640066981316,0.026898488402366638,0.026596974581480026,0.031038640066981316,0.03137442469596863,0.031038640066981316,0.031038640066981316,0.031038640066981316,0.031038640066981316,0.03137442469596863,0.031038640066981316,0.03137442469596863,0.03137442469596863,0.031038640066981316,0.031038640066981316,0.031038640066981316,0.03137442469596863,0.03137442469596863,,0.031038640066981316,0.012020221911370754,,,0.026596974581480026,0.03137442469596863,0.012020221911370754,0.026596974581480026,0.031038640066981316,0.031038640066981316,0.012020221911370754,0.03137442469596863,0.026596974581480026,0.031038640066981316,0.21932445466518402,0.03137442469596863,0.03137442469596863,,,,0.03137442469596863,0.03137442469596863,0.0350605808198452,0.031038640066981316,0.031038640066981316,0.031038640066981316,0.03486258164048195,0.026596974581480026,0.031038640066981316,0.03137442469596863,0.01906503364443779,0.024760078638792038,0.03137442469596863,0.03137442469596863,0.04359738901257515,
2006-09-01,0.03162304311990738,0.006219337694346905,0.03153505548834801,0.031617894768714905,0.03490903228521347,0.031611114740371704,0.019179299473762512,0.035055190324783325,0.03362714499235153,0.034914180636405945,0.031617894768714905,0.031617894768714905,0.026538118720054626,0.03162304311990738,0.034456316381692886,0.03207198157906532,0.027543216943740845,0.03501816466450691,0.031617894768714905,0.02608918398618698,0.031989142298698425,0.03490903228521347,0.03501816466450691,,0.031617894768714905,0.006930225063115358,,,0.026669016107916832,0.03501816466450691,0.029642334207892418,0.03501816466450691,0.024351296946406364,0.016627708449959755,0.02848651446402073,0.019692854955792427,0.034914180636405945,0.0265432670712471,0.09785807877779007,0.03501816466450691,0.019631359726190567,,,,0.03490903228521347,0.03501816466450691,0.05174954980611801,0.03207198157906532,0.03153505548834801,0.034539155662059784,0.029443921521306038,0.019636018201708794,0.02622504159808159,0.03501816466450691,0.031617894768714905,0.019179299473762512,0.044798970222473145,0.03490903228521347,0.055225688964128494,
2006-12-01,0.03069473777800561,0.008664384834244584,0.027841374522552073,0.008664384834244584,0.03192039715129525,0.027116583939988177,0.015611656360929614,0.04215811594147903,0.028708726735318667,0.053726783082680266,0.03069473777800561,0.027841374522552073,0.031104527378517436,0.027841374522552073,0.03069473777800561,0.03069473777800561,0.03291617409504254,0.027841374522552073,0.027841374522552073,0.025268530526088042,0.03069473777800561,0.035875194019998,0.03239345513545027,,0.021794556153329137,0.03392063699433068,,,0.042639590030013684,0.0321426876061985,0.00015459277226565938,0.032617662239371854,0.025494476545885127,0.035624996485392614,0.029392329894624102,0.004741892110289485,0.03258650163767962,0.02474711173627031,0.09648218032297609,0.04530066504062905,0.032810708741601205,,,,0.014332437467588968,0.03258650163767962,0.09648218032297609,0.03069473777800561,0.021794556153329137,0.03095633058162732,0.034283536878304245,0.02128506878925568,0.0345322737749277,0.042427283568964635,0.029965020135227748,0.03150575605111047,0.06215845578752138,0.03266985782033863,0.07770318533732631,
2007-03-01,6.633588667972947e-05,0.010748524844759511,0.012068117509402666,-0.0031875059139987215,0.01767021886840519,0.03833280487200954,0.025618691963634352,0.03283599130614557,0.01718505554811319,0.04525838757853298,0.017771775467867772,-0.011608948339699214,0.04133480501279758,0.016483702582550525,0.03287872446714107,-0.00516203137497636,0.04409148110172991,0.041354649265444084,0.019262825889021947,0.009426676764261607,0.036910700150702726,0.046721850516539994,0.027281510944855297,,0.015223269418065823,0.01143213366159309,,,0.011051026645495012,0.09913582668590476,-0.008664334576746209,0.04604082104165083,0.00011108469099271004,0.002206866477761654,0.03829112763590458,0.0587768490440227,0.04694109327681569,0.03111638427357009,0.0662199627346015,0.06656312668188331,0.03693530120894714,,,,0.04416856736805111,0.0435783043336917,0.03546375396714648,0.020800911047225763,0.005612104919666386,0.022302382917014793,0.06307058622035457,0.014717149342734088,0.03687230183707169,0.05832873198158927,0.025567942525713615,0.051423851241534715,0.06949591150308292,0.07592364985857841,0.0588166054049012,
2007-06-01,-0.00421540776492424,0.00967954710331839,0.002429898737676441,0.015307614234126568,0.018571631263599345,0.0390436992130767,0.029242372540023487,0.04632837057831859,0.022782951371551282,0.025898126948561515,0.0132727475240385,-0.00427068460947252,0.04469421162557814,0.010812479760329466,0.04661490977716541,0.002488922043059318,0.026714919957376005,0.04519514000975464,0.00641968490291277,0.014274166068636223,0.03592843443577694,0.043524968268795615,0.03247149585287703,,0.014818477285529943,0.02252891224188158,,,0.0002577027569839928,,0.015414710078102283,0.043744533578918735,0.009343145675564742,0.029576785637326148,0.041302582068311854,0.03392563799265453,0.04768724779757675,0.029374160991794174,0.05643755320944846,0.05287389193824741,0.028169273152250505,,,,0.04826793461036019,0.036531528983194186,0.019683774158099396,0.013855255211365953,0.004239932652758652,0.012176401293047598,0.06862257561236755,0.012505355531792297,0.02638473379885943,0.04723982479122783,0.019286986180970977,0.047468334375295324,0.08842335687226303,0.07348818740380661,0.06131521822880968,
2007-09-01,0.0067683442074394735,0.01959600305633647,0.01260833471615361,0.01936224240787554,0.007926484063163399,0.043448497958251904,0.02047172786123183,0.04750143804033923,0.01743779819244673,0.03722807651233913,0.01327149169659296,0.004889947696643828,0.027073105966772062,0.0017353633931462527,0.053698048871734516,0.012054609685537232,,0.014875324933035101,0.018744046674297844,0.025236043369926155,0.028069920616227803,0.05157482518797109,0.03356734114930245,,0.028423092277609464,0.02182661451468874,,,0.02499537485153893,,0.019771466481932294,0.023941282470505712,0.004116964764400031,0.010965706766766696,0.04641903570456537,0.03692075317232841,0.004489923033315302,0.03356152719519759,0.04483898425665728,0.05037308649949926,0.03781210791274268,,,,0.047982865178549924,0.03522657368145545,0.030054940677105162,0.021054001791602012,0.010594813536687422,0.012397097658309611,0.06683577032327434,0.015417069456419264,0.019607346339996234,0.04713591264331408,0.020035803755636742,0.04586688677746576,0.06792874609303691,0.06940300266977174,0.046404378241959025,-0.0011621427102597082
2007-12-01,0.004562263135307511,-0.0038035502501739377,0.017667477225888295,0.024068789824924153,0.024517796219009718,0.03985504789741439,0.026435711085454092,0.05663635969657366,0.027794832036784657,0.03085607624065836,0.021710927298969673,0.018767519039165636,0.03468298082183173,0.017683100682858027,0.04526473068008731,0.022557431637059176,,0.009294204031781671,0.023520617133119464,0.03949686209762197,0.03296385376875871,0.05434086455486924,0.03498688893930332,,0.04060584016380664,0.0048811201460998484,,,0.030282729952875075,,0.027399383457271415,0.037014254789626264,0.030645206847822917,-0.004168207891467184,0.03158898673812961,0.04601823294978169,0.03992683897898217,0.02645719716090706,0.048787940926018625,0.057791941266208964,0.0058638487126470625,,,,0.03672385322822122,0.029805833654825285,0.03477409121227161,0.021714898974154483,0.0268391637954546,0.02674291587021427,0.05935210732378925,0.006097008824851715,0.04732546670411374,0.02161334343781336,-0.001343629180515187,0.05351033061566593,0.07864434324421783,0.05972407947695159,0.0713734536822546,-0.004555500527945482
2008-03-01,0.007528081930522747,0.02244204243551481,0.014516058467866093,0.024506469433627078,0.03396484501374497,0.04699498944491261,0.025433027922778885,0.03354721240361756,0.021821958674565482,0.04808257243385891,0.023158244824946703,0.013408774013353246,0.03987984003786056,-0.016360655122511242,0.03509065320646325,0.0012353797772226714,,0.040869368224239096,0.02443342166975641,0.037353195083374036,0.034575533541333,0.058415817203588544,0.020600112803209263,,0.023073389442778824,0.022186962449893707,,,0.012323894340191021,,0.011096518216256962,0.017141536845496165,0.03799440601842761,0.016940070800784312,0.050394562433075364,0.05303642348760235,0.022032650005738202,0.023535114346140428,0.048937221986137557,0.053879673309744455,-0.005568886615236683,,,,0.040892911401800174,0.035643163567670604,0.013891431143951178,0.020672103148859016,0.012947456653090118,0.0038941461720149364,0.034341075466188614,-0.013439908173370783,0.015673016082749253,0.026295134656848306,0.036240503327855646,0.05485599970667843,0.03463955695638359,0.06213003436981751,0.057696625371345636,0.014038472705015697
2008-06-01,0.03308740878191235,0.03582200383961135,0.03308740878191235,0.026483358425568145,0.07265252413192674,0.004748754895107247,0.03331245020764451,0.035512924712737065,0.062214627049822786,0.02809389026306175,0.03308740878191235,0.03308740878191235,0.03338557886708535,0.03308740878191235,0.033322125329353185,0.03308740878191235,0.009413085594003766,0.04332526104496032,0.03085802430131407,0.06673177545365076,0.03598359172761135,0.04139444085806539,0.043394793745519016,,0.026483358425568145,0.043231098366429174,,,0.015114684640803991,,0.05737670620844642,0.03356785181069028,0.013471541339194692,0.03306657802865299,0.07927388881895531,0.05024600558256948,0.037888079235679634,0.04548645771080458,0.036663608961601236,0.05933390107532694,0.04220223697130118,,,,0.037888079235679634,0.032556477948615825,0.03308740878191235,0.03308740878191235,0.026483358425568145,0.03308740878191235,0.039672054490294,0.03380359976645831,0.06244934359726362,0.028225681827976697,0.0433855533542756,0.06586657215663706,0.09034277780918128,0.04407843449498459,0.08195399495578551,0.01869415647655449
2008-09-01,0.03128229984894112,0.03128229984894112,0.02999970573080841,0.025342243822334253,0.044319555503740886,0.042258017049107456,0.0324903888790887,0.05283873963083798,0.03811925754817659,0.032460641322034973,0.02999970573080841,0.03128229984894112,0.0324903888790887,0.03128229984894112,0.03282744562692837,0.03128229984894112,0.013312804579291744,0.044514354188468185,0.02999970573080841,0.05259413234141864,0.037517208006009696,0.03845631429601626,0.03406400037509667,,0.0209176461933343,0.03710735659415376,,,0.07049059995898882,,0.02842362999957961,0.03222169765707254,0.017843118281926765,0.03128229984894112,0.05226761156189566,0.02773465138910869,0.03128229984894112,0.05754637362586579,0.0057452112756056885,0.05343633944108435,0.03985181677188731,,,,0.03222169765707254,0.03516684179768796,0.07095260351652977,0.031039652974924944,0.0209176461933343,0.03128229984894112,0.04257090213812191,0.02929147469829851,0.039613665784628264,0.008329247809213468,0.040439061280672164,0.05408311661160476,0.07320315023595061,0.04054016881579136,0.0689123807921399,0.023060474128667102
2008-12-01,0.03119643543426819,0.031456600534342065,0.025766221311790054,0.020294328514377333,0.03220789257672329,0.04080517169156346,0.03421359632403065,0.0592264608436831,0.04547652543761464,0.03558971835416604,0.01972727366271667,0.00672376152148413,0.034458237614195225,0.03119643543426819,0.04356707582041474,0.030630120902503413,0.04157066582971069,0.04479418539794581,0.031456600534342065,0.061930024972152595,0.04796657706191887,0.04233128162977253,0.032143096167078763,,0.019987438762790573,0.04447962842876448,,,0.025592900264229813,,0.042453685099338265,0.030942936500799784,0.012027338022519122,0.03522334167956881,0.037168837206639965,0.04317629834534688,0.03119643543426819,0.04805497539174256,0.06477293539928987,0.058319783020282345,0.043658437865804235,,,,0.031456600534342065,0.032752588428670584,0.06700250949406644,0.03176349028592888,0.019987438762790573,0.0377033737828865,0.04010287349851897,0.03812919718922452,0.045724960952681616,0.045344625014286453,0.03899856276613377,0.05796093254618513,0.06380702596865037,0.03996761922323853,0.06477293539928987,0.03038043417141024
2009-03-01,0.033703163266181946,0.033703163266181946,0.033703163266181946,0.029512282460927963,0.03404182195663452,0.036104217171669006,0.036104217171669006,0.036104217171669006,0.036104217171669006,0.036104217171669006,0.033703163266181946,0.03322788327932358,0.037500347942113876,0.033703163266181946,0.036104217171669006,0.033703163266181946,0.036104217171669006,0.036104217171669006,0.033703163266181946,0.036104217171669006,0.036104217171669006,0.036104217171669006,0.03404182195663452,,0.029512282460927963,0.03404182195663452,,,0.036104217171669006,,0.03404182195663452,0.03404182195663452,0.029784558340907097,0.036104217171669006,0.03404182195663452,0.036104217171669006,0.036104217171669006,0.036104217171669006,0.04238741099834442,0.08845701068639755,0.03404182195663452,,,,0.03404182195663452,0.036104217171669006,0.033703163266181946,0.033703163266181946,0.029512282460927963,0.03404182195663452,0.03404182195663452,0.03404182195663452,0.036104217171669006,0.03404182195663452,0.036104217171669006,0.036104217171669006,0.036104217171669006,0.036104217171669006,0.06200212240219116,0.04695124179124832
2009-06-01,0.025798510760068893,0.025798510760068893,0.025798510760068893,0.025798510760068893,0.030705487355589867,0.029719408601522446,0.029719408601522446,0.029719408601522446,0.029719408601522446,0.029719408601522446,0.025798510760068893,0.025798510760068893,0.029750075191259384,0.024011248722672462,0.029719408601522446,0.025798510760068893,0.029719408601522446,0.029719408601522446,0.025798510760068893,0.029719408601522446,0.029719408601522446,0.029719408601522446,0.029719408601522446,,0.025798510760068893,0.030705487355589867,,,0.029719408601522446,,0.030705487355589867,0.030705487355589867,0.02270766720175743,0.025798510760068893,0.025798510760068893,0.029719408601522446,0.029719408601522446,0.029719408601522446,0.02785952389240265,0.029750075191259384,0.030705487355589867,,,,0.029719408601522446,0.029719408601522446,0.025798510760068893,0.025798510760068893,0.025798510760068893,0.030705487355589867,0.030705487355589867,0.030705487355589867,0.029719408601522446,0.04477684572339058,0.029719408601522446,0.029719408601522446,0.029719408601522446,0.029719408601522446,0.030705487355589867,0.030705487355589867
2009-09-01,0.02661486156284809,0.02661486156284809,0.02661486156284809,0.02661486156284809,0.0314960852265358,0.028825197368860245,0.028825197368860245,0.030699843540787697,0.028825197368860245,0.030699843540787697,0.02661486156284809,0.02661486156284809,0.020345281809568405,0.02661486156284809,0.028825197368860245,0.02661486156284809,0.030699843540787697,0.030699843540787697,0.02661486156284809,0.028825197368860245,0.028825197368860245,0.028825197368860245,0.030699843540787697,,0.02661486156284809,0.0314960852265358,,,0.030699843540787697,,0.0314960852265358,0.028117354959249496,-0.017070181667804718,0.028825197368860245,0.028117354959249496,0.030699843540787697,0.028825197368860245,0.028825197368860245,0.03721737861633301,0.0827632024884224,0.0314960852265358,,,,0.028825197368860245,0.028825197368860245,0.02661486156284809,0.02661486156284809,0.02661486156284809,0.028117354959249496,0.0314960852265358,0.0314960852265358,0.028825197368860245,0.028610188513994217,0.028825197368860245,0.028825197368860245,0.030699843540787697,0.030699843540787697,0.0314960852265358,0.03488299250602722
2009-12-01,0.02969314157962799,0.02969314157962799,0.02969314157962799,0.02969314157962799,0.02969314157962799,0.02969314157962799,0.023713642731308937,0.03434579446911812,0.02969314157962799,0.03384964168071747,0.02969314157962799,0.02969314157962799,0.02969314157962799,0.02969314157962799,0.02969314157962799,0.02969314157962799,0.03434579446911812,0.03434579446911812,0.02969314157962799,0.02969314157962799,0.02969314157962799,0.02969314157962799,0.03434579446911812,,0.02969314157962799,0.03434579446911812,,,0.03384964168071747,,0.03434579446911812,0.02969314157962799,0.014886895194649696,0.02969314157962799,0.02969314157962799,0.03434579446911812,0.02969314157962799,0.02969314157962799,0.036599792540073395,0.08589295297861099,0.02969314157962799,,,,0.02969314157962799,0.02969314157962799,0.02969314157962799,0.02969314157962799,0.02969314157962799,0.029438981786370277,0.03434579446911812,0.029438981786370277,0.02969314157962799,0.03434579446911812,0.02969314157962799,0.037905097007751465,0.03434579446911812,0.03434579446911812,0.05941662937402725,0.03434579446911812
2010-03-01,0.006773736087209851,0.008566511729384182,0.0031343344745001283,0.007605557470240754,0.01250624586913367,0.03883326773121558,0.03239660288501097,0.04261769367714296,0.015040277723190403,0.03092229221064925,0.004992267371627493,0.01328808476606912,0.030599439798536333,0.005346872815595343,0.04368283575180352,0.012786109874683623,0.009026721705588988,-0.004492909262373354,0.009869911922119149,0.02686090090185289,0.047486539495389085,0.037084035367834056,0.026562399348196396,,0.0250315660871394,0.015196678425129562,,,0.031636323026180135,,0.013469603014266742,0.01931012061419693,0.003419329693044223,0.01349729887111349,0.021365284277161375,0.04078293740325213,0.017771063888950524,0.04060401787918243,0.03327708933729897,0.04025410506463355,0.017876336453694474,,,,0.027118349923442763,0.03437252574528754,0.014063046649403634,0.01252648658918182,0.01199666079160825,0.013232222846883846,0.02894478505766115,0.0048130578660569015,0.026539669156895807,0.03171300443493442,0.01626686851657959,0.03983955398157505,0.06866622785966311,0.047673686117856356,0.048662259509014025,0.024799312584652507
2010-06-01,0.004463287783687572,0.006419899003088362,0.0011352223155616731,-0.0028957569485095883,0.004285535445770583,0.03966825763838826,0.02209850281888873,0.02452947496829828,0.012975722312608374,0.01846281653012635,-0.0009893126860355903,0.00897251151848243,0.01708736328297505,-0.0010098813959070327,0.031375727353331835,-0.006538652384264748,0.028763537192213938,0.026229059451324747,8.522432821226879e-05,0.02601760154844099,0.045561920292834734,0.034164076979790174,0.022440819936645262,,0.02185096353538647,0.013719786117722487,,,0.011941156383971141,,0.002263978242916241,0.011780238709870817,-0.006731475111838972,0.010346854298517583,0.015130314389430586,0.04193515613357913,0.0070283058443493295,0.03983129167963848,0.023457445630467408,0.024181454913398653,0.01178031940427688,,,,0.02398450127208443,0.03179675273730346,0.0105629471308829,0.007049975674407874,0.009599852748476056,0.010320690930477066,0.027315392828950187,-0.001289284353608304,0.01655189442961049,0.024752887233754576,0.015064754523256355,0.034872076447650974,0.06276336685938347,0.05153397284734079,0.033986882135132734,0.018338896958104638
2010-09-01,0.009792790559010188,0.0169772065639153,0.011868980754847507,0.004403916700932038,0.012591557348381051,0.04116132072918664,0.025016624077607838,0.05262225978954672,0.025294104113803315,0.0402627207496848,0.0008160593675709315,0.011221999682026277,0.018206888478457323,0.009450467952096997,0.03978242581777522,0.007230964656518868,0.037453046582576636,0.04079923060967812,0.005195059488546831,0.037005978739894,0.04001840272840482,0.0304587316683379,0.031575375352934414,,0.01842700532018698,0.011320297648611099,,,0.04433181830749064,,0.014603579610659027,0.013559093525775332,0.008218904478837285,0.021242066552030453,0.024162303768637528,0.05704941544527986,0.007257960000812061,0.04231632091873336,0.03531008770087899,0.02590916547157747,0.012643160626882574,,,,0.022377814062721116,0.03347802722256844,0.012600206301966487,0.019113947262839468,0.009460523174229428,0.023095402047192296,0.027884461429097854,0.005785070373299557,0.024764143656040388,0.03659500955763193,0.021039082786464682,0.041336682152018044,0.07229491764329339,0.05113616363513945,0.03949825691931876,0.013167091327098555
2010-12-01,0.004290065856296637,0.022038366995495887,0.009713783264732717,0.000669531288119318,0.020729566103161668,0.05382675968997822,0.03910433365073223,0.0567298741605166,0.02780580415838717,0.031695817962064055,0.0036674777926783116,0.0106500816498489,0.026492480137443555,0.006078637636634615,0.056101307085517825,0.0036812066719424203,0.060004653429537126,0.024069391959020407,0.000389460174799252,0.046569531040210534,0.045875148350478304,0.03915132073068798,0.04231701598871704,,0.011164920758177852,0.02070495501965854,,,0.04662772064737454,,0.008913586425907258,0.014887219908440776,0.015388739608738176,0.012307470235140464,0.03040525760950155,0.08051467416366402,0.011322410266058895,0.05493837326923909,0.052092947006102334,0.02245762535425082,0.023785938278551896,,,,0.019080379125532662,0.03684316955439303,0.004373657440224515,0.023272031595348255,0.009289899687625135,0.017078878096273543,0.02440214234265206,0.005651540671600207,0.03221840358852091,0.037465877115317146,0.025710048097277137,0.05704583709328834,0.08980800356541847,0.07618853875018669,0.04295482296088489,0.021939387269864698
2011-03-01,0.015709689007593494,0.029736671826918193,0.010315659941253082,0.01196282038638106,0.016809972350842247,0.06443079072473472,0.02201007129571095,0.04954130567255385,0.013606564151297315,0.026584204590720372,0.007874089286258963,0.028542418054855242,0.017444408527314683,0.020443655119297372,0.05450802429889655,0.01132784689182067,0.023283199870470922,0.05483886110164399,0.0015305016924320471,0.03831719535067301,0.054367612098746146,0.03458075054850046,0.025503866314688768,,0.022606233577626596,0.016711537735810987,,,0.020173298180174118,,0.0006792220574626525,0.015180234008341644,0.004063905257889437,0.007257231510026216,0.0361113308558612,0.0764273618190182,0.009170772917151463,0.054196046168761405,0.04670029341008343,0.024422108618679682,0.01599299718994314,,,,0.026527025184292147,0.04327829530717886,0.01147037789843343,0.03020410805578812,0.02097421799134422,0.02163233811160793,0.028612282839591215,0.00613923474123861,0.02530446332997421,0.01963559132718481,0.008080728109114647,0.06459811832262477,0.083420076516647,0.07327617884121142,0.04740246116920796,0.016419988729118647
2011-06-01,-0.0007624395792079984,0.03901791084833967,0.022230462228327547,0.01805536272604068,0.03179170450262889,0.06897066511863834,0.017223841203626196,0.02666186485396481,0.01454954682903861,0.034182612037929834,0.03024498037456315,0.031942811351207266,0.037588911124835235,0.011679286971047005,0.04288498659236857,0.023796178282611432,0.031344384185051526,0.028479438536541526,0.01924861700295723,0.02938487971264252,0.061199899973976124,0.06430164558664558,0.04243479574599578,,0.025718399384940267,-0.0037878006134518852,,,0.025856281589320622,0.0611197931883823,-0.013325752439134801,0.014028241411715261,0.0037585430375609583,0.016431849952775638,0.019830157831138603,0.047798481297887066,0.03659701195059402,0.06617415179168085,0.039630432759550284,0.03384891140904292,0.017102394783064696,,,,0.0282029838973978,0.034686249614776656,0.009634543353644923,0.029207148909270557,0.015924788896824353,0.018175197283574404,0.010644012262663302,-0.0014158450684838883,0.017749646177225648,0.03031419347244184,0.027565849184304395,0.07119571576401874,0.0634537869428531,0.05360257513607095,0.055819784342809126,-0.012990493204571392
2011-09-01,0.014798101673000582,0.02150258763853549,0.00013462170938317262,-0.0006103257405322943,0.010836834203032955,0.038450583324684505,0.0024174252047004467,0.026448050398994016,-0.002629057222724562,0.017936192268402405,0.00047517237983358776,0.01782106710711311,0.005618683292610941,0.024533348998285527,0.037845921968367356,0.01803276822757278,0.023656866897007137,0.015432793682700311,0.009654349407100696,0.021756573652841324,0.0417893871255529,0.038570480986527114,0.0350613991305793,,0.014183872449083413,-0.011486123603923468,,,0.017349311813075804,0.0534678024667203,-0.0266018572446053,0.01436509011075983,-0.015561312790822344,-0.004339721703933717,0.02929846058239337,0.06590796372236704,0.012920022753850373,0.056040329893175964,0.02598570684198988,0.013610313790644273,0.014325608284876994,,,,0.021558235113086494,0.02364694832855387,0.003655696240377584,0.012794565193207647,0.0049683532073324385,0.027242138975848883,0.02528642047367105,0.0034336320346802997,0.014399481685718222,0.004137666087351715,0.020795288500934404,0.05251818238580061,0.07385947727056745,0.050911341212039544,0.0036562706919835725,-0.013541119730280273
2011-12-01,-0.003873524590315055,0.01959850874733009,0.01324000920283196,0.01761118984944136,0.015360389451197205,0.03391096282870022,0.012748017177363874,0.034224557724305125,0.025266796393688246,0.039220202365435206,0.02241431394672857,0.02752452262342108,0.015361317105973956,0.024465627066933684,0.03694932223993509,0.014686605853485331,0.05207903364711286,0.03751660307940309,0.024277458703918023,0.03448829086265379,0.03048307452266147,0.04503060348411877,0.03213463177316667,,0.025163656707388127,-0.00712124341113375,,,0.055623855534260094,0.035141685986671216,-0.010687701895088933,0.011441019535146603,0.015730960196698986,0.01184426583707284,0.028386254937332798,0.07136378503671349,0.01977319140638454,0.03786313437801277,0.042529248098949375,0.013648549143723194,0.024438462076516534,,,,0.03893691901059265,0.03157965053104471,0.018199817864612364,0.027727922458751757,0.018513487188223838,0.036838379980157175,0.025429666574843777,0.0075416405966372635,0.03181420347907473,0.046550694561022364,0.03796052105889833,0.038981937530473035,0.06816885394346366,0.068431968266483,0.004081626386162758,0.015346239691544597
2012-03-01,0.0123829841723562,0.025333414061458028,0.019004251917216573,0.02984289321330778,0.015857526674041347,0.062242821243655155,0.033878056926784555,0.04408411333741996,0.021382542894327276,0.042647453011142374,-0.001940634715733697,0.024817913738402406,0.012838199778942634,0.038289074289341425,0.057049476810437705,0.02519638499287933,0.02682037584016675,0.016202338333991297,0.046590487191846344,0.042495675478219606,0.054795351470759986,0.060928710114235306,0.03718109430381606,,0.01742072387691549,0.0009776157273614647,,,0.03592434546183252,0.07048431268280385,-0.009783318237437187,0.0019355558055101992,0.017107643761967325,0.003861707811725508,0.02061064729811009,0.0715060944778348,0.0473920316379917,0.033288845489038016,0.04793536836499451,0.011610767618388746,0.03210768500342473,,,,0.05490967769123041,0.039818536875586355,0.030994445435369215,0.04794309150768757,0.03502695148747135,0.028328933661970222,0.03491959114621856,0.00846513198255595,0.05654646963560548,0.01892755612810947,0.042587153084447424,0.04279828646121962,0.04449328049376801,0.06671711536538918,0.021336869935345653,0.012396036183521777
2012-06-01,-0.010747720121546678,0.03318873947348557,0.020540164436577215,0.026015379331682627,0.021995869642951405,0.06469259943346968,0.04008746218981611,0.0324829293408001,0.015949160258552912,0.010357772401605804,0.025512851208137323,0.04030966601814658,0.036429202725735334,0.04169282255297669,0.02779874927367343,0.01558542992448665,0.026678545418313503,0.008733539887820729,0.0290225644984799,0.03330113650251614,0.052996417442478364,0.06555589380593677,0.05485355460429068,,0.028479626813418472,0.012985026221815615,,,0.024146592760817362,0.06360194090587705,0.006269472513669091,0.015133621263375361,0.005177213012051372,0.003983288854350917,0.011095096647737624,0.07309303935204059,0.04752022102426513,0.040614604218436746,0.03841051968536133,0.03561153465762688,0.029239592836770467,,,,0.03427090697044297,0.023417385374495638,0.012497019918440492,0.017685571501051427,0.019757501978636308,0.026295719777788943,0.03852017811574433,0.007480211256703382,0.028939960853833383,0.010389093601518604,0.04060322060405886,0.06769469119722088,0.052077465731561044,0.040757127839144154,0.0458536691754819,0.01686684041718555
2012-09-01,0.009067702861588641,0.03768459236919223,0.03997082487192792,0.042071875953636366,0.018613346648747697,0.04495526323553153,0.01637715125704516,0.04096125612070866,0.015982613447966736,0.01788326263067795,0.013014264220400125,0.030934450538510946,0.01153359436029266,0.03982906112077187,0.011342001801864406,0.016369907914241193,0.01596319990489438,0.017764437116317523,0.014713993536088602,0.05330366013749988,0.043811743078646076,0.04683871727518418,0.015025842208587778,,0.02059017396952815,0.020440880139111075,,,0.018614477924060353,0.08109129479800578,0.04736514319797343,0.012590432955959133,-0.02920926793113134,0.014096771175025441,0.013194090685684584,0.017833994848045917,0.01864356269355325,0.06900404680293099,0.06478022761153367,0.02347528694882616,0.02451776238276951,,,,0.013316200664791902,0.015382745192941588,0.014356594582569054,0.015702327694028666,0.019871258941880906,0.03076358471175926,0.0166666343154314,0.05630394027681097,0.02660967218484784,0.013108142210091373,0.03980399040560067,0.08704929522398633,0.050897668615845985,0.03960344302468619,0.05158317663401205,-0.011335405551786849
2012-12-01,-0.013533026398189568,0.010984105838268678,0.01808860709227222,0.03407082853614274,0.008704622195908522,0.0613162216018376,0.04035971958777863,0.015303491235506523,0.019489618604010297,0.0011353050946182031,0.004110902509694851,0.028322616413527194,0.040108794446679606,-0.0027457723577372388,0.020859079733360195,0.002370220485095532,0.029260004190523693,0.005425631973697216,0.017676446756538802,0.02149391145755298,0.054492186062704374,0.014715231013204301,0.011937863284851847,,0.02318694044106344,0.01805755194061408,,,0.025075880074839192,0.06628531200929998,-0.011180294984108467,0.008062421867239372,-0.0011051992330787545,-0.0012834118284048186,-1.2547788296049222e-05,0.07907573827746454,0.030602040592190384,0.06815136289088157,0.04634891606059901,0.015014190067612313,0.004789693804183161,,,,0.013885466257036008,0.012770600309366765,0.01569394959483344,0.005719274414144938,0.014782376072957983,0.0393589055964899,0.023179713434270853,0.014385473568143242,0.008961605809126963,0.019564258257998162,0.008525685387828935,0.07037304062598396,0.03705852754434868,0.05569573456278397,0.0565463903727075,0.0072208908602892615
2013-03-01,-0.03661221265792847,0.017470695078372955,0.017470695078372955,0.017470695078372955,0.017470695078372955,0.038702964782714844,0.030044972896575928,0.01232832856476307,0.017470695078372955,-0.013336562551558018,0.017470695078372955,0.017470695078372955,0.013474639505147934,0.030044972896575928,0.028126923367381096,0.017470695078372955,0.017470695078372955,0.017470695078372955,0.017470695078372955,0.01105512399226427,0.030044972896575928,0.030044972896575928,0.017470695078372955,,0.0007427758537232876,0.035214684903621674,0.030044972896575928,,0.01758693903684616,0.03822031989693642,0.007044385652989149,0.017470695078372955,-0.013336562551558018,0.0007427758537232876,0.017470695078372955,0.02155076339840889,0.030044972896575928,0.06065398454666138,0.03295936435461044,0.017470695078372955,0.017710469663143158,,,,0.02255697175860405,0.0007427758537232876,0.030044972896575928,0.017470695078372955,0.017470695078372955,0.017470695078372955,0.03731811046600342,0.009859862737357616,0.017470695078372955,0.017470695078372955,0.015094572678208351,0.06098674610257149,0.037518225610256195,0.010435844771564007,0.03216927871108055,0.006697016768157482
2013-06-01,0.01580718433079043,0.025698564108969667,0.015313857355547906,0.017150701792657982,0.011188975658884635,0.03039471650447892,0.03978323782731077,0.03745326521106693,0.0017713831598827798,0.015884714026113054,0.01203037986200467,0.05128076809287449,0.0051680570094319546,0.03889938013724188,-0.0020352153835020035,0.011583405979592868,0.011874759515985923,0.010642395475112212,0.008946186530856283,0.014374704943995389,0.034484200442356346,0.028092139160878733,0.010929779666689355,0.01098081356811477,0.006779867957518707,0.033811022778394456,0.014404432349582087,,-0.010847687670198286,0.056588552572934894,0.010669187409093632,0.01708609205627791,0.02688425425623118,-0.00025020593426950923,0.01208824742510548,0.0540950890216323,0.019250798588291953,0.07109194325971659,0.030631514078148125,0.015197705312405638,0.01250666442737294,,,,0.03810337574403627,0.0006420135393270813,0.020952042133859972,0.01314886015654848,0.015229008066688393,0.01622094347291089,0.045704826347822115,0.03358544423844889,0.010179892669031016,-0.024821313217936028,0.0531523355406255,0.05158699426423464,0.01837473269883815,0.04447101556796165,0.02938059412904333,-0.008982877351392107
2013-09-01,0.024176059215041002,0.01982860409325998,0.01960796650589097,0.026605083783383502,0.02394962309050922,0.04058620706264792,0.029617878620907045,0.03749262812104611,0.013142679903756293,0.020291274245740315,0.030008806768522935,0.03485344446038876,0.038157354129127186,0.030015464905694646,0.013938513313977106,0.019988914719824086,0.01920194726838995,0.019557373829977617,0.018917758605741547,0.020667408617623933,0.029105057092622736,0.02942415940415986,0.02003066301883575,0.01753736273122574,0.014086017628472237,0.01337305816409389,0.024208203425283008,0.019988914719824086,0.017950189905801533,0.04637080392073496,0.0229537105329738,0.024176059215041002,0.007815174097914592,0.030880625421619918,0.024176059215041002,0.0449932656509992,0.03104603162029233,0.040726994109387196,0.022609471947750287,0.01998016080880238,0.023959209245945537,,,,0.04058620706264792,0.014126057287526257,0.023286633167106614,0.018887092354680397,0.019621613301543495,0.030528959237767446,0.04236985673666246,0.03749262812104611,0.019664644152665903,0.01650629904893211,0.019939646041367668,0.040726994109387196,0.024215924169894532,0.01921889294612956,0.037972667484464,0.030784110467969396
2013-12-01,0.011618985145655032,0.022000851517300055,0.01364534493392911,0.01802290077241739,0.00878522522428588,0.04649689222759293,0.03681547465860935,0.025082911365037253,0.016729253971839924,0.013462543478387917,0.012812963535466071,0.03862385232635319,0.02312864277649541,0.018553355393819557,0.03800759975854605,0.00969488465582215,0.01009276432454436,0.01963035783069098,0.016220519872297064,0.01777129248384389,0.04849089404530224,0.026648049774470866,0.014064473824901861,0.009816799859592048,0.028688445975737692,0.029359295995378034,0.015878876805792818,0.03632442160360692,0.046625820635147155,0.05756802402490898,0.014155405792464073,0.021312624138955117,0.044762014175382434,0.020292921921707594,0.011361763073319955,0.057432238343176414,0.01901088039251288,0.05852558009806072,0.037000138064818146,0.014088429149137065,0.010026709266048544,,,,0.021046048076131533,0.027902772919652787,0.028202414241448755,0.040996794609030746,0.018118856599817684,0.01462262442173586,0.044442209124139896,0.03687206881724073,0.019833015658109094,0.020471440841974515,0.026252824143000158,0.057728445405394964,0.04027004395160434,0.018748147729562396,0.06522059145644085,0.04875187417892592
2014-03-01,0.011793187874840072,0.013393654854053798,0.013541781120004221,0.008886398901778596,0.006597148484362179,0.029614167187317096,0.01917834118382965,0.016539395147124422,0.015294657376476693,0.021320368472628522,0.00947692458193631,0.013860695263635597,0.016483278879818476,0.020816266980056744,0.022116125425334858,0.009005873075040216,0.018259511127888185,0.016022875042569957,0.01587219511323642,0.021278173361688725,0.04475453302543226,0.024884109661831,0.009239896948160587,0.011783148033932205,0.02478953435072361,0.01623951091408402,0.012083246432256311,0.028119502732700315,0.038100028574776394,0.05476152879774673,0.0183496579611271,0.013729819452599995,0.03296023641756617,0.009243020305892222,0.01303692345288643,0.04721108208906546,0.01937168164828448,0.05122888989702816,0.04352424333130801,0.021353239058366214,0.019438093851126118,,,,0.02928564175761171,0.021328098455116518,0.027485988843308298,0.04313742014506215,0.018429749054529758,0.010753822349057503,0.0445746538506501,0.01967956539001329,0.017934475563626855,0.01648482559597393,0.02304970279382382,0.02746537333218224,0.04566708276904883,0.05631444039827195,0.05322739409347406,0.03301140354103214
2014-06-01,0.004985720653579217,0.012165681571334287,0.014292943925421638,0.010397510034969401,0.004027180871704732,0.05797352384495692,0.016170227116568906,0.014734186077938936,0.01095600893314474,0.00692668426930082,0.009327592678095997,0.005835111446749719,0.02996107950761749,0.016745008048388802,0.019127858905043565,0.002577193508943976,0.009067808460860322,0.0061585225359433015,-0.0011099092163865984,0.015365162186889903,0.02358968237934622,0.030112210143713916,0.01665735570145914,0.013862496733631517,0.023096810149629925,0.01727241049767369,0.013971465090304303,0.03709634286794284,0.05453728410481693,0.04059956091227454,0.012272358284149106,0.013593582746562749,0.03513263571782505,0.006306348424590812,0.017491904084509166,0.043345822377457724,0.019018066023629075,0.0612727277134286,0.05488831364431321,0.021090872462038442,0.024482775288027576,,,,0.020836279664225237,0.02455368058798296,0.021946357951229102,0.014635900812728957,0.0173392264983788,0.0007572158145253888,0.040547925381116505,0.02062423249050999,0.015850739943463074,0.016333943998501885,0.02040498168246689,0.07221163734123728,0.039130045663089086,0.026367658034204423,0.05826752142741131,0.03993269783864871
2014-09-01,0.007276677303069328,0.034033597162931216,0.02830522125536838,0.0205729581828746,0.0074410494474675,0.05951318292560424,0.021337543711718712,0.02543753856700329,0.02007559685651895,0.013554542562961616,0.01494466414466059,0.009990696545792247,0.029981792485096585,0.019082801327980726,0.027500840336960403,0.006240464630795198,0.011645692968264343,0.016545625752406656,0.00631883354894422,0.029562027930463107,0.04073073570663692,0.033167617929514344,0.019164048699486437,0.01651747715257791,0.035690800310234846,0.019226961862559917,0.017087505043407798,0.033721819219116524,0.02372871796239628,0.053161797699576505,0.012667484708504788,0.01460195507041957,0.03938934623313059,0.023016971002249018,0.03302839309809013,0.05843842009861124,0.019303996629250107,0.039559208400420556,0.04838802787033516,0.046976074331136486,0.016492804758373242,,,,0.02401990671690009,0.029388688003757348,0.023163146714438042,0.019628989371366076,0.02611234425905245,0.005302269040283294,0.05460017181781005,0.028011437557142877,0.026986566833576694,0.01078337775212162,0.02743601946977502,0.06752303629902,0.036157858228744774,0.020763765889200796,0.05265939635305882,0.044292921462205974
2014-12-01,0.008231924745704812,0.026559764705052263,0.019316787788315085,0.025844523807309318,0.009401847123229511,0.05484462969102132,0.02331296511351553,0.013660691035957623,0.018028047925182814,0.022001324415144383,0.018495890336495915,0.00712724158736238,0.028215103160119857,0.020214572621222452,0.023549753135773448,0.009032446814132006,0.04684028200717208,0.023272803503508587,0.012479710722459224,0.019653113290993122,0.044380010324017685,0.0259057076397906,0.0210801489254393,0.018110489927696302,0.03424110630446536,0.02193159381394922,0.020303776752900852,0.03034248192083692,0.02742933997484445,0.03976041912554875,0.029245094499484866,0.01961869545739397,0.04278167132660801,0.016532249014125183,0.020214274756734076,0.04924168522975083,0.022297620764809834,0.035955779464249896,0.030913723840158173,0.028067214107987515,0.02048163024821713,,,,0.03223449521819798,0.027790892322182716,0.02876023173154812,0.029408204843034184,0.022930425711934235,0.022062651322921897,0.040554272481688185,0.024238259871220816,0.030872817964082568,0.019586376425373232,0.026907913487054944,0.052859132580509026,0.04623588540090827,0.0328200240462295,0.05327047940387877,0.043952686385713084
2015-03-01,0.017554937609328445,0.044122921318130885,0.02055410018196278,0.034011133899816935,0.012181737857811348,0.05002859128137418,0.02967083897420922,0.0265500272155821,0.030117426378086135,0.018532028473479043,0.019190533980462575,0.01608749817560668,0.04424300506429399,0.033403206834188945,0.03866310981348311,0.033675624441193854,0.023886262306498315,0.020327214049965573,0.012994305390865489,0.034936048382524884,0.04373038295161497,0.0409449936000192,0.016313631901109012,0.019352156158119537,0.039983432469189964,0.026314721319718064,0.032607879518548204,0.04000762129641867,0.01829730398404782,0.04740274526145354,0.023523433648973337,0.019924263448851065,0.054120261121952104,0.02972623593851187,0.03830343368081925,0.0503514904596412,0.023383364639211975,0.037255208371855204,0.050016927856255534,0.049464792807331154,0.02766318876350001,,,,0.03261919433101297,0.03880452703613729,0.03602379803157015,0.04529878820511562,0.024903798795235507,0.025109830058148222,0.029182303711579757,0.038891910263524156,0.026323511957129314,0.022330350174519023,0.040070039894023475,0.05344076972614738,0.041027318538917765,0.030794358063390113,0.04703672367423588,0.05454584278920109
2015-06-01,0.01437103588245625,0.045637468271289255,0.015402406407095616,0.03623134911933232,0.014217453329422793,0.0480066746512783,0.027831304120114756,0.0242828397684975,0.026687515550213953,0.010649734617029807,0.01608641414767441,0.0102662650456365,0.05027267495773447,0.051029766842555974,0.03233590439139213,0.007435633009991904,0.014386218520798228,0.018098735843913027,0.013668183903044666,0.036526463877957126,0.039818192791252545,0.03898368833879843,0.012877502719979792,0.01527569097851642,0.038314273652196376,0.020679948517510933,0.019398299245032762,0.03225186630113721,0.018601468197094448,0.04476802504974838,0.01858832982255806,0.02291116623374991,0.05557750898281474,0.03600943841184667,0.03725309394062994,0.05262405034407461,0.02229015400288779,0.04572601272790942,0.04842378668105634,0.04838898646582737,0.028855176280491737,,,,0.04824578092809533,0.031805013189174995,0.033197859664291264,0.01851098647085221,0.015552835650961973,0.020390537486537567,0.0278743379270944,0.03503204138381018,0.025736816021295753,0.024706656811237446,0.04775813786484792,0.06262045986273934,0.02676520721516905,0.023886303554325354,0.057874858301131954,0.0568336399236479
2015-09-01,0.018491777140645472,0.04477354011688903,0.019613651046317945,0.036231025960718054,0.033299297028161076,0.044260672030264646,0.03355474937569161,0.029057817713041945,0.02913320786317688,0.013969873996779418,0.0268989311814625,0.018267729780349108,0.046766644950210975,0.032204244170469735,0.03582046174056683,0.009274139725995015,0.013540700399589831,0.020918554091101483,0.019313701530460907,0.03768767384249882,0.046467406914155684,0.04110253791103484,0.011387736962945282,0.039312553839337405,0.043780575986850104,0.02369116617522316,0.022241656969989743,0.03494704084811913,0.016329552645283532,0.03877551352465344,0.022222635858816422,0.028448691899263023,0.05478634467332031,0.036808996378918095,0.04133290447242283,0.03321769527828076,0.013622305418324545,0.0452334362353221,0.03053921386551926,0.039529664900692124,0.020500466470151114,,,,0.02959065374760333,0.04022995736658702,0.029913181520633766,0.025082459773901614,0.02832127390496164,0.019602036756451294,0.020912591763597724,0.03667030503041945,0.028725297625513964,0.011938615532727116,0.045641651985458435,0.0627980483966518,0.03319720126648975,0.03261233900377572,0.05138698049661196,0.05548242116207756
2015-12-01,0.015714074784280337,0.03646584962494273,0.0468218423607843,0.029569531173210293,0.015115000407060233,0.03779317988093019,0.0319010370240725,0.025462119064577387,0.02822555552549722,0.01893210318445451,0.02695145782074785,0.01886350413675017,0.035749598116079806,0.02709685035202448,0.03837481585125731,0.01745689906906578,0.04791712330180102,0.02001298563734285,0.01397641804852144,0.029973089203863938,0.03534901108008261,0.029906912141457086,0.009542840714778244,0.019473969473106364,0.03898371775954441,0.02205681586154321,0.025609369268078438,0.02790928497072001,0.01829296446238592,0.03825879002222916,0.03486971449820403,0.01958946554689142,0.04017618329498398,0.03381028607867104,0.03602669186559861,0.04604622041380976,0.024475656121544932,0.035556077856767926,0.043548671446076936,0.03879509702077559,0.027116152371091048,,,,0.03594298231702585,0.03188012625786012,0.03747788181278503,0.056332867830453895,0.027477131600272903,0.02576282763757921,0.03205210024883187,0.029190998255541504,0.03486599523438865,0.019258001327949786,0.02766273490077044,0.05359253940098958,0.037506189119098726,0.032842466668754164,0.03731271062798728,0.039267313958552263
2016-03-01,0.024963393349459004,0.054440351750750814,0.028550646089842445,0.039816969193035054,0.0317485064763746,0.0501230401687237,0.03481522721876987,0.029965032903912298,0.03969886997516965,0.020048028912561792,0.02698094222043139,0.02283193924195147,0.05527774699190787,0.03982606484332295,0.052851083536105445,0.017485204191280718,0.015815331500191702,0.0436480862710337,0.02851431577143337,0.04379525326447556,0.05428700562523977,0.048775606627605744,0.012219661113187612,0.028015843654326144,0.04930376744432644,0.02886933760342163,0.03799440447576938,0.043784305878108803,0.022600054080381026,0.05908687857717749,0.04165366299186914,0.036857052086343385,0.05053926973738257,0.04461592062919582,0.04681431102559304,0.04714837189142005,0.024298036351217207,0.04571256239288516,0.04985609569887206,0.03809727742324109,0.028556486676022105,,,,0.05286978529776557,0.04728816162339365,0.03803450205539785,0.05304778159037045,0.03740276268995163,0.021747652300351604,0.025763870378956846,0.045778687439798287,0.036466182243070216,0.0174543937550628,0.033484615911885555,0.05311081095229394,0.04053381590087819,0.035874245748838914,0.04123475438437629,0.053020061811159945
2016-06-01,0.03743195906281471,0.03565910831093788,0.04126444086432457,0.041545476764440536,0.0367908775806427,0.041545476764440536,0.03899919614195824,0.03808428719639778,0.041545476764440536,0.03743195906281471,0.03743195906281471,0.03743195906281471,0.04766497015953064,0.03808428719639778,0.04047764837741852,0.03743195906281471,0.025538817048072815,0.03899919614195824,0.03743195906281471,0.03921547904610634,0.04060272499918938,0.03808428719639778,0.0367908775806427,0.03899919614195824,0.03669704124331474,0.03743195906281471,0.03899919614195824,0.009445575065910816,0.038358114659786224,0.037233565002679825,0.041545476764440536,0.009445575065910816,0.04168681055307388,0.045146532356739044,0.04021364450454712,0.05233310908079147,0.03669704124331474,0.03808428719639778,0.03899919614195824,0.04021364450454712,0.03743195906281471,,,,0.03899919614195824,0.03669704124331474,0.03743195906281471,0.03934645652770996,0.03899919614195824,0.03743195906281471,0.03743195906281471,0.03787291795015335,0.03899919614195824,0.03743195906281471,0.024396704509854317,0.03890954330563545,0.04361244663596153,0.03899919614195824,0.04294297471642494,0.04157038405537605
2016-09-01,0.03614784777164459,0.04224561154842377,0.03922484442591667,0.04224561154842377,0.03614784777164459,0.04224561154842377,0.03614784777164459,0.04224561154842377,0.03996141999959946,0.03614784777164459,0.03614784777164459,0.03614784777164459,0.037120137363672256,0.03240586444735527,0.03614784777164459,0.03614784777164459,0.03416699543595314,0.03614784777164459,0.03614784777164459,0.03685631975531578,0.04224561154842377,0.04224561154842377,0.03614784777164459,0.03614784777164459,0.04224561154842377,0.03614784777164459,0.0384211428463459,0.042422737926244736,0.03614784777164459,0.042422737926244736,0.03996141999959946,0.042422737926244736,0.03922484442591667,0.04224561154842377,0.03922484442591667,0.03922484442591667,0.03240586444735527,0.04224561154842377,0.03614784777164459,0.03922484442591667,0.03614784777164459,,,,0.03614784777164459,0.03996141999959946,0.03614784777164459,0.0384211428463459,0.03614784777164459,0.03614784777164459,0.03614784777164459,0.024866001680493355,0.0350058488547802,0.03614784777164459,0.037120137363672256,0.04224561154842377,0.03614784777164459,0.03614784777164459,0.04226623475551605,0.03922484442591667
2016-12-01,0.03454994782805443,0.036199264228343964,0.036199264228343964,0.02983776107430458,0.03176626190543175,0.036199264228343964,0.031223371624946594,0.036199264228343964,0.031223371624946594,0.031223371624946594,0.032247480005025864,0.031223371624946594,0.032247480005025864,0.029758790507912636,0.032247480005025864,0.031223371624946594,0.03724600002169609,0.03176626190543175,0.032247480005025864,0.032247480005025864,0.036199264228343964,0.036199264228343964,0.031223371624946594,0.03285974636673927,0.036199264228343964,0.02998792566359043,0.03285974636673927,0.029060348868370056,0.03176626190543175,0.034602321684360504,0.027179786935448647,0.03285974636673927,0.034602321684360504,0.036199264228343964,0.03454994782805443,0.035748641937971115,0.029758790507912636,0.03454994782805443,0.033562835305929184,0.036199264228343964,0.02998792566359043,,,,0.034602321684360504,0.032247480005025864,0.032247480005025864,0.032247480005025864,0.036199264228343964,0.031223371624946594,0.03231685236096382,0.026481345295906067,0.031223371624946594,0.031223371624946594,0.035045552998781204,0.03454994782805443,0.029758790507912636,0.035045552998781204,0.034602321684360504,0.034602321684360504
2017-03-01,0.03040488064289093,0.03438166528940201,0.03412511944770813,0.03040488064289093,0.031700946390628815,0.034951988607645035,0.03040488064289093,0.03040488064289093,0.033713337033987045,0.03129458427429199,0.03412511944770813,0.03129458427429199,0.0351126603782177,0.03129458427429199,0.03438166528940201,0.03347315266728401,0.03438166528940201,0.031025243923068047,0.033713337033987045,0.033713337033987045,0.03406228497624397,0.03438166528940201,0.03040488064289093,0.03191494569182396,0.03412511944770813,0.02944878302514553,0.033713337033987045,0.03347315266728401,0.03201783075928688,0.03483103960752487,0.034951988607645035,0.02794674225151539,0.046308305114507675,0.03406228497624397,0.03438166528940201,0.03024871088564396,0.03347315266728401,0.033820245414972305,0.04064318910241127,0.031025243923068047,0.03129458427429199,,,,0.03282363340258598,0.03406228497624397,0.034951988607645035,0.03282363340258598,0.034951988607645035,0.02901083044707775,0.03040488064289093,0.03819388151168823,0.033713337033987045,0.03129458427429199,0.03129458427429199,0.03406228497624397,0.0351126603782177,0.033820245414972305,0.033835675567388535,0.03347315266728401
2017-06-01,0.026385091245174408,0.031759314239025116,0.026722846552729607,0.028690919280052185,0.031759314239025116,0.030819334089756012,0.028690919280052185,0.028690919280052185,0.027812158688902855,0.02704472653567791,0.029573285952210426,0.031759314239025116,0.047499239444732666,0.02827780321240425,0.028483973816037178,0.027812158688902855,0.022153964266180992,0.027812158688902855,0.028483973816037178,0.029573285952210426,0.028483973816037178,0.031759314239025116,0.026722846552729607,0.030435828492045403,0.028483973816037178,0.02819427102804184,0.031229544430971146,0.023706646636128426,0.05770086869597435,0.029018066823482513,0.024844739586114883,0.02536219172179699,0.027988238260149956,0.028690919280052185,0.031759314239025116,0.028551436960697174,0.02814621850848198,0.031759314239025116,0.031759314239025116,0.05770086869597435,0.029573285952210426,,,,0.031759314239025116,0.028483973816037178,0.029573285952210426,0.028483973816037178,0.033997368067502975,0.028483973816037178,0.029573285952210426,0.02380894310772419,0.029489753767848015,0.029489753767848015,0.029698900878429413,0.031759314239025116,0.026722846552729607,0.031759314239025116,0.031759314239025116,0.031759314239025116
2017-09-01,0.03238577120687868,0.033592768531697986,0.03135064164527276,0.01824435590027815,0.029442871744753712,0.03628423068571831,0.03211695152330706,0.033742647621868974,0.031994344155533296,0.031994344155533296,0.03349512981023791,0.02934434015528174,0.031129047907758438,0.031994344155533296,0.025349313515100697,0.031994344155533296,0.02324220717222118,0.03238577120687868,0.03135064164527276,0.031994344155533296,0.033742647621868974,0.033742647621868974,0.031257750043139874,0.031129047907758438,0.033742647621868974,0.026919914889608123,0.03050629822431572,0.030048215110394363,0.03238577120687868,0.03585494226469169,0.019824853411170972,0.03000808247967062,0.03070715345871278,0.03438635013212951,0.030066971473985814,0.03190316750269852,0.03135064164527276,0.03503896564561296,0.034899851547892824,0.031129047907758438,0.026831388903800723,,,,0.031994344155533296,0.033742647621868974,0.03335908985413229,0.03135064164527276,0.031129047907758438,0.03135064164527276,0.03160400407848797,0.030628455111957716,0.026831388903800723,0.019824853411170972,0.031994344155533296,0.035188886460565824,0.03341869550850741,0.03059949054575954,0.030714738709458237,0.034899851547892824
2017-12-01,0.03081047534942627,0.03081047534942627,0.03081047534942627,0.03081047534942627,0.03081047534942627,0.026958072558045387,0.03081047534942627,0.03081047534942627,0.03081047534942627,0.03081047534942627,0.03081047534942627,0.03081047534942627,0.03522923216223717,0.03321909159421921,0.03081047534942627,0.033298566937446594,0.026958072558045387,0.03081047534942627,0.03081047534942627,0.03081047534942627,0.03081047534942627,0.03081047534942627,0.03081047534942627,0.03811388835310936,0.03081047534942627,0.03081047534942627,0.03182932361960411,0.03081047534942627,0.03081047534942627,0.03041219897568226,0.034053582698106766,0.03041219897568226,0.033298566937446594,0.03321909159421921,0.033298566937446594,0.03081047534942627,0.03081047534942627,0.02216823399066925,0.02802036702632904,0.033298566937446594,0.03081047534942627,,,,0.03081047534942627,0.03081047534942627,0.03081047534942627,0.03081047534942627,0.03522923216223717,0.03081047534942627,0.03081047534942627,0.02472439408302307,0.03081047534942627,0.03081047534942627,0.03081047534942627,0.03081047534942627,0.03081047534942627,0.03869833052158356,0.0370163768529892,0.033298566937446594
2018-03-01,0.029760411009192467,0.030931979417800903,0.029760411009192467,0.038551829755306244,0.029760411009192467,0.026147160679101944,0.030446665361523628,0.02240297570824623,0.027812352403998375,0.029760411009192467,0.030446665361523628,0.029760411009192467,0.038551829755306244,0.030931979417800903,0.038551829755306244,0.029760411009192467,0.026123378425836563,0.030446665361523628,0.029760411009192467,0.027812352403998375,0.038551829755306244,0.038551829755306244,0.030446665361523628,0.03206678479909897,0.038551829755306244,0.02775708958506584,0.02724878117442131,0.038551829755306244,0.030446665361523628,0.028085283935070038,0.0348464734852314,0.02940390259027481,0.028519080951809883,0.030931979417800903,0.030446665361523628,0.033009037375450134,0.02775708958506584,0.029440762475132942,0.04785721376538277,0.030446665361523628,0.02854406088590622,,,,0.028692087158560753,0.029760411009192467,0.029760411009192467,0.038551829755306244,0.03366187587380409,0.029760411009192467,0.029760411009192467,0.030931979417800903,0.029760411009192467,0.0273241326212883,0.038551829755306244,0.030931979417800903,0.028692087158560753,0.03654329106211662,0.03460121154785156,0.029760411009192467
2018-06-01,0.029214142953104233,0.03150643595300493,0.029214142953104233,0.025173943213909936,0.029214142953104233,0.03162650341695237,0.03192007570322014,0.029214142953104233,0.029214142953104233,0.029214142953104233,0.029214142953104233,0.029214142953104233,0.04295716285259267,0.029214142953104233,0.029214142953104233,0.029214142953104233,0.029214142953104233,0.029214142953104233,0.029214142953104233,0.029214142953104233,0.029214142953104233,0.03162650341695237,0.029214142953104233,0.03365997459882578,0.029214142953104233,0.029214142953104233,0.026910613768605644,0.029214142953104233,0.04295716285259267,0.036485588887540686,0.031629398155341826,0.03447480299997812,0.029214142953104233,0.03150643595300493,0.029214142953104233,0.029214142953104233,0.03214988198771761,0.026778963723713745,0.033477074309245416,0.03192007570322014,0.029214142953104233,,,,0.029214142953104233,0.029214142953104233,0.029214142953104233,0.029214142953104233,0.03174274032141093,0.029214142953104233,0.029214142953104233,0.029214142953104233,0.029214142953104233,0.029214142953104233,0.029214142953104233,0.03159750198806952,0.029214142953104233,0.03162650341695237,0.03356820177258645,0.03210838227434463
2018-09-01,0.031254105269908905,0.034627508372068405,0.031254105269908905,0.031254105269908905,0.031254105269908905,0.03510335832834244,0.034627508372068405,0.031254105269908905,0.031254105269908905,0.031254105269908905,0.031254105269908905,0.03224622830748558,0.08911661058664322,0.031254105269908905,0.03582606837153435,0.031254105269908905,0.031254105269908905,0.031254105269908905,0.031254105269908905,0.03394573926925659,0.03394573926925659,0.035133976489305496,0.031254105269908905,0.031254105269908905,0.03394573926925659,0.03394573926925659,0.03419816493988037,0.031254105269908905,0.031254105269908905,0.03421340137720108,0.03346553072333336,0.03922490403056145,0.031254105269908905,0.03394573926925659,0.034627508372068405,0.031254105269908905,0.031254105269908905,0.03254817798733711,0.031254105269908905,0.03394573926925659,0.031254105269908905,,,,0.031141353771090508,0.031141353771090508,0.039907701313495636,0.031254105269908905,0.03394573926925659,0.031254105269908905,0.031254105269908905,0.02613457664847374,0.031254105269908905,0.031254105269908905,0.031254105269908905,0.035054393112659454,0.03394573926925659,0.034627508372068405,0.031254105269908905,0.03224622830748558
2018-12-01,0.03017500229179859,0.03185991197824478,0.03017500229179859,0.031814612448215485,0.03333654627203941,0.028675813227891922,0.03333654627203941,0.03017500229179859,0.03017500229179859,0.03017500229179859,0.03185991197824478,0.03769352287054062,0.10635743290185928,0.03017500229179859,0.030981512740254402,0.03017500229179859,0.02390090934932232,0.03017500229179859,0.03185991197824478,0.03185991197824478,0.03185991197824478,0.03185991197824478,0.03017500229179859,0.03017500229179859,0.03205658495426178,0.0290009044110775,0.03328269347548485,0.03017500229179859,0.030784836038947105,0.02491474337875843,0.028675813227891922,0.030809566378593445,0.030380981042981148,0.03376086428761482,0.03516491502523422,0.03017500229179859,0.03017500229179859,0.03185991197824478,0.03017500229179859,0.03185991197824478,0.03017500229179859,,,,0.03017500229179859,0.03017500229179859,0.03185991197824478,0.03185991197824478,0.03185991197824478,0.03017500229179859,0.032065898180007935,0.030685823410749435,0.03185991197824478,0.032065898180007935,0.03017500229179859,0.03185991197824478,0.03185991197824478,0.03333654627203941,0.0290009044110775,0.0290009044110775
2019-03-01,0.023081310441684127,0.04703354233131044,0.02835162921223334,0.044442073590600095,-0.053961341052877684,0.050331689508293635,0.05059979238257074,0.025870835617679066,0.04015007158229361,0.025537599751211094,0.03977107230068013,0.019857212633230835,0.058670725168631616,0.026301039836886694,0.06900644910796014,0.027001104265230856,0.00438300454992673,-0.022953362746752654,0.02931402821217435,0.04616667937965261,0.03370372880626682,0.04085818377976652,0.03241379956013562,0.05339121672636204,0.03951575293348742,0.032011776389365657,0.017992357784513965,0.022532625718801644,0.026750771738727846,0.05264489526688234,0.04444424918310876,0.09585391964355422,0.027815615177921978,0.03740976589585258,0.018730043909113422,0.032976985974377496,0.024025288495635247,0.034500159455174664,0.043070498786344016,0.05318115128194771,0.026082900373054607,0.08499858467075029,,,0.048717875573654305,0.030859322200034744,0.03914985111858946,0.033343214559819936,0.05687321536432881,0.03628875336271541,0.017356362736306016,0.0018169569087547943,0.041207529024181885,0.03106755215800036,0.014987635273774174,0.03472969290043649,0.0323911437589661,0.034741509762590446,-0.008165912137240591,0.02369946090806512
2019-06-01,0.02782926548754047,0.04448281079337876,0.02790653426391245,0.013593873436728009,0.03372486913691698,0.0683972976351771,0.039764806792409665,0.025963007322610195,0.02766245436182888,0.02798335479543174,0.030341571498388394,0.03951636942112291,0.028946881141971855,0.040556279375211446,0.11369122498615139,0.03073830638904433,0.05507161131137914,0.03861832049931434,0.02995023776466552,0.030666677819487214,0.03506157290688444,0.03653510607207933,0.032152103531007975,0.07074077369562728,0.029446011278935584,0.010902321025414245,0.0603268692974052,0.033110399873591344,0.0215787324252324,0.07400823413135232,0.027674248509499184,0.029089302494077016,0.037336300688999645,0.02842490596927526,0.0348648838700611,0.03761232556449209,0.04347573988709006,0.03504849513209067,0.009459924778543375,0.021004061895106695,0.030666677819487214,0.05633431394871341,,,0.01905678000063991,0.019594849811178344,0.039717078583292875,0.031803082899112864,0.030158343683254943,0.032911093109044665,0.02863512996739881,-0.0028390557660534182,0.030579201830541105,0.024208499195952433,0.022046607804601468,0.034675362322657895,0.04154193814077681,0.048134486191260706,0.027383195368090658,0.039223185543231016
2019-09-01,0.033059964788620416,0.05092224721737462,0.03370631354353099,0.03163187954315504,0.04119540582177896,0.05240428258130923,0.024774435374215246,0.029473493203750565,0.03323407077374976,0.03324528584548957,0.04205950610606534,0.010716998258313737,0.030512527657930073,0.027143664090147103,0.059370197676692466,0.030910973712735504,0.05668924831345307,0.03316981175517139,0.030943472600998105,0.04205950610606534,0.030677324160944677,0.036933997110793926,0.03366146529923649,0.03664998864898237,0.03738057301674076,0.03284023027512688,0.0705210888831503,0.031130663106263428,0.018507248689144717,0.043741482477172806,0.027710424305465442,0.03368414620675125,0.02288988619417192,0.010116321645771939,0.0460068016838653,0.032804844597387084,0.03290535879170395,0.032029630413500085,0.03170206803697558,0.03108969955196022,0.03409831037867608,0.06498413382816608,,,0.041770174814724934,0.025593871278528153,0.03782259213494978,0.032711815429585116,0.03166881495638913,0.038226907571559464,0.02807877646659847,0.03941647864577414,0.032895917379153296,0.02810774227961722,0.016142134039740335,0.03546750601055166,0.03928448640252229,0.04334253373240027,0.02671831902888503,0.03664998864898237
2019-12-01,0.02758709102207849,0.037653178288203804,0.029546088861537517,0.028402270744395355,0.035310053207703126,0.0557684054092403,0.04627802709834145,0.0319419352768972,0.03289684490762939,0.028390596888178396,0.02843296245832167,0.02964924170543415,0.037221984570338235,0.031015067386809796,0.049737408890021276,0.02836578951672375,0.043409751071828574,0.039599362797215175,0.03034467472263481,0.032112374780711904,0.03636719942450598,0.03252159274421594,0.03127187791772043,0.036595886884245345,0.03524028965695646,0.0317670312921368,0.036344552360246835,0.02148269397842855,0.039857233346122914,0.03494931335410966,0.03402229881590221,0.040061751940948985,0.03403889023836815,0.04251580991527864,0.03911839578442408,0.030808670779077424,0.031471826588380464,0.04388140464565793,0.03159401664707032,0.03130033300817728,0.02894756841394056,0.05386058715939857,,,0.04249471907501583,0.03221983747333588,0.04150421052384973,0.03207306302447336,0.03312453990669219,0.02924568583674975,0.035201463249551396,0.028286140031233996,0.03341066020745434,0.02346726660954725,0.031735445221789275,0.04327695200621376,0.046142698410109595,0.04481460255284975,0.038086376665088004,0.04136688245356754
2020-03-01,0.03819280117750168,0.03902432322502136,0.033887796103954315,0.036253172904253006,0.036108095198869705,0.03902432322502136,0.017637379467487335,0.036253172904253006,0.03819280117750168,0.012444106861948967,0.03902432322502136,0.03318308666348457,0.03708469495177269,0.03902432322502136,0.039238426834344864,0.03902432322502136,0.009673848748207092,0.03098769672214985,0.03902432322502136,0.03902432322502136,0.03902432322502136,0.03912937268614769,0.03819280117750168,0.03892340138554573,0.03708469495177269,0.03902432322502136,0.039238426834344864,0.04076013341546059,0.04064559563994408,0.039238426834344864,0.03912937268614769,0.036253172904253006,0.03902432322502136,0.038886211812496185,0.03720546141266823,0.03904833644628525,0.03902432322502136,0.03606627136468887,0.03819280117750168,0.03283024579286575,0.03819280117750168,0.047948822379112244,,,0.03912937268614769,0.03720546141266823,0.008568116463720798,0.03912937268614769,0.03902432322502136,0.03902432322502136,0.03819280117750168,0.03819280117750168,0.03902432322502136,0.008568116463720798,0.03902432322502136,0.03902432322502136,0.03902432322502136,0.03829337656497955,0.03819280117750168,0.03892340138554573
2020-06-01,0.011289845885685584,0.020113318450636228,0.02147673323253874,0.015044740782607808,0.02527277553244037,0.05195269104971796,0.04719077864706647,0.018829186639943197,0.014159723973417465,0.017689664549744702,0.018741778001405286,0.021012260862991274,0.03377519422279082,0.026082414900674165,0.050383303969184584,0.020102589127098166,0.05480102269197415,0.03027691694393529,0.020418097109110092,0.020244465052499782,0.02217327839911662,0.04230790249946973,0.031205274543904385,0.03475730764164038,0.05008564357469756,0.03583674081144982,0.0588448471699427,0.015827664230833708,0.0437577396042254,0.057634590177799136,0.037224043566602714,0.03514507324992802,0.04423955179339061,0.03628386058996985,0.029038175671451668,0.032972861531333025,0.038693839248875865,0.026707169370188626,0.049366914982404426,0.030550035317726744,0.02430202479034587,0.06787931197983232,,,0.05279012075174514,0.052358080609587736,0.050767822905475525,0.02754564292072499,0.03423573509820706,0.020072668328316876,0.04066918065788492,0.039650847896675015,0.034556664986827634,0.045265827308169755,0.0360333557543917,0.04427205627575894,0.03838276482473758,0.04886757513249839,0.02645958819459006,0.0509896688083386
2020-09-01,0.013086979104428182,0.018793402271206103,0.02136522148819703,0.01683822899255374,0.0186715376875223,0.0538991786776883,0.04009455866533267,0.022548399002104813,0.01831581835041513,0.014345260324894185,0.01717623103272826,0.019416599773470995,0.03060375532515231,0.01675710800141168,0.04634992045909359,0.018295910441972044,0.048108451466221905,0.034488620302266675,0.0242068625918653,0.026789304113805458,0.03161376106666192,0.05443832042293589,0.032631378662766816,0.03585600049122984,0.030049862568523742,0.03350642409036362,0.016525602618071462,0.027635706325294374,0.031169569754841076,0.051603546946288124,0.0251034945234798,0.0388976436214787,0.035675696978805814,0.04007000857455019,0.02638939248750766,0.034224012572136815,0.03104602205117646,0.035234599285151616,0.03738325241921194,0.017906024043565557,0.025936867930263677,0.03379001147159024,,,0.04873883664567824,0.034691904237921144,0.04766084201611232,0.025414292263701222,0.031432546673052536,0.023357732276137803,0.03838534976414414,0.030910392142905554,0.02966555219463585,0.03350282128560904,0.02562424835498871,0.042535849491933266,0.054590574507362176,0.04240405736054402,0.023089439127077373,0.02901934814814035
2020-12-01,0.01576659230771302,0.01916620915034345,0.02215274622937208,0.021181845397317024,0.01242279216276847,0.04821416925417506,0.04289556467317015,0.026090137845356586,0.021023780512800395,0.014806455808237539,0.01750587030088231,0.02070107360741085,0.03016680294568671,0.021074355448385967,0.038206196037538186,0.02185805374037336,0.05246664912881802,0.021332970577977433,0.023356515231223632,0.0244710554573655,0.017946262389156795,0.05218120957734107,0.03555371346229318,0.027020000758024763,0.035272982608341594,0.026983701307030827,0.023455356772508217,0.01667041514748408,0.028863840196945864,0.04148514170007003,0.018849211051275416,0.033500968152614344,0.031076361661415797,0.026707935902793495,0.02717110344804873,0.033449795693577665,0.02688297732847636,0.033288368592290826,0.042904226130520404,0.0505880150879089,0.022229682916875337,0.03888875548296335,,,0.03545706273402119,0.03969034049586661,0.046173997484191195,0.03863966495797935,0.026594838414561894,0.021289249080776652,0.04294562488264938,0.029877343528751755,0.026980436007708292,0.015969376646711414,0.026981022318820203,0.026280385729273756,0.05405632148777053,0.03124409737134052,0.021670643591865168,0.02496267538398061
2021-03-01,0.019253972841973863,0.02660340776854674,0.023556546009147035,0.02408008814383318,0.021014392692062872,0.05845305538206357,0.03993644940588316,0.042407743825956766,0.012635843455796924,0.025739074194694293,0.021117323060906776,0.02277256149398626,0.041762973116670654,0.02649294637640691,0.040100227924548745,0.02378036880505609,0.04303540254974165,0.025996638038004907,0.02154209259087682,0.027630254249754363,0.016816595285446927,0.052076335812209544,0.04128913677123209,0.035317067032193186,0.03756995335079395,0.032721683491830536,0.029782938346608598,0.021905037006278466,0.023375308984596693,0.049538938612555095,0.032791380400319266,0.038262236225902475,0.03374292154212232,0.02953944707816095,0.029029177790984354,0.02714287909068404,0.032035395121080154,0.03430151435763365,0.035864860764799875,0.05298024073007538,0.03511550820134663,0.03713186538252593,,,0.03341641651452702,0.030478985031780727,0.031852007607562134,0.04457056618092906,0.03226967338505698,0.02522558476388015,0.04624706660093705,0.03848374314170887,0.03220485771453737,0.025726460235544854,0.022000944891794397,0.027332301491564105,0.05922136117709744,0.025595764718697952,0.01912519814206927,0.03485822835884226
2021-06-01,0.03124261274933815,0.03124261274933815,0.03124261274933815,0.03124261274933815,0.031806644052267075,0.03124261274933815,0.034967370331287384,0.030893240123987198,0.03124261274933815,0.03124261274933815,0.03124261274933815,0.028091415762901306,0.030036458745598793,0.03124261274933815,0.031806644052267075,0.03124261274933815,0.047764506191015244,0.031806644052267075,0.03124261274933815,0.030389418825507164,0.030389418825507164,0.03124261274933815,0.03124261274933815,0.03124261274933815,0.03124261274933815,0.02704106643795967,0.03124261274933815,0.03124261274933815,0.03653047978878021,0.03124261274933815,0.036445919424295425,0.030389418825507164,0.03124261274933815,0.03124261274933815,0.031806644052267075,0.031806644052267075,0.03124261274933815,0.030389418825507164,0.03124261274933815,0.03124261274933815,0.03124261274933815,0.036445919424295425,,,0.006534285377711058,0.031806644052267075,0.03124261274933815,0.03124261274933815,0.030389418825507164,0.03124261274933815,0.03124261274933815,0.02704106643795967,0.03124261274933815,0.028091415762901306,0.03124261274933815,0.030389418825507164,0.031806644052267075,0.03124261274933815,0.02704106643795967,0.02704106643795967
2021-09-01,0.03922142833471298,0.0388777032494545,0.03922142833471298,0.0388777032494545,0.03270827233791351,0.03722548857331276,0.03606041520833969,0.03830857574939728,0.03922142833471298,0.03922142833471298,0.0388777032494545,0.039151087403297424,0.03887287899851799,0.03922142833471298,0.03887287899851799,0.0388777032494545,0.03712281584739685,0.039110660552978516,0.03922142833471298,0.03130163997411728,0.032792359590530396,0.03722548857331276,0.03130163997411728,0.03922142833471298,0.03922142833471298,0.03922142833471298,0.0388777032494545,0.0388777032494545,0.039454385638237,0.03830857574939728,0.05342470481991768,0.032792359590530396,0.03922142833471298,0.03130163997411728,0.039454385638237,0.039454385638237,0.03922142833471298,0.03130163997411728,0.03922142833471298,0.035827457904815674,0.0388777032494545,0.0308610200881958,,,0.03922142833471298,0.038541533052921295,0.03459746018052101,0.03922142833471298,0.035827457904815674,0.03922142833471298,0.03922142833471298,0.03130163997411728,0.032792359590530396,0.03130163997411728,0.0388777032494545,0.03459746018052101,0.03967496380209923,0.03922142833471298,0.03922142833471298,0.03922142833471298
2021-12-01,0.0344892639935238,0.0343466699287629,0.03823824036310412,0.0344892639935238,0.012256293652727113,0.030160983470253033,0.033166739110188574,0.039163644838435915,0.026308527117390193,0.04028809105858169,0.034797180985456935,0.03219300534241022,0.026803224878627952,0.034797180985456935,0.04061724729310229,0.029330199490241845,0.06786330732674964,0.0334962810209624,0.034797180985456935,0.02802327551328884,0.03862880158937848,0.04011389579207472,0.03158239122417324,0.03609752571429618,0.03916000274395357,0.035893124682845744,0.031236585722578276,0.036970202662643524,0.03860731756753158,0.03444617868263458,0.04006276457473566,0.032879482215800344,0.041504453283337246,0.040543596692123124,0.036450356572771826,0.03629804179656559,0.034797180985456935,0.03610462772386985,0.04125128671790437,0.027856855064624875,0.03766865822082671,0.04591372387509048,,,0.038679396205378,0.033077352804356364,0.0362566706339871,0.035025119013229376,0.0362566706339871,0.03991250760653275,0.04412266662414057,0.025565242330833654,0.03266379398083426,0.029296289515117934,0.037079492067058385,0.03610462772386985,0.03892012542834897,0.03732144167613607,0.03740289116947786,0.06582028315459756
2022-03-01,0.037997789680957794,0.037997789680957794,0.037997789680957794,0.037997789680957794,0.03374642878770828,0.03768971562385559,0.03635459765791893,0.03963985666632652,0.03963985666632652,0.03555518016219139,0.037997789680957794,0.03199721500277519,0.03701721504330635,0.037997789680957794,0.03768971562385559,0.037997789680957794,0.05065464600920677,0.037997789680957794,0.037997789680957794,0.037997789680957794,0.037997789680957794,0.03710206598043442,0.03963985666632652,0.037997789680957794,0.03963985666632652,0.037997789680957794,0.037997789680957794,0.03963985666632652,0.03963985666632652,0.03534100577235222,0.037544868886470795,0.03963985666632652,0.03963985666632652,0.03963985666632652,0.037997789680957794,0.03984001278877258,0.037997789680957794,0.037997789680957794,0.03963985666632652,0.03701721504330635,0.037997789680957794,0.03963985666632652,,,0.03963985666632652,0.0362062007188797,0.03698307275772095,0.037997789680957794,0.0362062007188797,0.03963985666632652,0.03963985666632652,0.03963985666632652,0.03963985666632652,0.03963985666632652,0.038291290402412415,0.037997789680957794,0.03933178260922432,0.03963985666632652,0.03963985666632652,0.03963985666632652
2022-06-01,0.020431461904493572,0.04136460704795501,0.03362936343775578,0.02218853400829046,0.023055155018214927,0.027162199322684915,0.03731752667444777,0.031987762311891335,0.030281428110599227,0.017157221075462664,0.016702514363778103,0.014707302050983856,0.03249621288429003,0.03223344799382939,0.03912259549013133,0.028181478069488296,0.03569819325395211,0.03197591534416416,0.02532705460783506,0.023111030723527385,0.0247237941177377,0.026018226329980618,0.038263097116206304,0.03453733424567251,0.04447694155108086,0.04494608261204104,0.028138561764189413,0.03605694812451862,0.03938373218050288,0.04703003396373461,0.025894511417697517,0.04082148740977212,0.036856162667822066,0.032018778428093836,0.03173499283561984,0.018759490833081753,0.03332683707852533,0.03667920258360338,0.03713021327022247,0.03372367869701954,0.0335628206183586,0.043815121537320395,,,0.04180474570611532,0.02447251830921346,0.049934067025117906,0.033892122381420864,0.04117751242810548,0.028766892474160713,0.04323727495720923,0.041666634885494276,0.03628888768968354,0.022569826193763794,0.028177838037144003,0.033634778095928575,0.037410156897939896,0.03530480679017662,0.036256214298267295,0.052462838871968405
2022-09-01,0.03748419795572903,0.03368170823476056,0.0391192332016333,0.037004644597557264,0.02282390434773076,0.03837856158564587,0.03409768468954074,0.04071221423172138,0.03852205784817186,0.04445691970143187,0.038201115239227514,0.02819766491508988,0.03351670971585951,0.0370162528412172,0.03956667689210081,0.03699391041138252,0.05730141353712963,0.038656504446949395,0.03749024204948997,0.029643737447615642,0.0391162400453511,0.039389494197774856,0.031182019461968084,0.03717684545511562,0.03843324468022272,0.03933912664811047,0.038622649484814975,0.04437076937152923,0.03821665296245332,0.036860423591671625,0.035997381990395774,0.03677342147092117,0.035868948128898744,0.00840851124337061,0.037698227684971275,0.03543938059046548,0.036755892640539745,0.039557956028439194,0.040834139285919405,0.032082832473134704,0.03829694224847793,0.04352255492856792,,,0.04061281107172458,0.03654126552417702,0.03387301625622422,0.03755587964648928,0.03680066724561195,0.04028662939922138,0.037268272265629655,0.04009914645696735,0.03408519039957838,0.003699284628365108,0.029238919953263127,0.039557956028439194,0.036416803913996654,0.038119191612924326,0.06362835738315513,0.038102866175287305
2022-12-01,0.022380884926302094,0.0366750782017319,0.03984392076707332,0.018519470470492037,0.019915449679100493,0.03552359217419536,0.03820862369666244,0.029198893851269506,0.033841139940885556,0.03267604926269576,0.020818967221254602,0.01977960617984979,0.0373265557651065,0.02956453719964823,0.03767369020925471,0.018222128502511047,0.05998780463284656,0.038885945454747196,0.02121692033100394,0.030507558592123,0.023547174872940717,0.045419734784426895,0.04382718674686422,0.039164522548993885,0.044277618977347284,0.04365659841692713,0.027687225591580784,0.04096273505031795,0.036259602271236056,0.04599468831692173,0.04181797223134336,0.043670315514173934,0.04215291351888735,0.03709002776553152,0.03279527413314606,0.025619601108532807,0.03687294884369113,0.0337014558526876,0.04147647162342905,0.029022911136765302,0.043038126920309575,0.05031756141321808,,,0.0577297832324727,0.048622138185087656,0.060502882932601004,0.039335115615957476,0.0428718672252374,0.039101481979821856,0.05159972511927445,0.04718987399882417,0.03952245737039836,0.04182204439061182,0.04404508065704598,0.0337760660545566,0.05477273364707333,0.042171149392040766,0.053915999571470474,0.05738776817466764
2023-03-01,0.03890774759961891,0.044136595875947156,0.04728934002311905,0.03452642396831528,0.036886259096918915,0.041866934400648155,0.04132224037663207,0.03243510761374532,0.04224061905407132,0.0463076747105968,0.038907161785591095,0.04338791093954464,0.03672029366070525,0.03888703726624051,0.04189015687326314,0.03890774759961891,0.05340121561702539,0.04122008077196272,0.038696500714884695,0.041265188519561076,0.042269690116139194,0.041081894412040194,0.041594775627853575,0.04347313320765935,0.031084246112600487,0.04062604660154743,0.03724635706090648,0.042862738061927495,0.04406161564736538,0.037256217756111855,0.04189727118619922,0.0347882347643796,0.036073053282457516,0.04825157918394975,0.03909828415097472,0.037397447181540505,0.03951906436306833,0.041498116475692244,0.0390377185700658,0.042849196002950965,0.04129907074385427,0.03870753761793582,0.048123406744920785,,0.04421966068393483,0.03135844955389334,0.06036569264300364,0.039676780188435366,0.043996689450934205,0.04237111577006895,0.047624221235001346,0.04779907360399337,0.046548665743199845,0.00876758922844986,0.034190657566760624,0.04212620258669816,0.03565677439036026,0.037880547348312296,0.05223508032363227,0.04973613611882195
2023-06-01,0.018228644184988766,0.034541255733293655,0.055050435341624154,0.016970409658278996,0.02142816149758204,0.041999597364562394,0.05085720727151535,0.023685131030818082,0.0331382695280775,0.03243605249583837,0.014369864150735937,0.01729983388179639,0.03856406797399162,0.02607704125749643,0.04364204122044644,0.020017044006648443,0.03881121505268302,0.04022040969855181,0.012620738034366656,0.02080741738701605,0.025219664185673233,0.04283312660382444,0.043820411462421216,0.03240395755345512,0.037330463711978686,0.04465181306775831,0.03513915297990514,0.03655074067743149,0.03454171808518427,0.03907549074300739,0.028215105890006673,0.02145605196674985,0.031124197533475537,0.02963384098681779,0.021566319628180817,0.0249645959858584,0.042466675014268984,0.03334924747773384,0.037772918472679995,0.04028029231573334,0.02939773818610068,0.04326699043225963,0.03114250751604475,,0.04796707936750282,0.026568568847114945,0.04127214954088238,0.02406188605324847,0.036721927277056574,0.028029740920765035,0.03507711432968401,0.043674788837893726,0.03750637026950165,0.025433854110270982,0.030340703113026012,0.034440384432171185,0.05921140093021908,0.04090228864451689,0.03786619341807722,0.04557889167072082
2023-09-01,0.013540754880746336,0.026884243474705968,0.03706273421211675,0.003215350958230399,0.02787487632726986,0.030699989290955715,0.04620426118553434,0.011116475639927785,0.018071272083914767,0.02346527883430873,0.01143341013351185,0.004587618731013419,0.034553013537945994,0.020846431870458874,0.04020743875775088,0.022036228010055288,0.03795348395499537,0.04377120699896322,0.0002015263663714225,0.007314818351502614,0.017103824233990775,0.0319653661190257,0.019062006928810608,0.025172582572407207,0.030923199830689908,0.036262472015971076,0.031116179144690316,0.024325000750605282,0.03669329718085166,0.028288619343409933,0.019252702789722628,0.01297659106357622,0.014736249284952142,0.017344460330924412,0.01897481458717536,0.013184941400048812,0.02521877345155448,0.027541172749211487,0.040408629528234485,0.03127095071739771,0.030289818215296683,0.04071514909100257,0.037303868754673314,,0.044366434782243024,0.03476957449081317,0.024649142494545587,0.014239936343740047,0.034418613556055536,0.020465744800689353,0.026886636844149533,0.01623214627296045,0.02893479810446091,0.005743599665330682,0.010026001004212115,0.028462084105141488,0.05279119176215694,0.027609461883597964,0.031664131970190475,0.020562143909514784
2023-12-01,0.02437534287596005,0.01670374712427197,0.06090329978353669,-0.017351851056896378,0.005794945412527046,0.04163283574786833,0.04985468816353144,0.04213300669391007,0.03326074347994923,0.04746492567580954,0.0272723459694156,0.021980501231482794,0.050061990726511595,0.044309314766692434,0.049641569390483774,0.0268004507141305,0.04610400220319625,0.04543866026123978,0.01999279813643789,0.01928565390636179,0.021929572336001235,0.04470573687125757,0.017737434453277006,0.02645415375790825,0.02162160332429777,0.036290968109680986,0.01843175382158654,0.042850087767299955,0.03461463998674767,0.044219257954846984,0.028789599888575598,0.01283460835404939,0.01730114533753092,0.028462897345730737,0.03254254335708147,0.01837895872025865,0.025175875844574213,0.03126697072935734,0.03664690145679726,0.05011432184524404,0.027351080894116933,0.04269030734355876,0.04180246074160136,,0.016892087775103322,0.04694885048677556,0.02373612355545487,0.04136188006183638,0.03746801172026069,0.03427060799330173,0.03406413671324532,0.009511678345148268,0.029862919581457426,0.015988688921471067,0.04372481274074287,0.031187842653878764,0.054368678096178506,0.029686321934516213,0.038817303063957115,0.02327617343219484
2024-03-01,0.016429381520604597,0.0024989148745978122,0.03436277368942006,0.004547685144115054,0.031962338480613174,0.0338728764545941,0.051849099725765374,0.01624119011471807,0.016066808595690873,0.020924701994717153,0.01461971238087988,-0.001826340984788169,0.042339597609860107,0.027906725344309224,0.047503120029902354,0.01825704908070663,0.04166232801627732,0.05069040721582113,0.003993445572172741,0.012529093778937836,0.015861122640347964,0.04314087040232187,0.014922370359600874,0.015576502878759809,0.01966373383566646,0.0333247584276627,0.02218524611212909,0.02625537716999228,0.04273106082799123,0.03706695481367648,0.020191733678524785,0.0075155381967639155,0.021998537196709543,0.009060372289340089,0.02229318592326476,0.016725040767953194,0.019700844919006474,0.030772464107834917,0.04678222090866406,0.03607478728453142,0.03261837267293612,0.041069743892608035,0.027848668950540417,,0.04122409596898768,0.03089860657625172,0.018623100063683486,0.0278340447062421,0.031659598770204696,0.030951971834094795,0.03630077238017124,0.02214383090522921,0.03146499174192317,0.006440098678194097,0.034165902422814656,0.02409136493262046,0.04258911607425486,0.02404199383234571,0.03189417958366543,0.03479971330165351
2024-06-01,0.009837638788513948,0.020249304037752304,0.015927458677758757,0.01280646864469192,0.030210248784931407,0.018390210115913106,0.04295006985842222,0.019443413684861296,0.018590730323720897,0.02554128687927117,0.011494138571072326,-0.0027198850675717277,0.032774414165187754,0.02987542463355176,0.030601643439722385,0.016612893844130304,0.03244027087272452,0.03950459755170918,0.0014503100982496877,0.006554325993373784,0.016518280722145933,0.030995030557081672,0.015335936559512231,0.023819289385725622,0.011337518150367083,0.040423718357976514,0.02897028364169564,0.012477001001132915,0.03637053158045861,0.029183271228005944,0.019878757209536153,0.0068641650537081544,0.017483583502502998,0.03871540037375871,0.025369107059653145,0.02203782329972667,0.020404487510894343,0.02815233505789532,0.050837781794463875,0.02459160851591849,0.03326228164565822,0.050544629126922126,0.02935847587992422,0.042077930379959605,0.03437191559915289,0.03547649716601284,0.011304338351702041,0.01996446337339874,0.02797051879510601,0.02747994477456163,0.03481265829090839,0.02225024412853828,0.0169557218461793,0.009123340460636864,0.014844777935028879,0.022455513562760158,0.0488108093719629,0.019153403555258026,0.034118579993324585,0.03548801843467897
2024-09-01,0.014019495845466311,0.006726547519962852,0.020161924114361567,0.0166511583499888,0.03272553186043896,0.023989095017654134,0.04802633957362443,0.01902327934978008,0.012430590058519379,0.0367587882612165,0.014655726776716949,-0.005162137381556837,0.03553135524632881,0.037701759048092504,0.03679207952834707,0.017971891051824944,0.03344108831524651,0.025718862499075044,0.001316259919396079,0.008996904312939641,0.02248260152171312,0.02555346568613259,0.011690774359548729,0.026096577345480935,0.02485362423358452,0.026635417820642503,0.02573185481077618,0.027072889876342033,0.03958956599329136,0.031359823858071574,0.0266297481483843,0.008945431840894765,0.02792035849729304,0.03672372614660085,0.03388074245683998,0.010685315977583001,0.026368748351979623,0.025297483382360677,0.038931518321062036,0.03639694414587244,0.031132142922062372,0.041730231539961915,0.02862220683756877,0.04406167905669963,0.037340207065407964,0.033203358333640604,0.018504231205377173,0.022314257541933457,0.03660733515398184,0.01586776589556072,0.03456409503861031,0.017136685017711817,0.030488894275742712,0.013088150998298477,0.028831361543130356,0.021604934339422514,0.04514954067358851,0.024669635729813632,0.02116933053783054,0.03758774844980867
2024-12-01,0.009824349133043479,0.013123575843277195,0.024606807776091554,0.0062408523535285865,0.025646064406388006,0.012787383161086418,0.03877595808858135,0.01070526485012268,0.00445504006347086,0.029078946228051496,0.0013276260643691879,-0.0073042437585800115,0.02122719514837851,0.02577169257870253,0.019685520750275368,0.013533060452536742,0.018349085146698845,0.021834592204213753,-0.0014105035335207864,0.00292111254762913,0.014510375802422043,0.02087494745379047,0.018511481119966523,0.017433802858401515,0.022526415069301194,0.022292702560611066,0.016010107897188767,0.010838985903433391,0.03477008102799655,0.025631010520576737,0.01429240966216117,0.002459239552927061,0.017166704700470832,0.019997156929606005,0.02339659110088279,0.009852912628419306,0.01953805463925341,0.02720985013605264,0.03314665120947521,0.019042062562705603,0.02351749657030036,0.021484884049938244,0.024861773056566384,0.02642646825778607,0.04396583734925612,0.02703835636006507,0.006894399387167999,0.018676939244967397,0.0259308015295033,0.015896657891242384,0.04395841002405188,0.010593758801064748,0.018785810502434632,0.009096730258359817,0.0274818119149221,0.007006660207557666,0.04625563107046167,0.0290097812549078,0.03278658344565094,0.024879332604908648
2025-03-01,0.022825252271884575,0.011855651324899887,0.035595055390220454,0.003767794420679736,0.019507134750019,0.02008170608578313,0.030715072175777212,0.015432605431431531,0.013481476142174327,0.025706851640169646,0.00756976573949025,-0.005589208818998392,0.00887186774110852,0.02423726197374357,0.029721435164252418,0.013768617001643745,0.028519989171179403,0.021018503214645698,-0.003215367686117027,0.006348845315991056,0.007441471874992271,0.015872541925261274,0.012460922299366317,0.01836101272224895,0.020399295692095344,0.029976827526605253,0.027366852461137552,0.02293531026788436,0.034606326292810456,0.023100626464955525,0.013931341940241712,-0.004904585907239414,0.018456072449875034,0.022358751897939712,0.02624476538706866,8.81629013069934e-05,0.02559166201122717,0.030396082384568906,0.03762228718148793,0.020569028466647436,0.022685857839903928,0.04637671198350634,0.02608822965813681,0.01986658428264126,0.036155175415920275,0.01744557326091899,0.0020307791582041194,0.01933774155446424,-0.0004703485794218691,0.014877604775966457,0.03126884810078054,0.012345694069806732,0.028427186579596652,0.00985280194087871,0.032419525927596,0.0015753433476618948,0.03840379410013067,0.023544781541064347,0.02541008562797371,0.019977114837234102
2025-06-01,0.010385919146496609,0.008643587411276833,0.02857171526791467,0.001102967516248273,0.02288228705013373,0.014274584800225127,0.02802544743507188,0.02509261453669096,0.017777012734170473,0.023249519260799562,0.013156626526397484,-0.005039897267762618,0.01640842455023606,0.02231232085701433,0.027845729737162102,0.01692290238127416,0.030717770574763215,0.027325078270191722,-0.0029914144082291826,0.007680804767602672,0.008620708198675798,0.018471866795724854,0.030983292707855298,0.015678628641009055,0.01976948084588148,0.030294215805625566,0.020274745764843106,0.023248299899956644,0.040269457887451725,0.016341724468996757,0.01409241913356778,0.0011750170072808883,0.014146547806177438,0.030032643415673507,0.01949961192708107,0.012847975171767188,0.020855128105227987,0.03146198458209895,0.03931017588848286,0.023929856141839675,0.02287400511821146,0.04674368237386854,0.02440440363746553,0.02872619178637643,0.03962065583701559,0.019830228677312923,0.0017766308105162882,0.017198632791213038,0.0021737688150759962,0.020904500916349652,0.03349451447437731,0.013541388607466842,0.019449322603874043,0.022977794455803648,0.0315827945408209,0.007124320704077828,0.04163912787733198,0.025866009946610907,0.024542889342174776,0.02045597023549698
2025-09-01,0.02144460938870907,0.025180185213685036,0.02327239327132702,0.022858168929815292,0.025180185213685036,0.02144460938870907,0.025125950574874878,0.026255182921886444,0.02144460938870907,0.017413347959518433,0.02144460938870907,0.017653219401836395,0.025125950574874878,0.02144460938870907,0.02327239327132702,0.02144460938870907,0.017413347959518433,0.02327239327132702,0.02144460938870907,0.017413347959518433,0.02144460938870907,0.022858168929815292,0.02144460938870907,0.02144460938870907,0.02144460938870907,0.026255182921886444,0.025125950574874878,0.02144460938870907,0.026255182921886444,0.025804942473769188,0.028827115893363953,0.02144460938870907,0.02144460938870907,0.022858168929815292,0.02144460938870907,0.02144460938870907,0.02144460938870907,0.02657444402575493,0.026255182921886444,0.02144460938870907,0.02144460938870907,0.026255182921886444,0.02327239327132702,0.02327239327132702,0.022908423095941544,0.02327239327132702,0.017413347959518433,0.02144460938870907,0.01836746372282505,0.02144460938870907,0.02144460938870907,0.01919528841972351,0.02144460938870907,0.017413347959518433,0.022858168929815292,-0.03304240480065346,0.02327239327132702,0.02144460938870907,0.017413347959518433,0.01919528841972351
