,1300,1598,1891,2285,2574,2817,3062,3650,3835,3851,4058,4199,4321,4423,4494,4598,5046,5047,5256,5492,5764,5783,5878,5959,6216,6223,6268,6774,7085,7435,7921,7923,7985,8253,8358,8402,8463,9203,9225,9771,9778,9882,10016,10519,10795,10867,10920,10983,14225,14477,15267,20116,23546,24617,26590,28192,29901,30098,35077,36190,36191,43197,45169,60979,65609,66065,66446,112168,122380,143912,148349,163036,165123,176928,180652,183736,186310,189491,316056
2001-03-01,0.0013231411313553887,0.019168169400710734,0.019089199911011538,-0.004955550588757305,0.01753329727907176,0.0221788904805885,0.02980869775858074,0.02727079077158038,0.023341803329222977,0.010594310075169583,0.009494207805798368,0.013818725412862904,0.0005806649810366907,0.024680427684277986,0.034217647608154454,0.014983774921895671,0.004261017680620305,0.020979756972372934,0.01825231495024345,0.03582153188721838,0.021455806461722533,0.016172771852963966,0.013645016611403408,0.015947425435224327,0.022857144085046407,0.028339296920683467,0.021070351996443405,0.017281956270536327,0.013673255720666298,0.003500625313304118,0.012820710571958906,0.014375001915562246,0.014329271477021972,0.025768156359120175,0.012424500744762076,0.013883482308248176,0.020123215177694637,0.0025710122706579593,0.01858362859470012,0.02145556665050081,0.01835139339912602,0.01854472890664622,0.012376450481514461,0.022166481332066078,0.021083443963792536,0.0030348682378434915,0.014367748251213263,-0.0026580654534757203,0.03853624352101419,0.007650525117528228,0.013575812759680936,,,0.022883541015998734,,,0.04858438035138813,0.034857613969195844,,,,,,0.015939543515890015,0.020053117552860666,0.014727256336297304,0.027353745235521348,0.02429591157673746,0.021574162147356322,,,,,,,,,,
2001-06-01,-0.005947094572791666,0.012969918107013341,0.005684710418437899,-0.00720817344470158,0.009708129765136433,0.019911521145792473,0.03172139839796824,0.010080312422194256,0.01797765181093037,0.00974327570100593,0.010987194005492034,0.0037323267223107097,-0.0043046846513394655,0.027207007386607883,0.038545040544199195,-0.0017222389605207945,0.0032555702975285775,0.023507980818863197,0.027185226438745762,0.03372195367798014,0.02256971813906156,0.014021891368722554,0.022493591552248792,0.0012713488488790387,0.011143527298738947,0.03306081149363916,-0.0043247379703297666,-0.0030735098604115305,0.013531713609360754,-0.004964925982405173,-0.008538388174660917,-0.010874874689475629,0.01691185047836069,0.0014296699839627712,0.014642787042967878,0.0024266322740760975,0.012882526505765112,0.0032846974366682697,-0.000624634835212727,0.028094278859448263,0.026830269137336736,0.02307016814902106,0.003633883524934245,0.013342764434597611,0.010434853740906032,-0.010542252639158482,0.025106883331503054,-0.00909560650887786,0.04663272089337404,0.004140093821547027,-0.004218446736438582,,,0.019208251663955154,,,0.04904472452900053,0.02969267912457607,,,,,,0.010214638866443592,0.032963598570990224,-0.002795764651727408,0.03627196494762304,0.01942669528180028,0.009997640733223363,,,,,,,,,,
2001-09-01,-0.004655201882878652,-0.002322360119302798,0.022696066279904118,-0.009777725775823188,0.0019422495380984712,0.01802979499507706,0.05511608603088089,0.02064760778445398,0.012217259986882178,0.013092894696135948,0.013868476604777635,0.005495863723919964,-0.013289145096485917,0.0006280823035259939,0.04084655240814934,0.013495946540931092,-0.013860093009061804,0.004077815825342369,0.012768809059995905,0.05988415784180326,-0.001977764356817129,0.03748519507598555,-0.0028735661787507717,8.815702999221305e-05,0.026475848986147126,0.0329751417020115,0.005206502084345974,-0.0064410721726380835,0.009044266633289933,-0.020571609781237347,-0.015136890231844842,-0.0042728003854383065,-0.00014908508883170767,0.0016409793791467592,0.002386420260414099,0.004935603215660587,0.016235393430947206,0.0037749986363310095,0.008340382916890569,0.028693322555397898,0.02412751638462767,0.029309586344424567,-0.012267440686807709,0.014256949651745456,0.01154683572430338,-0.00620793751022255,0.017793538478703214,-0.019781912536538247,0.048233803018994124,-0.004668832002696049,0.009336109290702192,,,0.03577053753900173,,,0.05271983957270468,0.04746246631517186,,,,,,0.018177361226353803,0.04615078514479043,0.01001730537597622,0.043548993158951374,0.0036681360888577465,0.016284106610784155,0.05669060533515772,,,,,,,,,
2001-12-01,0.01151199535311943,0.01053815545811518,0.03009717269770348,-0.0008266469470773179,0.0067214911254326725,0.009611939126422425,0.04362814139954469,0.017571996027127414,0.01933823754617048,0.021087484096484747,0.010328596484673106,0.0036883553965531765,-0.0044105768613402875,0.01265329175030549,0.04242311572289638,0.009890724386294987,-0.006423690102770833,0.015420343437414722,0.018177849769660234,0.044985539753272505,0.015057771188583577,0.03613973629883538,0.009065533603244549,0.002669653331773083,0.020129023103815424,0.022924506874355658,0.0008079769715160825,0.0005622344996009787,0.021845020036951854,-0.006836704490134369,-0.0016970160447077867,-0.0035946135979240523,-0.003080204532383645,0.014762421961239041,0.01968718075201929,0.01710298636643939,0.010863188992711222,0.009969491386894331,0.01575683079089576,0.013674726981754513,0.00888699291969667,0.0296736579607094,-0.0023980805839693294,0.009407519928482032,0.02032501766703684,-0.0019275370255781162,0.01233275917753017,0.0038074614761507584,0.04519522095756323,0.0005131210112791218,0.00805164170686357,,,0.023097135721053905,,,0.05164237704692973,0.01817402985495702,,,,,,0.012596786687671392,0.03712901485874364,0.004263880493259029,0.029225020969657813,0.006210148476138479,0.01717288303121234,0.05294788370000887,,,,,,,,,
2002-03-01,0.013741211762428863,0.015585692642226206,0.016631461334882247,0.0020437428947479757,0.011568433713705067,0.01659032014543486,0.04403588488673869,0.024312875995725167,0.026326826854500576,0.026587007754856732,0.01269329071461703,0.013063656272905472,0.0002189903176662905,0.020035060475164252,0.039063068158181447,0.0013985388583805628,0.00410119728723948,0.009410809901709562,0.013521049350602974,0.044296495220097466,0.02135704115830415,0.03077471950574593,0.013545991378179918,0.011689485053247184,0.021838195944125328,0.028603072038146986,0.017413383672223434,0.007331253468784795,0.02303388503684746,-0.0014934154858642754,0.0050322223288780344,0.006434077059005804,0.0035265325458985956,0.023110115889519736,0.009660504520950436,0.013100554516776323,0.023445655927898486,0.030875421447445376,0.017461890546275772,0.020717094455734785,0.016955527156322668,0.029231789367745665,-0.001789371501509887,0.021035116022826747,0.03005832929017213,0.0031919590989328726,0.01380144541098825,0.004862777231132277,0.04495598684374579,-0.00263027385007053,0.010491969688154041,,,0.028362503510597648,,,0.05699152466103698,0.030346470559429392,,,,,,0.028716866820816884,0.042769784710161456,0.010817698306769,0.03382445920713014,0.015846493181867302,0.03415371201081865,0.05333129064333468,,,,,,,,,
2002-06-01,0.002705567280693302,-0.0020973579886806194,0.009421900211482648,-0.008129063343565812,0.015708587255387856,0.004215553671879482,0.01638143094136586,0.01882971512321253,0.00359720884107767,0.015325087040766747,0.0063267628597921035,0.0025451364275394742,0.006296991931174879,0.03628540671115521,0.0488363741362968,0.003752869664720956,-0.028504160870608496,0.007866998261639373,0.009051235042381542,0.029433035842898046,0.020090394664742516,0.04878572963261711,0.005388355588505046,-0.0023833679385492097,0.021398003531159802,0.030317273392665767,0.01376825498210292,-0.029419041362968863,0.019399864164166735,-0.03920203087463125,-0.009946784174848657,-0.0029113305549529874,-0.014675909248342172,-0.005937207002582022,-0.011318726580182565,-0.005536307503671469,0.020949064399800824,0.02636147570604056,0.020722385725790958,0.04985931319590302,0.007628485849649139,0.04366133989316314,-0.025833258479503206,0.011680581947226992,0.02432220614674292,-0.00843717884910931,-0.005829241859105411,-0.009738537901479888,0.05722211771446588,0.012608424994010775,0.023216106637889217,,,0.05752668533406922,,,0.07619420960050433,0.04329093186592458,,,,,,0.03395341393239138,0.04629980149258741,0.00672687712453078,0.051472364482197074,0.02898228763448816,0.029928198591113273,0.07317165145953969,,,,,,,,,
2002-09-01,0.011313012228823532,0.009614225213395626,0.008692492231890527,0.0033704210868683404,0.018237192853203636,0.008713740409465804,0.045070498630149135,0.034531113253231396,0.012346754677234615,0.03490238067977248,0.010902901653050696,0.016078147845361636,0.010641045362783286,0.008062645030856746,0.05275625778260607,0.009860805044891577,-0.0263601291176062,-0.0031191055085902698,-0.0008649186118014925,0.032177598000144546,0.02156606630463676,0.05083000623576061,0.0006143819717291432,0.01757203106890531,0.032084029567660786,0.04103543171516053,0.018451529923033113,-0.02767366927264181,0.026916898451589986,-0.02606698149257197,-0.011812158243674837,0.007407099012494759,-0.0036433355768647722,0.017626862267295457,0.005482807958279856,0.029764726829777478,0.019624713305528327,0.029978765199292635,0.02994254752492095,0.05247937586491013,0.01404623495855379,0.045821914664879164,-0.004874327321911653,0.030338828801879086,0.03934104706818224,0.0026746306852968426,-0.020726213749691615,0.006716069318472162,0.07102362569225877,0.009696736718338508,0.008053109043189587,,,0.038488887175035034,,,0.07097220552595211,0.041112346369250936,,,,,,0.03615223746177897,0.05389256842546458,0.03084225720660841,0.0565204841697397,0.031816108212351236,0.036913916397582056,0.08237073014662816,,,,,,,,,
2002-12-01,0.02168878147331488,0.021417388586123187,0.028494005448926888,-0.00019025610896094566,0.013391138757751104,0.01025684474934684,0.015880052144451328,0.01160227941408592,-0.013281957767645014,0.015578329948177084,0.02015952444771778,0.015302175602582048,-0.0005596103201788534,-0.007389858165037847,0.03960776652581069,-0.009314706997332708,-0.0024931007601694906,-0.009221447298609074,0.018033969122070184,0.035949676289993814,0.014903673731756488,0.04747019601275213,0.016432494658201357,0.011341133135466409,0.03014972287116382,0.03544076864534946,0.007620548542387612,-0.02981056804101702,0.009896205501432219,-0.028812328560827365,-0.024587091528255972,-0.01892315161618566,-0.019588950144138292,0.010433203214823017,0.013486001208842262,0.002099243235102924,0.020820453631148598,0.013407108982458107,0.018293457009747684,0.037727532046465534,-0.003669722782199256,0.04315147809089754,0.00840456023619381,0.02606132909065273,0.03191678205482063,-0.0017053920285767504,-0.026079865343252483,0.013400960812583351,0.05011106936316193,-8.573989099863257e-05,0.006478035283958484,,,0.023313079040333893,,,0.07934467745667274,0.05178238853746394,,,,,,0.024531909964630633,0.042646016757793906,0.021855988755176563,0.05979232122847285,0.011028309480494807,0.022090696341391866,0.07421377692110326,,,,,,,,,
2003-03-01,0.03850247299452672,0.02282473165710852,0.008831385051573949,-0.002976159115725982,0.02504241684651286,0.015444974839887165,0.027522065527682337,0.029869635428446086,0.011087688975916386,0.03218445484078544,0.01733326095088074,0.021921644607689927,0.005126476083782773,-0.0005783067942352767,0.034253499897785124,-0.006481930744666633,0.007637400537137685,-0.019036325565403744,0.001735812996195025,0.04872298709360273,0.00275469393041313,0.05109157762491878,0.015373867610339619,0.035197932922703436,0.043726804112883905,0.0313625940732456,0.03368473667322661,-0.016062052317258813,0.026109385410467815,-0.027921769638015088,0.013719277266641667,0.004473601882936564,-0.005513342804869429,0.019317207483874162,-0.0012394040686455146,0.0036773076482871526,0.04211061527178586,0.04151335661848491,0.013123861897618574,0.04624102538357199,0.016152168260957025,0.06401280775345448,-0.0005411871182019623,0.040107531521111975,0.04984097142549831,0.01006432000574993,0.001900039339178186,0.018392267978288187,0.05811731209023694,0.006130274734486707,0.014031260541825331,,,0.06286386504091995,,,0.08489388846346017,0.046585607024765864,,,,,,0.036258653783448766,0.03702677480651647,0.02569659732339226,0.07301900235462522,0.030630120577310294,0.05204059801242001,0.08037617133566906,,,,,,,,,
2003-06-01,0.035219251524747974,0.028936540530106695,0.02429912563957512,0.03474085719541772,0.04750236914673978,0.02076529832141395,0.03604727966268088,0.05413138202102437,0.022780795376322636,0.045150018951274185,0.0359448688632279,0.028515872667617632,0.006864141008828019,0.020208010848187827,0.05198017642221697,-0.0023585080115462996,0.02645959949601527,-0.005538081727773703,0.030093592475949685,0.051756765895373966,0.028426822629487727,0.05666206701709458,0.0433564844362526,0.02885169213515512,0.03993302460385637,0.04380615104906696,0.038658316210592396,0.004419565602794545,0.04522635898446616,-0.02853885390614968,0.019005426005450743,0.029123598593749644,0.025253580013112873,0.026861760406910698,0.029965987312763533,-0.0013659685700453258,0.04688271572142467,0.032421719617630754,0.027651436597643315,0.05976623343501805,0.03898028124485956,0.0521497368487893,0.03678198567534661,0.049561644862858446,0.06057315970907329,0.015608871081304721,-0.005762263914467319,0.014904247966812842,0.0698388008740275,0.024274758939944213,0.041203723825677475,,,0.06333845108609214,,,0.07776812686504919,0.05885773970236661,,,,,,0.057547443423140505,0.04995508530053501,0.047987106561777945,0.08076685025210142,0.04205425745895809,0.04635449468103199,0.07884393927935275,,,,,,,,,
2003-09-01,0.028571349318000067,0.029244659629577827,0.005772342628256887,0.0004873247793237069,0.03152959406274067,0.013390011276584008,0.04057036940695503,0.0344716623161185,0.021088839986943456,0.030777096019335776,0.023185883200874363,0.032939002994115334,0.012838204655248646,0.01615584063811407,0.03098567239622801,0.0059120538732482415,0.0024638735904274557,-0.012435147602177305,0.013260481385072473,0.039225491095224274,0.015814609350655137,0.05165199824822004,0.015340882555473721,0.0195599493579519,0.04097312561392871,0.03508340841868984,0.02677197374747435,-0.0023919346998827764,0.03197137007971443,-0.014414462578318748,0.00792159610031238,0.01937207920137305,0.013075848979652005,0.0142937024348836,0.01904035036890009,-0.016120414919291927,0.015233081610319886,0.02565798374488864,0.028640750464394172,0.05652520438844722,0.02151967446281922,0.05164981218444278,0.0019017235135833908,0.03302195928822794,0.04583347810364275,0.017103977554921518,0.0020228024189433893,0.004255484574137439,0.04478362003836,0.017596365109066633,0.025305495403230505,,,0.055224652303734106,,,0.05378345544993618,0.0594810474941429,,,,,,0.04263940349603946,0.037409547759478044,0.025864701510342272,0.06932656250743166,0.02795635529864692,0.03926125752264575,0.04985561393805163,,,,,,,,,
2003-12-01,-0.001667491483215629,0.01132658002140762,-0.005905304466615785,-0.029699937896778997,0.011331210716901246,-0.009945106783923107,0.02595847549552839,0.006712236053000441,-0.011866170548067087,-0.013055412576929088,-0.018398718374264652,0.008711963983613931,0.0019810673464145103,0.00587557495575311,0.015409094513597912,-0.01701853205397417,-0.003028264788842409,-0.02521642935912842,0.01612453829698697,0.019778973977596113,0.0042094956138936795,0.023360386727719624,0.01035487356986075,0.008309968041307778,0.042384907903892384,0.022731569371944964,0.02158442709453958,0.005606620885127669,0.02149040096780409,-0.02138607138738208,-0.010769615519710151,0.011227004174327086,0.01280790383384857,0.00034255240553932796,0.005084983863137759,-0.028238432941056688,0.013378256786710743,0.00972741951880635,0.029920882997886467,0.053529666435488565,0.021612006835940098,0.014072401087456991,-0.013383908472811002,0.018186569827613738,0.0067752125343318505,0.011576679555652024,-0.009001929619231875,-0.007006913618158805,0.03305135711198705,-0.00534431037543394,0.008006664114185626,,,0.05697690303677691,,,0.0482570739618978,0.04126107201421151,,,,,,0.04378052765089555,0.02498770599656497,-0.013285706302182421,0.03779626104860976,0.002595268511215683,0.03715590938041546,0.03422311367900425,,,,,,,,,
2004-03-01,-0.006222472671456412,0.01728264464214453,-0.009265257343971765,-0.012599740081491268,0.023484631792394697,-0.012552102742643106,0.027236256305224887,0.02143061892668018,-0.028728390192604033,-0.012865059251679635,-0.01453759955399291,0.010858141743178165,-0.015624404819036368,-0.0049756991764765175,0.01664774248290242,-0.018123154455359777,-0.006626016304140565,-0.018131310820755107,0.013384244618737691,0.018519284341801605,-0.005080058110540517,0.030709909132779812,0.00011705567557408921,-0.007265467463807189,0.041362308349974314,0.025619804189992358,0.027042442466253792,-0.009742657148957078,0.020320994364145712,-0.021491392894515148,-0.001661459419199489,-0.002349323101126667,0.008738924415499226,0.005939432293702891,-0.016131405556828085,-0.01919954545381396,0.014010964322234634,-0.01413386595420816,0.020020029951416038,0.05046299394669278,0.023042100057692888,0.015604176211756733,-0.019736784048658848,0.0141855322928033,0.004262678202191514,0.009097548609648773,-0.009647127068058961,-0.024523810911511554,0.02309540355100572,-0.019711332312993893,0.016274925861739474,,,0.03469160464101955,,,0.041665724546217364,0.03472495314413622,,,,,,0.03125800174797194,0.021846782050566334,-0.024472200580127064,0.050425235713598665,0.013325283263249285,0.04249654806860109,0.04365831723670541,,,,,,,,,
2004-06-01,-0.009282518014771564,0.033855070187843256,-0.02176444703192261,-0.017930798603230526,0.021596010107138675,-0.01533072876001991,0.018785250454731763,0.008616835179136214,-0.01602953668054569,-0.006830266173874019,-0.018367370953694125,0.0015681656152878832,-0.010115593566357516,-0.002201176532512337,0.01718645306125591,0.010206760143314128,-0.01005870019885893,-0.026822417182238417,0.0043804132679457364,0.001282182917071149,-0.008940001621287037,0.03256494791165768,-0.01678632607645782,-0.019132856954206464,0.033540802203622586,0.04134892369578194,0.020167619982968725,9.63582011280726e-05,-0.00023403522260195898,-0.01919464989679162,-0.0027265060394390315,-0.006615501626279547,0.007255089001026274,0.0033592597869587693,-0.005892003022009339,-0.02957891110757765,-0.006983386843748262,-0.025500295914020598,0.04223897610504175,0.05043560632264578,0.014604252402731001,0.015759559751342897,-0.02088327672576598,0.005426653025273115,-0.005941061303658799,-0.003383521682137838,-0.014694522699760161,-0.03086241927693248,0.02782708069983191,-0.017167943036881343,0.005578494499907843,,,0.050915853820919156,,,0.03827753769432246,0.038904246039627985,,,,,,0.05604427181603715,0.020271031641765243,-0.03541391424463768,0.039741255910871125,0.0042582210959338515,0.0034423417442645344,0.020529016963578058,,,,,,,,,
2004-09-01,-0.01719250788871796,0.007354860125253547,-0.009013049398750687,-0.015381981276361987,0.027070926060861585,-0.0029999636817829873,0.03007463159033876,0.022159222818084783,-0.0012529276445968655,0.02163931373762905,-0.020586844391250195,-0.006508194398070031,-0.012435846565799038,0.012056306829330628,0.018657749067132152,0.0007631274057156563,-0.005052970261779739,-0.007465904029776313,-0.0009067472848117769,0.014540875551162312,-0.005073396341355545,0.01523902923621377,0.00022471766624185125,0.0003425485266991677,0.037456357213750444,0.01977648556342063,0.031289437621640964,-0.004393898953469697,0.011093614240564032,-0.014905472236248437,0.006710849813797194,-0.006351262384213559,0.00528813755291926,0.01227989293230734,-0.003721750853937542,-0.0025276030744031674,-0.020389841894525307,-0.01257324752642061,0.0147692931868325,0.07018835475215199,0.00797631965402841,0.014834188430641887,-0.008806237669417731,0.0015000162487285242,0.01596832044892257,0.014709340762931318,-0.0021592542628318992,-0.013902206471214597,0.03855836555693767,-0.019281244598022454,0.003458825175709873,,,0.03331380518946254,,,0.04150075161549116,0.02411577862855199,,,,,,0.044455420701457686,0.025095025735316988,-0.01425477891999363,0.09226583839327315,0.002764216148103509,0.015003127892628821,0.030296145397760123,,,,,,,,,
2004-12-01,-0.010647854523200285,0.0072564019878116085,-0.009953692355701982,-0.01613301560446848,0.0344438323481992,0.001184139605566035,0.029407104263203324,0.014948037983315938,0.00658720848458158,0.01671019916334566,-0.010065626806189639,0.010608847440049295,0.0008425049201030524,-0.0019866376323857777,0.009246357618190537,-0.01003141187170598,-0.011446044352981244,-0.012842659428683331,0.005674007057928342,0.01319321236463251,-0.0059701162086921436,0.018798352816486806,0.0009518568164375176,0.008031150630588207,0.040952859397466956,0.036463836883280275,0.016477412076110542,-0.011262364677636971,0.002210952211206493,-0.00760081550201858,0.01591172648570578,0.001750857958111179,0.012087075640773336,0.012946530079872606,0.01840236061076855,-0.01680055692062019,-0.01811430572027893,-0.013237523831583862,0.0173574173693926,0.0625937495367377,0.036840634063913094,0.03572605463757638,-0.00040370277649105795,0.008836059487649909,0.016878993139306398,0.01511744019946979,-0.004326510413307577,-0.023599208251606368,0.03083655721391541,0.0012869771416180913,0.005357267096831651,,,0.04088897673673728,,,0.049295297422770834,0.045796211749789734,,,,,,0.04507087587911717,0.026222969071449276,-0.01459306127082867,0.08126591845545805,0.012474813104390187,0.011397953206488827,0.022467453297505335,,,,,,,,,
2005-03-01,0.004328827295684466,0.02145244335842352,-0.0020440112366767833,-0.01729394936830013,0.03268231281203673,-0.005936469325230905,0.03526734004255419,0.027409128302833482,-0.00860401465901918,0.027061793567660284,-0.00032164918995621213,0.009046714316014243,-0.009803745365786262,0.002592215955444236,0.021547315830199785,0.0021983855225183816,-0.00038395861004547865,-0.005975791328191074,0.00945740318043747,0.010434119635791139,0.0049348538245418,0.014466786918626557,0.00586287805001697,0.010154741388730631,0.05023523686306331,0.04186803122781295,0.020153222889351095,-0.002064779648808723,-0.0006432955188170364,-0.0009744375765709137,0.021255034468340463,0.0047720855684406606,0.022327849437931525,0.0003450126299853896,-0.004134692319934443,-0.013899760423520527,-0.01759569242660816,-0.005296589954780207,0.022577521140219006,0.07663259527470447,0.0316710601161853,0.021732309326719296,0.00494791318480901,0.02219565999423152,0.026568935831500183,0.006542309166193939,0.006383150074520169,-0.01779136041529133,0.04849870758534634,0.007207003945741392,0.011318518153426637,,,0.036160596060884585,,,0.07336505848099326,0.06181405130137645,,,,,,0.035361947215966465,0.027137209585867506,-0.0028241900773810277,0.07544196859495556,0.020388121262549783,0.043692422510846735,0.03412757894526043,,,,,,,,,
2005-06-01,0.0059515363019450465,0.02127062468849673,0.009456829435025725,-0.024889847761852425,0.05051797293426766,0.00047118601548175895,0.0492058206299871,0.03245483346773817,0.0014265046416653366,0.014384675193717906,0.0005475626685184997,0.023391176893655153,0.005329727868742912,-0.009560900125373323,0.0197571939777315,0.01463642979561531,0.001821367801008397,-0.0052865037611925444,0.026950574271515638,0.014272706975262141,0.010837571008217946,0.016106487489239565,0.008412129621749585,0.009458122135467619,0.04232304115801754,0.03883476816794849,0.02153920923896306,-0.002171564833357743,0.006915645988223958,-0.006035402182498336,0.021553295528876637,0.013478656512220027,0.018168028353527856,0.0162344428745102,0.029578119439571823,-0.004540152962611655,-0.0032744801430154525,0.0007622966623500803,0.01613813490734033,0.08081238028255479,0.03991032907524414,0.017976735926086337,0.010692800375980012,0.01276071249387395,0.012272759090700884,0.0026721273524755386,0.007255879938503891,-0.010550174635462244,0.06971986695087612,0.008137433038981795,0.015990672298265583,,,0.05417986233469109,,,0.0793099860671433,0.046487377202896925,,,,,,0.04195425614598308,0.03981890488175809,-0.005155626534273175,0.09655197508760933,0.01476110254372593,0.041205756229868606,0.047935255611067776,,,,,,,,,
2005-09-01,0.005812622465039868,0.018506854935032454,0.0046683776471780096,-0.013763649504059873,0.04012421774216422,0.004082242616639052,0.055603506611363214,0.02962382611225654,0.0023113532286555523,0.015191439373910962,0.017442144860642116,0.03876323450661303,0.014632603008931431,-0.014615769951019788,0.03417254943216194,0.01951077913316025,0.008960542816916564,-0.010634925726303418,0.035339504455620625,0.03029468830254248,0.017737735089074037,0.019244804746181808,0.011246769579253031,0.022993123016048406,0.03819237159282016,0.03670061714441683,0.03804866570582793,0.0042263986252068534,0.026107904987250102,-0.003940883139860129,0.03219864911733741,0.02785946881832302,0.0202856034603174,0.01584959808135302,0.025513552065538868,-0.00946685038046183,-0.005744940872363841,0.003197552482177622,0.028252279140964807,0.0778099452196246,0.032206536091022836,0.05040345643788739,0.011440911633184782,0.018118339949848822,0.017250473868450723,0.009319985489263312,0.012620165705170674,0.0013125254596279045,0.060803090238074925,0.023340047407259146,0.021845270055613982,,,0.06018931150135594,,,0.06954248360116401,0.05440955616512792,,,,,,0.05531580291234655,0.03489850660570804,-0.004805822988138917,0.07750818589843597,0.01159548725360981,0.03763510346053918,0.04900429299981008,,0.016361315861688853,,,,,,,
2005-12-01,0.008278290080505454,0.01378723677470365,0.0038187809290639867,-0.011346929553974388,0.03549515956233688,-0.0020335966150353503,0.044034680090843305,0.037527277104209,-0.0075370197234398695,0.01367052912051455,0.001570107833634894,0.03145011025673598,-0.0037128680301005876,-0.0004262484815376041,0.029578159215511334,0.014308679872202313,0.013361151086604291,-0.008759837382817555,0.026978299382314753,0.016133177138029982,0.017669823815674057,0.018557030568409228,0.014891299239266005,0.028052609342716864,0.021461505541475228,0.03995051080384505,0.0348181407894612,0.009761085475758156,0.03444585803748699,-0.013259775850824438,0.01330186897660724,0.020656877875245772,0.026393049255302926,0.015906096086997116,0.030649290967979866,-0.019446185536716298,0.005465152726010849,-0.0010306772101764052,0.021691457946201198,0.08442878949605838,0.020394510253591284,0.04587830399524051,0.018645983711432692,0.015428385296261992,0.012222088715211653,0.009037504669602854,-0.0022217537209749216,0.004519842342303705,0.056494682712614486,0.024492497875472332,0.02762590842607993,,,0.055847513257994676,,,0.09041076289645049,0.047074961990027586,,,,,,0.026224816306814246,0.023377423497686647,0.0015256747565532969,0.07073606541448693,-0.0016353993665676506,0.03876226869788568,0.07126108091270184,,0.0229210837960013,,,,,,,
2006-03-01,0.010332415276437976,0.01872367017548864,-0.002316383396194778,-0.01637733664453747,0.0376795575122729,-0.005725236151484272,0.051963385029302984,0.04717223722879348,0.0004125715547784612,0.017611129927345256,0.009082747445016848,0.027230688548128924,-0.0011765569581825392,-0.0016735806954795258,0.02037005020397105,0.018094427542142234,0.01520493109239331,-0.0007799089543904524,0.03285028446009002,-0.003111733056500282,0.026876385995997655,0.02974146234854115,0.01678814743338419,0.024540657227476163,0.04151967966386575,0.053416211303858735,0.018036391229704178,0.00820601776680964,0.03089330729743299,-0.0004224638086831427,0.013152471335881523,0.02021379523924439,0.0255648379872282,0.022453431056970154,0.02709471692291943,-0.018046051276810537,0.011734552950479654,-0.006862488085517745,0.01679687676862822,0.07128802921786345,0.026333690123397563,0.01817026885784383,0.024984032007704098,0.02173783817295468,0.01557560917634143,0.015179017637843134,0.007827358775277604,0.002136605872429571,0.06097128815487584,0.0227147850771178,0.036444920668772245,,,0.05679342170362956,,,0.08553394244635422,0.05532709313342691,,,,,,0.04027623747805875,0.023195304374817743,0.0188863019555575,0.06907842452618826,0.015734379435437297,0.05426140787152893,0.08776518257701735,,0.03350914112749017,,,,,,,
2006-06-01,-0.0024265925661708224,0.01642337194609353,0.004806759517615064,-0.006152761392042921,0.04331175644609935,-0.0024594581215181557,0.03514086729649871,0.05195403314313296,0.0013545733555965914,0.02064557520688372,0.003926660025745417,0.02071350619722696,-0.005620696596425663,0.0013676101065892938,0.005694520623532557,0.016128793504889754,0.01280779558564259,-0.006202680553928498,0.026634968191939667,-0.0018485630106596326,0.005897217763332538,0.02434889835081136,0.010408180244513194,0.0019542115480439136,0.038813840935302164,0.03719733501779226,0.02037922665218035,0.008906715131489223,0.020972009277105793,-0.0012867132191015415,0.02344811227673205,0.020597879210060045,0.0204425611532193,0.010808266374250086,0.014314262046061399,-0.01963476888776584,-0.0026194557325393297,-0.009976466596868835,0.02143768129598261,0.058551617537257246,0.024273161324516006,0.00634942771745299,0.004041851626225309,0.010208542309470192,0.0030763144823840877,0.009857500874074639,-0.0008262335665402876,-0.0032835553984244662,0.047226540821616314,-0.004690345833598087,0.014129236221140347,,,0.05824617772936658,,,0.07777949170958086,0.026511778977535344,,,,,,0.02649902428559059,0.0022994796816850453,-0.008474338327050093,0.039494894043592355,-0.00777449435561882,0.04164230529968567,0.05582499800246577,0.03087189540383384,0.026723046973152913,,,,,,,
2006-09-01,0.008504138320613665,0.009817290761614752,0.009404394461374432,-0.006745933763972588,0.04030333821399305,-0.0051944923710857335,0.04213665852705059,0.03648923691562582,0.007385115463144992,0.030946673301660607,0.002060534107698667,0.01533934806153092,-0.005477307311660466,0.002873415573011148,-0.002245238565466397,0.01551066520685632,0.004877621799918063,0.0029585364040659546,0.03002601978006485,0.011296980245490418,0.008476568493304443,0.027176717809402805,0.01722751423080696,0.006042610298433414,0.04553388685804803,0.0547620918279056,0.029774709074465004,0.011157029318791029,0.04041122706987171,-0.004624623157817125,0.01656158736005584,0.013920101530720765,0.022804132400134167,0.015259874069688414,0.020675414545314408,-0.015252093012947927,0.022194569724810913,-0.013709296522404647,0.0392381696857648,0.061095613218959066,0.01876814566333108,0.03431793805713385,0.01830373539147677,0.010082331392071337,0.01396407328055806,0.013726052971058722,-0.004886116523085923,0.0017032800883343743,0.055722735954274016,0.002003336113182714,0.022569062006195666,,,0.055072609394500566,,,0.06845401177949506,0.016713072209504787,,,,,,0.02981433835161879,-0.0025345412308766767,0.0030643164125285388,0.05523745664146675,0.0017062659073019165,0.04436603079118287,0.05252363662699468,0.03008319445378097,0.028876803477051502,,,,,,,
2006-12-01,0.00944996780248796,0.030982823971420066,0.0022688211260993695,-0.00504701583885593,0.04370888737590419,0.007072773871238471,0.03311118523927812,0.055825567339340146,0.00677681148047614,0.007032753180085111,0.003776565298153274,0.033913128236578695,0.005189409427916738,-0.0019972840330710474,0.001831471896893474,0.015566299236480771,0.0001377722304427259,-0.0022353718714927294,0.028805102262256445,-0.0007835540666017286,0.01227509502664567,0.020914745423670878,0.008014985459447543,0.008513308254597684,0.05291440266061174,0.054948516860024936,0.034668353101071324,0.00794926536417696,0.0445244061928908,-0.0010750720044470955,0.033934525744292295,0.012399309748322247,0.023322525979915756,0.013481118216901344,0.019201391802548796,-0.023502965308159457,0.06501625979893282,-0.0007216223008736272,0.011522270199834522,0.06535572868862408,0.002961944454001426,0.006935929055730666,0.018691908834050787,0.01701422991165232,0.015397289388420268,0.01607837787652437,0.0006175085364587838,0.004388747015888753,0.045975701001423175,-0.0005688904205505148,0.034458702035842316,,,0.0746453849756863,,,0.06327810911582821,0.033344544681575855,,,,,,0.03669533581328836,0.008286972252128813,0.01298685562280556,0.054608707061609835,0.010577943161662226,0.06159602667663843,0.048504599807887176,0.03968565565742707,0.049997457133650114,0.022057992164559333,,,,,,
2007-03-01,0.005029093158658571,0.028534711953304034,0.008192095522633528,-0.009161554258978851,0.049466519786075386,0.0056669640496895025,0.031036997094324118,0.05231760709265384,-0.0037066215090818984,0.004103686549055556,0.011278834551953925,0.025571081991921596,-0.006165195945307511,-0.011206029547139729,0.006283551425721065,0.010398694077858752,0.007097014286286197,0.00012365357851608903,0.02218502377291616,0.00957001475708958,0.010213465949968959,0.024191801044688835,0.02086670932016585,0.013826377214857492,0.04233870232785366,0.05665319291185353,0.023103017066222375,0.002429256274768329,0.03803558286406722,-0.0007896184066348755,-0.0036371750032559414,0.01847010067559634,0.040138703486219306,0.008157858332817958,0.028698567603894685,-0.016886554376380623,0.03476839896067809,-0.008435496907378121,0.0084143621594963,0.06568272522112618,0.01733099882182946,0.0004504627565935477,0.017026640609624943,0.02689502046532164,0.008634787336661058,0.021300507360991906,0.01188541656005442,0.0070688810188012825,0.05193677527180099,-0.003928545371876133,0.0243951679924427,,,0.07823765665632776,,,0.06884053751739355,0.029409774139632146,,,,,,0.04194334583970929,0.01894322050315571,0.05012254702542137,0.05692882028435825,-0.0004899842276589562,0.051059203675573664,0.0496758119041428,0.04168826545803443,0.04094514815776175,0.04549535969920242,,,,,,
2007-06-01,0.0026869613849996076,0.02891665935645606,0.01936537042675976,-0.0030534074348405344,0.047133009204661756,0.005125017959792807,0.03789948018477367,0.04908632048756673,0.006368749187517952,0.019809630024309362,0.011510732448626437,0.026558311436588298,0.0051370120039040115,0.0011352629635173282,0.017879419679361942,0.03214254341853718,0.0072896370970329805,-0.005286047150625568,0.02553336944566756,0.017652309529523628,0.02296613954398089,0.014599428864011109,0.0045975729050954164,-0.01181275040657841,0.037898060408760155,0.043359464304452186,0.026270849332041695,0.011300392579000855,0.04720545409739066,0.0056148306914326675,0.011324772380764521,0.01671651757004476,0.02812511857305595,0.005556999183479945,0.03804850815296895,-0.012305862763885685,0.043015206777706254,0.010205427706342488,0.025175971847565967,0.0738660129418041,0.017852043263006115,0.022004349192054004,0.01760887272258907,0.02317063827338696,0.0008176505151124389,0.019723388346644992,0.00016237900497351394,-0.0027610855872625016,0.05260069260557431,0.0050378564397104315,0.014448409103805017,,,0.06597534104297723,,,0.07013724416250353,0.04348900264177193,,,,,,0.03935525781408256,0.03102511916640819,0.0494790481093495,0.05123985312312528,0.003674976079775275,0.017591243259203086,0.04502029009110663,0.022819331665903397,0.04925970789667674,0.04862196118911041,0.03603157140390166,,,,,
2007-09-01,0.00037636556768768514,0.028189183659400464,0.007865016549082806,0.003895911121953522,0.05381385756530173,0.00650582440229171,0.049482448817061805,0.035713571012479156,0.0028719701589478125,0.02100929253812408,0.013390051304425079,0.019123759135524155,0.010281262930644209,0.0007668311257340587,0.006328401749824784,0.022536618060299152,0.0129413742782315,-0.006218096967698649,0.020924375484614375,0.002902318376487295,0.012098223260774648,0.015087331611917887,0.007639335709164149,-0.005939139322404788,0.027447334203764884,0.03288300439139703,0.02251350157731343,0.016143512518111997,0.050495705176964376,0.004890416664285352,0.019467905822631967,0.017565967124794676,0.03022810632036812,-0.0043511453919253575,0.021580109380089144,-0.017583525575327143,0.0321519961833172,0.018384056549183635,0.037121761610396736,0.07069831000561097,0.01631895909891508,0.04204290857496496,0.017697450038198476,0.008950575589065262,0.01677830319817456,0.017135348800582782,0.011955539139159149,0.011518505997008622,0.05016199311770693,0.00661995184908418,0.004415059367735357,,,0.07318156731449575,,,0.06425850165017223,0.033811225829517906,,,,,,0.04930391993436987,0.02034925828083959,0.040907459121758596,0.021667154866272097,0.0013400853628944942,0.03434784666524347,0.03357485715117301,0.018759962948649983,0.07044489050532907,0.053398029374133564,0.05466697154105453,,,,,
2007-12-01,0.0028014767447839175,0.020922742821582893,0.00770532059570716,0.0032377849848364195,0.047796958171378474,0.001254693273947952,0.06322752320902118,0.02087956670982258,-0.01784936537273545,0.03713788401961448,0.011515729589601835,0.01936950675673854,0.002140352542561117,0.0018264262581865508,0.014799232009798817,0.03353894904841306,0.015428948256142548,-0.021171565565622892,0.010110100256794386,-0.000234781149945055,0.013494604174393663,0.008691013579199248,0.00822802081690981,-0.0031433697216480404,0.024200516998681563,0.03841476941895562,0.02278728374768203,0.0159529547197028,0.0653156250378912,0.000999564628049715,0.013111826420255527,0.014971585974661344,0.027020813874213817,-0.005645722129522293,0.007549073041175,-0.016618317866083962,0.02444813163327449,0.0007212959977409802,0.032842385310269444,0.056651632321145666,0.018444062879842717,0.027792667249274927,0.019538409551744657,0.011875689267525785,0.016998520622076557,0.01907553971243845,0.010929177023509762,0.007074363651031987,0.046907635390372356,0.004225276112323794,0.002863105363684483,,,0.07623557827222803,,,0.06794955753702216,0.03732076612226849,,,,,,0.05397839107469487,0.016111605272544887,0.040378729535061005,0.053138410125735294,-0.015582485853470886,0.03233137869708375,0.03622706158403032,0.017252211162331117,0.06756520238209422,0.038579223998344875,0.03418686703545772,,,,,
2008-03-01,0.004907521006955288,0.024489003115821733,0.01694984113530199,0.011771044263211804,0.04138634858532945,0.011054019566706404,0.06667664598042841,0.023177197063997658,-0.019928309713762613,0.0449027290917336,0.027215536104825445,0.018625948736240076,-0.008758976606396124,0.010521517113568232,0.0035952033956569494,0.03079785575034246,0.0179587327403498,-0.00658990003575121,0.014327982644020137,0.010244043743031329,0.016936831939423833,0.015167438521330009,0.013622428006081917,0.034444056504457705,0.011456693018701386,0.053043378295200255,0.016769166300543252,0.019124753631004857,0.05480584093605941,0.013183849407369738,0.004360047541615953,0.005096499566332624,0.039330160739649074,-0.010929578443162799,0.0121601936067155,-0.006799020938169328,0.029911591456768534,0.008879940292509284,0.028402424404524004,0.07077899495267198,0.031317565892972035,0.05785881200620005,0.02972907790462147,0.00416218234303911,0.02317772098730145,0.015491554831581785,0.009274243102025773,0.007781465202570678,0.04853167356240321,0.014613251463962905,0.014972034466605005,,,0.08120420214163844,,,0.051665341289067905,0.043327365948422965,,,,,,0.05149677480331664,0.01398005801592201,0.07083311125536759,0.04160738380894442,-0.003844148353231973,0.02659281238161074,0.030039301683727922,0.011470588267135685,0.09142463023878022,0.04514086136134455,0.016868640717672422,,,,,
2008-06-01,0.00732469946838858,0.027821373196205687,-0.005281160573011192,0.00938165635557698,0.04342877533356601,0.0019124225637677675,0.0644588923917703,0.04110147866588886,-0.004312858207408582,0.02987311983390649,0.03825666678090734,0.030829476953729954,0.0010824009524209941,0.01466157589481994,0.012097204102589722,0.0394545156876442,0.02164907479312173,-0.0199022333194231,0.02159407194749573,0.022842006478697587,0.028740644537502708,0.01212569951038274,0.010207378747895316,0.032605133236189736,0.02402457851376782,0.06356541467140185,0.02506907706560478,0.021129141445282218,0.04781377530346969,0.01281484375682628,0.014569592358531763,0.003915986386168585,0.015875272160767215,0.008817077232673167,0.022693483772259618,-0.0074341173831838255,0.032051359234222664,0.014713278660297919,0.02549652021202589,0.0761714606329259,0.02956731734027959,0.02813647497347612,0.02814161448160146,-5.3618698601698396e-05,0.004546635681565017,0.01644916098660945,-0.01191600590692971,0.01696000173314356,0.04379224213449086,0.012964234299337738,0.047077221623501565,,,0.0732531164832814,,,0.06569263439491169,0.04548877421370459,,,,,,0.06539447359688687,0.02126715248689378,0.07921544562246978,0.04597157904265486,0.0012878540991815438,0.01682488368938282,0.030032995735966624,0.027541636617296823,0.06413252395003478,0.04199556171499277,0.03504052266350711,,,,,
2008-09-01,0.014600772998171719,0.017458408308212707,-0.0041795876869589405,0.008194545786506122,0.04808353280122045,0.005890605097956826,0.07926022485832167,0.034201684345643475,-0.0003096934843287819,0.06288092670735136,0.04178249435206784,0.03958695163806137,0.009077207786155055,0.021073546157992566,0.009952030656493971,0.04225378529506529,0.02704195290457807,-0.010829956428889185,0.030928837823710316,0.033149870433864616,0.047358524890252565,-0.00043399832676461824,0.015644494414946267,0.0269505232729957,0.029883893232232683,0.05407576393144095,0.03577144752554393,0.026304704761757967,0.05272273077805505,0.010663327139241929,-0.0008696925253516628,0.021305006148567354,0.035651081229566346,0.013894498857384523,0.04117441171044096,-0.002611519808102829,0.03156184212007208,0.035298879092852425,0.034738271477496474,0.05775762290535469,0.039191445348493545,0.05983024528991176,0.03732323887726451,0.005646601552823666,0.03672098476160617,0.010085016461913076,0.007417327399667813,0.032365248886926046,0.0653409071220036,-0.0024762192615524247,0.033268074621451045,,,0.0809157001936285,,,0.05477480486526039,0.03464084499719089,,,,,,0.04704266699513921,0.020681702886517574,0.03755814026070646,0.013245390922461511,-0.011760378468443813,0.038235532344072336,0.07327242816231373,0.034269017748382945,0.08683506441507115,0.04925078386530877,0.027575528591825296,,,,,
2008-12-01,0.028971807237996014,0.03476236070359388,-0.004047575681365845,0.0116168246922652,0.03601193905822357,0.01756667919572458,0.07039190940033832,0.0470340508890323,0.00664035560566464,0.054628066536861725,0.04602485544366585,0.04758362881319656,0.02556142270580673,0.020006491086688342,0.04306147268472854,0.042537441656215626,0.03345841078013092,-0.007335037480777026,0.039931183305960745,0.024787388474951898,0.04540682301599631,0.010480199199186014,0.028329623465442166,0.04027979565871892,0.04688364875572128,0.06167820854379578,0.01869510770314755,0.025635574088298845,0.04600612314006069,0.01820899582923988,0.04041478683406004,0.01991649463419604,0.04032194375455713,0.015220681184893803,0.04288860628894506,0.004537016548606803,0.034059275462458814,0.03559586297941353,0.02508643923634105,0.053883848530988286,0.03746126741428734,0.05508056691472698,0.04221532024978042,0.029696198822321756,0.02194451308844668,0.012756250363299765,0.00850410394052279,0.03484214918294478,0.03914806183920269,0.025262355699368282,0.02881352107752392,,,0.07240030564235064,,,0.06683693968925812,0.055730165327685696,,,,,,0.047505103817864276,0.021781082970387625,0.04607055613147577,0.04932629404871765,-0.003051826521606795,0.03669117034300602,0.054677609917694596,0.03719027331813571,0.07317397350587379,0.05616951350402747,0.03911341410308653,,,,,
2009-03-01,0.025152022564747863,0.03657931036053579,-0.005645359712418506,0.014716001093898512,0.05155818944956704,0.02216178289610682,0.07072717018088559,0.04924040534977367,0.007646260414413768,0.025518861254933717,0.04462417816363529,0.050648279091349016,0.013540651765148631,0.03403230574909418,0.02663268791155309,0.04075131927372315,0.027961745968217776,-0.00018293267798740468,0.03270993335260342,0.030119489852073186,0.03821165250716874,0.01623459403253325,0.034245531803336934,0.02782542787084527,0.05022073168654631,0.05068711644876056,0.03806983540308783,0.02232974792093015,0.04561007080224736,0.006193000563767665,0.022733330383271064,0.01973365973737441,0.027618140320182793,0.020015705668557593,0.03667562635471184,0.009201217669367746,0.038028586265969465,0.0309453738998975,0.021087429364101823,0.05408246721969199,0.03425369509557496,0.06325669495117872,0.03384110093378374,0.024606029413409315,-0.0004958336765858269,0.03659181622254778,0.008956624745463344,0.028725871434483387,0.04921495941912186,0.010763315356176393,0.0361026805586397,,,0.06361382374791594,,,0.06467072477086683,0.05780852652679406,,,,,,0.04208220426655528,0.02581064133103566,0.04385356371581508,0.06052479367043863,-0.0017962182386527894,0.018016299936729166,0.07163740664888232,0.027143012899804746,0.08494605647716906,0.054201134887037865,0.05130679544156202,,,,,
2009-06-01,0.028604653265585353,0.02512489880895474,-0.007154436078111531,0.017273037145227262,0.05876850058135138,0.02300038759434052,0.045912934571282406,0.044812826096270394,-0.00012572468277838964,0.004188230993504893,0.04738634201123679,0.03693834393725624,0.03169587080792631,0.022606286293633374,0.03148354619159079,0.026747476199301477,0.01933883169735202,0.0026426044811113897,0.023570802971161483,0.044120333768335775,0.051258497977890505,0.02009224030282043,0.03048135792698462,0.021230363822407304,0.040472580141366,0.049586129124564865,0.024848432051277625,0.011347813794714633,0.04996882090275335,-0.0025051977272754606,0.02404445462586964,0.011787284498270115,0.01738030972280221,0.009263423053900195,0.024296342790868765,0.006814093705759047,0.04248117761167635,0.044883396261312936,0.02364908765096284,0.06143443659206499,0.053726358555237844,0.055677335630162667,0.034135570847471076,0.04529685460831214,0.011651837802199997,0.027699197470682488,0.006666868025920386,0.02103602859112202,0.041850011960665005,0.03399072467830641,0.03715872930227754,,,0.05411579307224488,,,0.06162102351095721,0.04454610566445425,,,,,,0.04744518069528329,0.022916764516835074,0.04066869171742942,0.03853892480672009,0.016678388606494426,0.015454214124961752,0.059777044839907825,0.026678243435314476,0.06983069570069253,0.041069364651306846,0.029636803246200435,,,,,
2009-09-01,0.026604443203873986,0.03287756462393412,-0.0020492981654874737,0.006243224887279637,0.04236915729569543,0.018816910245165318,0.06417280775048194,0.02195501781656552,-0.005550133476035609,0.018663928157188744,0.034488814219358906,0.03867431470768695,0.014219038877985733,0.019025131606777906,0.0037776494086792633,0.02189454370046176,0.021056420153859126,-0.009882281238185025,0.019933419046820715,0.03347259059000256,0.04101582459648433,0.005251677521922297,0.01350101504400624,0.04316793704578763,0.04404023427781514,0.04736775285224413,0.03226302438169523,0.010711886151146419,0.055129951272573904,0.0025782249841324835,0.03283010223827893,0.014127113047098629,0.026144212728179704,-0.002010108067806351,0.020101840702218335,0.006102531821190139,0.046579511132268235,0.015145693846903431,0.034798666955405205,0.05713330815171038,0.047901541874661495,0.05453175001126644,0.03244212932739936,0.01658753376956748,0.025733684671447214,0.031081906120680656,0.006990940747086819,0.020805442181979935,0.04967134559404663,0.030435079986052688,0.038192989451066015,,,0.049536003819331376,,,0.06066498123909399,0.049003851016652666,,,,,,0.04976642601360271,0.017814880493243198,0.05109559648851444,0.03804390337329113,0.009536451524070516,0.015622029519417205,0.06797784211865567,0.02654109961677886,0.04957616923631664,0.0413300127476183,0.03591477474730174,,,,,
2009-12-01,0.011768997740036308,0.03582678023143353,-0.007267441126384383,0.0004335895778213167,0.04398665831412471,0.0017727043936944709,0.0647695562370279,0.022587901585605436,-0.01116189276419319,0.02351237651073447,0.031110957211493772,0.0448192891075648,0.0011777100257147326,0.022647398615458853,0.008998908143312079,0.015437511496047066,0.017607976268396587,-0.010583159785780893,0.02048504382299568,0.014225815348653472,0.03131310332183323,0.010525919188092843,0.010067239236780174,0.03125139926580289,0.040263660288070574,0.0557515897517951,0.02590285208539483,0.010454585543566432,0.052185852379073715,0.002014769597945548,0.012372109763058643,0.016262803223702115,0.024834025767931877,-0.0024945972261819823,0.014140712400833602,0.005256871207915982,0.040347463852641235,0.0013193166069908392,0.028387417168179007,0.06453173411798484,0.03427584463458986,0.036449462597599964,0.024471948747245134,0.023888502840047336,-0.004718800318915566,0.02207591919493084,0.006217014447970232,0.015627184361259438,0.039436954146735446,0.030330851965988365,0.03129468865904177,,,0.05555074750640041,,,0.06635134781363292,0.01509392586056052,,,,,,0.051331213827521226,0.010247750246163702,0.026968768757306763,0.05177082030935843,0.017489240684457168,0.019962167939126058,0.06813528434518876,0.021043306730975483,0.05968476194320381,0.0381985171572635,0.026311885093994878,,,,,
2010-03-01,-0.009791449193230118,0.02304644163453711,-0.015038817090577934,-0.007983032058559065,0.03034048845384206,-0.003594253567737452,0.061497207471990896,0.006891940032419807,-0.019767489099509195,0.011916948022081608,0.01041835371133968,0.012644485692680577,-0.013397955615505741,0.00923927169297703,0.013255445729380835,0.004286532567280122,-0.005057592798043787,-0.015354349279238564,0.001115649757613985,0.0002487788449450009,0.0002764663684116492,0.0038221953318578537,-0.009210584174507463,0.011386106492504544,0.036056165725026755,0.04464831243080474,0.03343940028944653,-0.012246743946181648,0.03178669423383588,-0.004497829670247845,0.01104359457599548,-0.005787083428198514,0.011925313234252877,0.003708747654404158,0.010498254603927233,-0.00377195936276546,0.010387017673407559,0.009950279386561426,0.03676748795595704,0.049425325588898034,0.014884069079258115,0.04461826074682614,0.000643944701590376,0.005561523946200852,0.012142162916351652,-0.00024567946564046564,0.003315501850246931,-0.0006228551014068533,0.032343174880012204,-0.007031726185547953,0.004024572691839216,,,0.05991588363092909,,,0.055943661199611465,0.009198785752974708,,,,,,0.029303933382833103,0.00961586697612187,0.020800049395624617,0.05553350946858313,0.0038869940624738563,0.0009092071734209162,0.05985663638505078,-0.005559430036421719,0.03984403105059609,0.028252225648973287,0.019971987060663086,0.0033062507957204667,,,,
2010-06-01,-0.011854361112248451,0.035719787056088685,-0.024956465305386595,-0.01360820146877774,0.03678737947521706,-0.011374492005362431,0.05561612924930551,-0.0036938742548332866,-0.03343996292785638,-0.012638760622062619,0.007851389853895299,0.004790586462742551,-0.0179398352252518,0.0014030551250604237,0.002584793969886106,0.0006367850134523447,-0.010684984282228492,-0.028660202056479792,0.0011994274908527598,-0.01681243086375023,0.0023519425844164728,-0.012209872905741843,-0.0006973315290519461,-0.0006929927529572897,0.02597449819025394,0.04144381468698431,-0.0014911432538948618,-0.016387386758840862,0.009274993490472686,-0.003273510934942619,-0.005395099672485284,-0.009287067378145128,-0.00610021868890454,-0.014164487409842035,0.0037946301005091347,-0.004489886097084204,0.009647329546399646,-0.00026117536760006773,0.023917106066023274,0.048511058528835214,0.014983030521355335,0.026640873041931037,-0.01934720219292921,-0.014855557055957069,-0.01082688217711639,-0.001653464003461507,-0.007939775977046547,-0.01112077992111911,0.03204245509008231,-0.009131209143070296,0.00525446294718713,,,0.06676460578865763,,,0.061170501530523703,0.006967564315518166,,,,,,0.03968843852874541,-0.00395437857269752,-0.012280074815369085,0.02509890280269923,-0.008266797320485386,-0.026671662233043302,0.05038486172509159,0.001564661743479184,0.06495946551320719,0.015895661163048403,0.01563680894338584,0.00015953046687028105,0.018233529033866536,,,
2010-09-01,-0.013318053193235625,0.03670171074253791,-0.01673234426768245,-0.012916248591384866,0.03101664044779908,-0.012459789323678281,0.06712876148974707,-0.007999308810514432,-0.03702898729496042,-0.012873957357885385,0.004793478167965105,-0.0014163550817759601,-0.015591522015467601,0.03220666767471737,0.00804913056515774,0.01702695112993997,-0.00899667832025919,-0.029766073685291907,-0.006595191105642793,-0.013231318907209388,0.0013171552023433502,-0.0029475265020584684,-0.009891512894172543,0.009057261220533254,0.02873348302336584,0.05843976636014107,0.031317433836253815,-0.01800690499299485,0.05203892874111992,-0.008495131181469327,-0.0040396423175926835,-0.007746291390392703,-0.0005142075731035295,-0.00527054244982007,-0.008778709910121552,0.011025644508141131,-0.0034155879758703545,-0.007151648512738545,0.02634428824769636,0.041452473470294265,0.00627350625449098,0.056601803962530325,0.014324563501043622,0.020803398077730267,0.0076644201815125905,-0.009463992572104505,0.0035320300196037256,-0.0060761550277985245,0.04025623135350922,0.013396821223750313,0.03540820752957984,,,0.06400211466942789,,,0.052989329579989926,0.0007034652868054897,,,,,,0.04478304006795848,0.0037094930698803063,0.02184057452728736,0.04093647634986564,0.001607692228952502,-0.0021679927632353457,0.04973514168660105,0.0019509406878691065,0.07275802106344251,0.018217577263303336,0.04403633259836117,-0.0024049811074555753,0.05250914887479536,,,
2010-12-01,0.0020565359265839315,0.03340682719469526,0.009963227161750556,-0.011723097573396775,0.03435199773361898,-0.0011948852408565816,0.07827136010654678,-0.00767943067571829,-0.01480215014519256,0.03119771999140677,0.0031570182854927286,0.004790849432199998,-0.008314441983517913,0.03524240585372023,0.01607503836004193,0.01793108217276985,-0.004315439050534295,0.005902745646145559,-0.005849529970857852,0.004854999174402268,0.006724793533627467,0.017827181541557685,0.0036607420647764744,0.03605927833273064,0.041080115054332164,0.06937487344055615,0.010316825864796588,-0.0001838180061582918,0.08414573515063269,0.0030322638955369357,0.0016358815720721725,-0.0057761173076728,0.013914642060999677,0.015203230161234932,0.009215648549237144,0.017660820578704873,0.02086431149869892,-0.005291987263521622,0.041632864566323036,0.0415488795429345,0.009628323739193747,0.07437878636291897,0.038377551613422274,0.04998216294268873,0.025068841426766263,0.006956786460155821,0.005813748851848041,-0.003650676295458053,0.03948637913910627,0.017078970759469913,0.025301638594603475,,,0.060921611488806364,,,0.06087256939443061,0.010085650450229215,,,,,,0.04077580599229135,0.008131487754469122,0.041933854699608704,0.0647424430071527,0.032489597528567,0.01186902458819472,0.06069840721783075,0.007996365096521579,0.09455701379616957,0.033315618122238,0.037422667811185605,0.013656436981810032,0.06427286864170591,,,
2011-03-01,-0.0031369634858145912,0.033467991079582454,0.002199553135793473,0.0035986544954421493,0.03654594961055977,-0.0018293123161530881,0.05994676674902184,-0.0031289171179457996,-0.0037187689006235435,0.03409424993190407,0.005641025207071036,0.011172910153521032,0.0002607572032464017,0.021757304767605158,-0.0016363563000958508,0.018833459684439877,0.00802647081634236,0.009095140486917596,-0.006554224650248474,0.01974650313522824,0.009704938719795407,0.008164057391325322,-0.00238608943637651,0.025318670515368236,0.04164253429168645,0.0749296222607527,0.025389939060106705,0.014416335573699361,0.056529541678078984,0.001936743886617131,0.0017775932731739985,0.012103371843229713,0.031058291588285332,-0.0003700028568073429,0.00902240275255603,0.01555359326747401,0.016934649066262852,0.013203358641597954,0.050671088962234836,0.05402745119498412,0.015661936645145747,0.07460683383699716,0.03306941322708412,0.045126991431533224,0.038258831777311236,0.016642905821399823,0.012933568748248971,-2.4144466716195223e-05,0.02960319987923891,0.018666591086209303,0.005582024035048571,,,0.06505906053295689,,,0.06072365500505555,-0.0032133360362689507,,,,,,0.039573102995988936,-0.0016868195291046906,0.041125629280041834,0.05612057467603303,0.039621582397237884,0.004194516852274826,0.06912671800355455,0.013112079102882868,0.10723705703891885,0.04835321102032755,0.04126484985890085,0.0032705894866250653,0.0526489018239093,,,
2011-06-01,0.011723370009475494,0.04381713642579603,0.007519422918849026,0.010992427281406448,0.0396657283206157,0.0069570707480755755,0.0582981052667855,0.011417272341529953,-0.005454189609477424,0.055087311935008015,0.023523995898519938,0.025679600827411362,0.009374620867971023,0.032505973371734394,0.012301964829028332,0.022491121510911653,0.02193747268586292,0.026192917607835993,0.01440139175260746,0.010119114661108835,0.018536979232650047,0.016898620630929555,0.014007828011971467,0.03189146653675372,0.04352684473517849,0.09302014723842424,0.025926689162486402,0.0224487652969912,0.06521138824832917,0.009409565038976811,0.004358584322275607,0.026767521351204103,0.04048003016807287,0.01088378119310197,0.013153556999471409,0.017724932386247044,0.02500369665113487,0.013474982306832644,0.04526017638018467,0.06253899322606216,0.03122842310168774,0.07361029235714145,0.03738261771697915,0.03742057155146953,0.06507585217664094,0.029237227347813175,0.02307116032490278,0.007991049843316401,0.03073225118009324,0.03161791285724996,0.018008709349041568,,,0.05873665186496865,,,0.04647517520662559,0.004693348639250491,,,,,,0.027044379611250325,0.01771164390212668,0.02255936621937494,0.0426807680648206,0.042528530591518315,0.019158509950113724,0.06502992171255229,0.01668629965232397,0.1128475910536688,0.052706070101306714,0.04120074210548783,-0.005961683973346005,0.046978579211462236,0.06938754088528314,,
2011-09-01,0.0025727606252859882,0.033439995995955346,-0.003611382399982486,0.00016384946094545827,0.05049831911265459,0.004642380054814125,0.06732602595192001,-0.0014078373376846922,-0.010215566515318535,0.04438572723686246,0.012154300289834396,0.017127802557415427,-0.0022470767171318554,0.019351187818079055,0.006673218285745182,0.03827065830179046,0.005895681548900487,0.011816146759772267,-0.002976888546236298,0.009588678832672733,0.011096074305988442,0.007659609607250246,0.0009628482625670473,0.03668574481904909,0.04247518318457897,0.07803320016483928,0.024147635550734275,0.011764119133025129,0.05166954444335217,0.0017524379226645374,0.0057679534819708445,0.010002562419044623,0.02241368899036049,0.01109919823457056,0.003626876936942677,0.027952963053421723,0.03190707030290906,0.005554383737160618,0.04605338517592606,0.05802062453548758,0.023625855561002794,0.08039689743014194,0.02515305205364909,0.031766498537145214,0.0414034935770154,0.008205796817608128,0.010542330072557796,-0.0006860156458666132,0.03428304199667096,0.015815129384713415,0.018782219023633154,,,0.05249754984806192,,,0.0589717991336262,-0.004377466899420659,,,,,,0.018624512922341453,0.013685847271565878,0.03280644403469299,0.043924388365720386,0.037021637483656264,0.01570149557664473,0.05213687041295115,0.014659615722320924,0.09517767322550108,0.04027840130370662,0.04425448664290688,0.0029087828702392873,0.04713588311604898,0.058045619261714164,,
2011-12-01,0.01566580334048391,0.05008364252691713,-0.00013497473828517255,0.007874965791197818,0.050143509410796885,0.013327711539727246,0.0714139009412796,0.012890005340244804,-0.0016587117422853243,0.04500850583598992,0.025676399856242926,0.04098885991364769,0.014460563130182156,0.05406455215542955,0.01061318432778963,0.04014265221547123,0.0278964371152578,0.03234492711546106,0.0014653587809924191,0.02954650352043341,0.018465928716792684,0.012830089857997409,0.01822758405848408,0.10304858486590662,0.07352418381369666,0.09940346911074024,0.08122692554593625,0.019361229109732286,0.08749140733601057,0.011670180444104901,0.01565178752757202,0.0034219158428765994,0.050120075902670674,0.04810281103341198,0.027385385934373462,0.02734387222874373,0.06461795587170918,0.01600939523778707,0.03696632668855242,0.07957016677732781,0.030939264473171513,0.10371339576573513,0.04405651521476634,0.06451591404739865,0.042731847937637735,0.019657905580094535,0.017974144049539204,0.007379364495164144,0.032729623158012186,0.026136729123137085,0.06190139796124242,,,0.07475698609616192,,,0.062198281986333724,0.008686541968696369,,,,,,0.055244758036427664,0.024327553534239633,0.04873705350851237,0.07064694364849665,0.0604846464227435,0.07036016279458135,0.04966348438071702,0.01535610998917162,0.10232258178656516,0.05546820797955759,0.03523044976631529,-0.007281235303961557,0.061921975797893485,0.07772216101137829,,
2012-03-01,0.012461654041445116,0.03981037612580763,0.004431713543533078,0.0076826119808977664,0.05285198169391467,0.009811851606577316,0.06585658161962919,0.03407187874395516,0.004089605204967896,0.0378676312603719,0.03642979796384498,0.030673462431184077,0.017459136191133325,0.03353755854496307,0.02023633396292118,0.046737705420156594,0.024754320226847294,0.03000216733720522,0.01271738241635762,0.03412260641406304,0.035365436052758624,0.015645503042950423,0.03133458333059577,0.08193239247084769,0.07352960874157842,0.09411704687015308,0.05036923670533677,0.02077502958507411,0.05526957117729985,0.029320274954857492,0.027204839716192666,0.016418254168711968,0.05189752541050902,0.025327531062686703,0.03377176455945043,0.016292973758697142,0.0636371658101202,0.029061624038650737,0.04283636587150486,0.07571176977937022,0.037537581446677085,0.10234132915620521,0.040992331640966856,0.07061180508482634,0.05875506925023949,0.022741359636478796,0.022079810133850467,0.023709514738828905,0.030376360215505067,0.024386908467362335,0.04058994915457969,,,0.053014442863905956,,,0.06442727361044301,0.021764425928020383,,,,,,0.03310800717448702,0.023915409806363704,0.03909917306437112,0.0641598900811172,0.05138107190675931,0.02976658753928314,0.057279916981528206,0.02628876247882339,0.08832062667908706,0.06924348753677825,0.03955084497614178,0.009966152439239161,0.05837637407784299,0.05719512363164141,0.05622299776271393,
2012-06-01,0.03221138228285004,0.03650825114218817,0.013270357341442409,0.020503633029708267,0.04331384690794,0.018734610597645026,0.07841057970964656,0.034327863469686144,0.009945226550440027,0.028097801753888735,0.046075953288445104,0.039098593960424664,0.02542789731020361,0.04396818932641375,0.018594438780765336,0.05883897632974129,0.03488135129002789,0.03233462374469754,0.008406782953207402,0.03204988511918334,0.03712413485012398,0.01689602041609489,0.03483832399612566,0.04950160340351097,0.06539941158605254,0.08548037782587885,0.05326530297801861,0.035435463270655616,0.07401774363165843,0.0433000718102025,0.03600277010855812,0.033400558225854124,0.055278016616822204,0.026876252280645593,0.03298101123808132,0.01761335355105872,0.040955501230799884,0.034914504657589045,0.048958966542044145,0.0764592740749189,0.0437386169388125,0.1115284500087786,0.034267435743512695,0.036593686042715866,0.053540816114264596,0.015882563167485785,0.03611941513263104,0.022485718833420952,0.029108287359737098,0.022004854108963467,0.050410694421633664,,,0.04945799328726041,,,0.07819750254029884,0.040482983757654176,,,,,,0.051463499248005445,0.03503033748969484,0.023165400447339037,0.05231811947191867,0.04218595367874694,0.024038974122439268,0.07250230446916885,0.03603447555573729,0.09042681574946494,0.05529664100047309,0.04281404138086789,0.00506550511813593,0.06847155877090079,0.0630930787088209,0.06076525449928651,
2012-09-01,0.027091664602799152,0.01502073317625593,0.002019314454902442,0.006907097122671882,0.038220183007009294,0.015720621437186597,0.06534736842245342,0.022143830513304378,0.0037430356803877444,0.0034205650029782773,0.04523930461782786,0.04795636157395366,0.022058227083496352,0.03473826413744274,0.02322841931987091,0.056304432302045695,0.031181739336476156,0.0194966681010457,0.013517309641594413,0.03787541284393656,0.03076782119879762,0.010540804879830563,0.028596012905062043,0.051726569024916236,0.08883794964978109,0.10953618119928075,0.09390279758645148,0.020187272173861594,0.04605794784598992,0.03405521976440134,0.019161020888850393,0.01532590689159708,0.05527317507243975,0.030092286963025565,0.02614667673480614,0.00824897552057683,0.0514549213308457,0.030163012531033293,0.04606193447518471,0.06287322600297283,0.038559396039569954,0.10544553751458773,0.04555159744148759,0.04454113969894436,0.04689996263720057,0.00844073899295338,0.02677736832434745,0.036218996548102886,0.04333765326128918,0.019881353067672723,0.04229197442135835,,,0.05814337043481995,,,0.0656319777143442,0.03395094756072527,,,,,,0.03391073539436926,0.03180166601081685,0.014069274750526342,0.059571790048783546,0.058002220184865484,0.029458964063937772,0.05768444880431139,0.026140808128753953,0.08167551089390851,0.06405698156330478,0.06697567964259912,0.0006220992022130824,0.025972443854430798,0.052671563140708005,0.06756668757537002,
2012-12-01,0.0057462134987035455,0.012811109380160859,0.0030859266329866858,0.005957826388456755,0.044953575919629285,0.005842334670151449,0.04425990842641868,0.005855139759181444,0.002125238450108676,0.040763842696140584,0.019888323331972716,0.02616886220975044,0.0020152030072743995,0.013355464740644009,0.014157580704628898,0.039829239974700115,0.029014863451391353,0.02650140409133754,0.0025269532543732097,0.021908287777506197,0.0036169494462957312,0.016473722732514486,0.006234439913894021,0.02689095865827687,0.041317234270720635,0.06620869701568041,0.061035585894513474,0.010078309903164637,0.03781444608634962,0.0010689469411875453,0.011595326468062722,0.018377593553667273,0.03559923324320003,0.0395815044030303,0.015881492554787466,0.007289937802669867,0.03879591595597539,0.005051975376685623,0.03677937531714717,0.042672909994851294,0.010919149401348728,0.06882671396901767,0.01766583996689216,0.040793576835163235,0.03896864605138574,0.0016539321933432807,0.005707767128899311,0.0016730399627039223,0.032087307907731205,0.015836594530913024,0.030035510483486957,,,0.0372447049636234,,,0.04025548843809083,0.017040313840717865,,,,,,0.009589520654233708,0.014060986519789811,0.02816012228261318,0.06385376494897461,0.05597965105915657,0.017282287591858222,0.047101893881731506,0.007099380590507886,0.05459559180495243,0.05573649813289508,0.03886790225967845,0.005141195442588742,0.03378295239480659,0.03645171580577171,0.05684561249305653,
2013-03-01,-0.002456268758440549,0.000805614520381155,0.010326173870392977,0.01024394136122072,0.061029934438780194,0.0005925924619735057,0.071076325744731,0.027448996938886906,-0.0005879014040803295,0.03544153205389365,0.01426823663488356,0.01780917915236199,0.002583193492451113,0.010197235959271996,0.012704088787988128,0.036324037368189496,0.030660835854627172,0.010817619393023283,0.008861124541540283,0.027939206194705773,0.022306488807311255,0.00643105806112707,0.03226857213592607,0.018679180641729912,0.0625929292498691,0.06416315398715977,0.033165689085594634,0.011855877475739551,0.04317321738906855,0.02061250384135234,0.005408743233743691,0.023460862216086058,0.028916863883443486,0.02379308836297486,0.011760092077305145,0.009438007266675085,0.028767787693492988,0.016404117078090443,0.05530681643612675,0.05394450567487705,0.025768121766273955,0.0748111738781696,0.010025572428005076,0.045845052230132195,0.053933864817686486,0.009593240347028065,0.023220734656502772,0.004385399993812628,0.0363445728081213,0.020014117621787637,0.03763890968554386,,,0.03936898040691348,,,0.05263791544260431,0.007665069580751672,,,,,,0.009027652466568448,0.014596444283536538,0.014311861442365978,0.06692719829229574,0.04086355877023622,0.010325257529032066,0.03432275572248909,0.01289542847600782,0.07276630366327126,0.049376933842443266,0.03440411110633938,-0.0007648756785756002,0.012074342598577169,0.045915891663401404,0.057555246846221264,
2013-06-01,0.006297926865686627,0.005019219647727677,0.005051535019825624,0.017814916111802918,0.041581534734496606,0.011521597958628414,0.061740030760461105,0.021095680302693032,0.012420401052910797,0.007732173918368518,0.012187196824377624,0.01859261802174517,0.00954495980992143,0.010538246073844262,0.02663266888217866,0.046241236627211926,0.03323951945594252,0.011772251501137749,0.013100460590564262,0.03034339858809549,0.02161105579568272,0.006863749555879094,0.029557429677433595,0.008092351365726377,0.046861384780953426,0.050089862996141335,0.016433997897421202,0.028411040559870888,0.048021400802169635,0.024845679362327497,0.012886615049455388,0.01615756975846917,0.04331926468333614,0.009554439700617387,0.026199525104356015,0.008345129045458921,0.023503384082001387,0.025637680760119595,0.025661539018391754,0.05462422306649897,0.027476880678122914,0.04314260376508301,0.007133362051981961,0.026083310322535067,0.02765403054662739,0.013074797322868608,0.03072083687213226,0.005000467957385608,0.024992616736453963,0.01112581849476099,0.036605196826024367,,,0.030837659707102158,,,0.06095380133721589,0.0023058863989996376,,,,,,0.009670682125230274,0.027446045482775325,0.009405063935014012,0.05264999551039572,0.024862850624716226,0.008747857282321298,0.01902832641454779,0.019119663375955765,0.07929294189238083,0.017550130121683084,0.04727399837983771,0.0037750822545253616,0.02518343749536457,0.04749252858834427,0.04289073033844246,
2013-09-01,-0.0013306889459145817,0.0009318554524547802,-0.002087437619563483,0.009712624533864189,0.05119778572827025,0.009260341154333374,0.0561143110769218,0.01543937885196252,0.00389211571238122,0.01470567839494004,-0.002988218705682271,0.015858647380918398,0.00569538491540175,0.005951906332343935,0.013778346764213663,0.044065676445168345,0.030713109537922563,0.007093705378546792,0.011530762389901207,0.020164906193590133,0.01553832100852361,0.006045001056325981,0.016850507931221285,0.018414629433818858,0.04900478042099638,0.05969174155476446,0.039454103529546466,0.01539132862098212,0.05540342439718055,0.007404321510951801,0.01772385896869203,0.010216552819658824,0.04932929827484871,0.0032761234710903535,0.017963886244471556,0.004805652068752682,0.020563069943392253,0.020316020034894137,0.03769627112758017,0.049289812007182736,0.011454175640475052,0.06565524423659767,0.011254618729903179,0.027828545305015395,0.047141154298724765,0.010822318019417817,0.03306678447856437,-0.0015711150322261047,0.03394119358755316,0.0029875709021496724,0.03334540587960296,,,0.033993164592759056,,,0.0470672308261575,0.025181062280181476,,,,,,0.007503756010163274,0.024202622441205163,0.00781611129955052,0.06366723849387948,0.022207463253556266,0.014812178023158982,0.043788572154903796,0.021519546031111614,0.07493838988185854,0.020204428885721312,0.0642375952602262,0.0026498435344616852,0.024863281848757343,0.05196035355989619,0.04396774502149129,
2013-12-01,0.005429017228264463,0.004412703706330125,0.006083337434156034,0.01158791394950701,0.034596259162107595,0.01770894985241107,0.05149153466188132,0.017148335030960683,0.016988764527790454,0.04791573051391582,0.003598137579507664,0.01437922800297128,0.009388399374371246,0.012045395426448415,0.01775102223330532,0.03242185293012089,0.03659740948521645,0.013671744979844948,0.012984391817512642,0.01510300355104185,0.01679572380346599,0.008652202680882591,0.01562696868785338,0.0026052137848086103,0.045686440235711716,0.049094114546964544,0.02035615701096514,0.018623547831397688,0.0646638309251117,0.011367856164910732,0.017575833820751913,0.014145591990394153,0.033238498947373796,0.011201057431505962,0.019317761198725875,0.008959143992439194,0.030087644658575576,0.01896962147120359,0.038515190005711554,0.0484722033153136,0.017365789104836,0.04892694781159004,0.009033982586269331,0.044845998053175455,0.04932500229866844,0.005935877682741239,0.02482412763142604,0.0031228549094797597,0.03358631193305194,0.013026760242849782,0.024774450468741743,,,0.035610013277654916,,,0.05330442592158688,0.07125362496395493,,,,,,0.013346705606105912,0.024839285187930073,0.01975116768813294,0.0720407393669474,0.024246314279175337,0.01126120259151113,0.03890124814687345,0.04147901210959626,0.09282732457454194,0.04445702932675295,0.03538061451996195,0.013491470591608124,0.02817046250427112,0.04042673627199373,0.0585784942737909,
2014-03-01,0.0031065042582308954,0.006388317074274109,0.0038552035014579713,0.011521158674946618,0.04095113121301468,0.01417209340830001,0.05342132410787209,0.019109197482352142,0.004692410896032279,0.03953799256448789,0.007749202862454192,0.01663191379686515,0.000490502452353115,-0.00024546432154903456,0.020293742779701793,0.03185268125638971,0.022327145861143934,0.011213629644475953,0.003228199694043799,0.016689247071807724,0.013554463558535507,0.008031716525517239,0.007262169627923212,0.015854231398497655,0.046664757314737626,0.05646924505857742,0.00318744715831975,0.01036213126943669,0.07169816835463019,0.011644246075299802,0.009547925685561464,0.019429539926312207,0.027863643401610953,0.014942025459127454,0.01515912127727785,0.008247313757738507,0.006815775401690813,0.016499234936025488,0.035142782140441475,0.0545958496696113,0.015528453719875863,0.04306123003078889,0.006264613490830521,0.023669394867459982,0.032333464291352074,0.003574852457170764,0.026779821819653205,-0.0037615554322587017,0.03439454340271818,0.014289715132485675,0.015213485350266712,,,0.035993777249161134,,,0.04896625329502289,,,,,,,0.015773882456871613,0.024874578531146718,0.019636780237743172,0.04815501851105356,0.026455369770548503,0.00292577295004849,0.0423636420848108,0.040244886247535056,0.09737820363042028,0.03508535015419515,0.021928283088743353,0.015368087754180863,0.025628274572999113,0.03604059039628598,0.024996493247572086,0.035603866191364644
2014-06-01,0.007166965196245742,0.009698095037993263,0.013823275613859234,0.01572131414196285,0.046127069056146136,0.010473019992561877,0.06129675600690227,0.024078397284827694,0.01704468376198499,0.017521201756022634,0.016155620876057295,0.01843624200205436,0.009342057886387915,0.013746247792980464,0.029778266341511844,0.0357213309959003,0.016752099472522625,0.019484180405461012,0.013333471633969331,0.020564821994440822,0.021578809851842778,0.01919677722530813,0.020456263288206537,0.015653341446057633,0.042916541021674436,0.0492255278773435,0.012690458411858894,0.021243093454568703,0.060152520510598134,0.016092749722080173,0.025480243593265978,0.016884261254461807,0.02840934594560351,0.006976328343916658,0.021470641117329544,0.02144280197379579,0.012215147447352484,0.024567061863266054,0.03464806798540447,0.059212264766112625,0.019972110734838452,0.04338505287775413,0.020387655797680936,0.017593254138691353,0.04763675065192903,0.015969268700522468,0.02865153475863726,0.006078035307211349,0.03800873953792254,0.031384936415753024,0.02568324974842566,,,0.03756967853541736,,,0.05148479168778272,,,,,,,0.020269366873323633,0.03364202229689011,0.013869585816481072,0.03160611369895443,0.0268908315051309,0.011921299600232948,0.04556271528357675,0.038676374222959886,0.08016840069099482,0.04848764304499914,0.03675860795046384,0.02073218431920351,0.03382644048510453,0.03164517084418632,0.02623052954678649,0.0566355439216419
2014-09-01,0.016632876291564326,0.0043636961644535335,0.013920046046216179,0.021895790070642174,0.0386210143136104,0.01614213646083402,0.061705210895135386,0.027506153220548633,0.022471899300335562,0.027534441394336303,0.023300170777434594,0.011490781686262776,0.010403542362004088,0.013118096427286625,0.0183497724121747,0.040754946958229364,0.0213358282920445,0.022367363506369496,0.01184715448008422,0.025475886827774002,0.020977338143211642,0.026168027772708415,0.035419678121586105,0.02636933700923783,0.05977104914931619,0.058034045014744094,0.011345263567907535,0.02805170512626763,0.06010237960806621,0.023979680202041286,0.029836577016937493,0.027376334077350514,0.03620195665527601,0.010234660182562211,0.026761364507694185,0.020576307844219318,0.010433172132769725,0.0272949613208808,0.041814589825777994,0.05354725313701322,0.027957412172616176,0.04192638251518646,0.024403241083549087,0.020405041685752287,0.05791816626124368,0.02605115275801098,0.030624090614959548,0.013591674589151427,0.04038266613036035,0.024252547507002384,0.025662090979768678,0.05743629131329367,,0.03752989164835413,,,0.055067766043598906,,,,,,,0.01691324461844927,0.03892763467493747,0.013874164217560245,0.0331461669429406,0.023890132278935633,0.013266114128746297,0.04548191384106547,0.036050732067256806,0.07780249899752407,0.05662551849094324,0.04097836010838468,0.020043528770451985,0.03913478783700001,0.042660277433452354,0.02927574807722531,0.056411293386516626
2014-12-01,0.018850569506702324,0.02399966156666382,0.019072835546841155,0.036399075798378734,0.05307437274355574,0.02154782056298927,0.06461686362388044,0.043053627594139506,0.024882408360514325,0.024884729163492388,0.03709776165348002,0.03961715616880681,0.01714910481957983,0.01085752428518283,0.03450386663868717,0.03646656204726009,0.025871801424571225,0.024825149523187144,0.01374224197087617,0.026554848818197252,0.031054446899548383,0.011989954415685587,0.04468928203077912,0.024823310934084488,0.07139632125341386,0.0676055738613792,0.02296173134158804,0.026746374576157538,0.06147080633429873,0.023511661016891585,0.013135660167299223,0.030420317999646982,0.03507899538524589,0.014124288166105704,0.043533249518631315,0.017117118004712578,0.01995226525671308,0.04301679601940039,0.03580351875939305,0.06255052753230797,0.029384786726800945,0.03093390120013418,0.02745585236780202,0.02759610950298856,0.0512327153006623,0.02848785936849356,0.03238724859829973,0.01114816820922725,0.04809585704647013,0.032446140624535665,0.036796917117634644,0.05072454095717228,,0.03691041869255614,,,0.060098728425342474,,,,,,,0.01970162109792461,0.031588653409317775,0.023928776288546404,0.03561274356018359,0.03154029984136592,0.013001433654717573,0.046822023738650305,0.035821915261715326,0.08511670922959756,0.04902121389598862,0.038890535361332544,0.02922433177643009,0.0453657998168585,0.04771584395332471,0.05032983915947311,0.04568026231421219
2015-03-01,0.028156783118025868,0.03426423076085329,0.02898776831977125,0.039724668793387784,0.04728374954956973,0.03028178216831339,0.05372295772670533,0.04456557292051629,0.01265148795989493,0.02953681455896239,0.02713649661070068,0.03743647031045676,0.012789448633172181,0.013084175314198612,0.03498330395136579,0.04330761366555698,0.024762492405510976,0.03430686832308073,0.02015795703474407,0.043322870723680997,0.0400150492322124,0.023556475303142272,0.04066639223217499,0.031943667672053554,0.08081933192920494,0.06238385628019915,0.021196819848240962,0.02511751713996426,0.059332726972670904,0.039364442862034436,0.013397070466739412,0.03262578227140376,0.037722466565700156,0.012495050018780816,0.045836477762139186,0.02095152872791795,0.03189138750582643,0.04252147500952686,0.042721489426151144,0.057232461143394996,0.034792373190745074,0.02730630813700103,0.024766030443101685,0.031920770821124045,0.03824988023192113,0.0314482188145169,0.0407588490899533,0.016592671073318365,0.04105879699672243,0.038437157884862634,0.0386520563130606,0.04843813721607426,,0.042383646447990614,,,0.06030683069306322,,,,,,,0.038262582152358636,0.03649643172624379,0.03345795942420904,0.06777318435635944,0.02992071470738186,0.02894154039924985,0.045028308880270436,0.032238823640480495,0.07328734890822786,0.046791869900535146,0.0391557418390324,0.027161216582955693,0.04845161868055699,0.044354924640511,0.04536068080012479,0.03857203822356663
2015-06-01,0.016922739506550363,0.02185271673446302,0.029209968989863833,0.041115405270624426,0.045691739823607774,0.03915212306233407,0.05368266056571235,0.04099936172912906,0.028803505199503084,0.042202268908878106,0.01709232176513952,0.02761185674720804,0.025461052728042128,0.013979808969833024,0.029449858908799698,0.052493497113705566,0.02619579523429283,0.030742355469064408,0.021356587542850514,0.03458530434538871,0.03570619176966319,0.015392082266636062,0.03032177461523928,0.011126110573051289,0.0791748257946886,0.04954183822218265,0.02511595055522581,0.033234495976097816,0.04485435477136874,0.0370801935263678,0.02179561401307397,0.01832295973281547,0.03193916668835717,0.01546313781934184,0.04791100479779975,0.019178620642900764,0.031843785545214734,0.03864596738903346,0.036625955656373714,0.03663705631568063,0.030249302697495404,0.031397084032606985,0.020217722163185597,0.023955690413027423,0.041618214019243205,0.02676432612376013,0.03894871042874946,0.0139566529174407,0.0319496426097274,0.036295216936231,0.03529837287369455,0.038926970332825224,,0.03640059052411343,,,0.06184099725190691,,,,,,,0.023519314188907115,0.027116678095876003,0.027691337670187353,0.06005854007659383,0.03262851827094289,0.016398936935572785,0.035564698151348585,0.030190431823161185,0.08230010804840406,0.04837469983092858,0.02436741921981586,0.022129352825795253,0.03047362322017464,0.04222615217907518,0.036869046124931894,0.02845298386758293
2015-09-01,0.01738948916088202,0.02450896240006748,0.03186769173511566,0.024037419525895654,0.05645103856199725,0.0248941882447564,0.044413833737358153,0.04128539752415902,0.023729390605798532,0.04682279065352937,0.029220327490375335,0.02506657344121767,0.021747801910992546,0.025056736107173704,0.03340846246878498,0.047944810008642494,0.031310908928667266,0.019957527664730954,0.04730347958263952,0.03356258807550138,0.03867818516213047,0.018490203187921633,0.04270196670124593,0.011488193146170637,0.08856367807178281,0.05169684637098675,0.021850214857281378,0.030150806960009505,0.06392988590409991,0.04556038391792218,0.031013781739372165,0.031184915763172765,0.04044581980018285,0.014429610018856393,0.047162659375019,0.02252465950418354,0.030510791613065594,0.03801533897305873,0.04335830912777508,0.03949982160194276,0.03126276694940652,0.046888415636079234,0.028278367141019334,0.02989565684722591,0.051042628401307265,0.03659146062935948,0.04505010603069904,0.012630535988294127,0.04069697757204348,0.025189689046192777,0.04052881542771166,0.03976979376793172,,0.039482831004493193,,,0.061561733716018745,,,,,,,0.02268016988041058,0.036446573178916294,0.026580690116898557,0.05928111104892086,0.03758884080502967,0.02210191114599381,0.027658142079614915,0.03587313695818724,0.07241556902853998,0.03989119923080624,0.03785130459925369,0.014660422134682103,0.03677649158499118,0.05376370904397728,0.03642268263840676,0.03430637021716519
2015-12-01,0.0164504973910683,0.02161592259051632,0.031147957290488883,0.0323858181360579,0.05916367594866814,0.02427375373215256,0.04601581222030234,0.04490074317634661,0.02680061107459269,0.03695765903418226,0.03263199960052553,0.03197156653384491,0.027761378357596348,0.014721399436614633,0.03104211768331524,0.05212291816454694,0.024472902098276662,0.032157456205065806,0.030190383576878053,0.02969405709763328,0.040427313831453586,0.021323765489992322,0.039610055202205424,0.036941420255760464,0.07327399226104034,0.055791431772982174,0.024530382239557707,0.026793661263363723,0.06056122956326027,0.027618368068350746,0.023336549486243727,0.030641213670369632,0.028032010013712264,0.011208663339880314,0.04453471086268251,0.023997321584186288,0.023057555923986457,0.03235867076521332,0.04433819836418084,0.03109593961000395,0.026706459181818368,0.038661527536558764,0.021023097436117952,0.03442307665546715,0.0566824876163757,0.022933580663198495,0.04440489028245358,0.017314100106451152,0.04473198957321943,0.021334340197034125,0.04075056521795028,0.03061127607400166,,0.03701569527839364,,,0.04714930783128282,,,,,,,0.024688693252922885,0.02845263037283193,0.02673290763179303,0.08685270658057268,0.034475645639286734,0.024647743698132104,0.038112712255772736,0.0446407327341312,0.0853866213811238,0.03872827132030333,0.03049115596909826,0.007599046448871468,0.037752140115404946,0.04673838025359829,0.04023378145874406,0.038534701814284124
2016-03-01,0.01093854748730386,0.01877961982746698,0.032907247658533895,0.036084371798148746,0.06302412140076599,0.032576802551403605,0.052604670563850264,0.04830563676035749,0.019037871116071806,0.03384468251961203,0.01756189714667292,0.040617655642360535,0.013102227733278024,0.018935649300431588,0.030449572298184135,0.04607228600623559,0.025748408342234498,0.03232268968496723,0.025596178330105825,0.02275861831950217,0.03131979464851059,0.024828253624726484,0.03924092984213798,0.027410127900714967,0.06273856451416161,0.05547992243498533,0.01673715295776857,0.027323265732620686,0.04869709971809944,0.026327108756357864,0.022797889494284757,0.043389987151830595,0.032998325516414566,0.029262066514246073,0.04158131917657635,0.025849273610039244,0.01624496569791921,0.03207281558244488,0.04710491058956165,0.033304593792830024,0.026262453147591507,0.042793977629378636,0.019937611006850195,0.040068688875814884,0.05265912508103173,0.038199988419500015,0.04927786718499064,0.024739525167815343,0.043598832045811255,0.02721762274579311,0.03620896849111981,0.037079584278217295,,0.03921059970983724,,,0.05595949515912388,,,,,,,0.040551036861815506,0.03209304206414489,0.03978566359082167,0.08156738307730464,0.03616600687747604,0.030842191762227925,0.042997488417698466,0.0313506867655468,0.09128087176366735,0.04746068080228274,0.028916299723584102,0.012260986306582188,0.037706832756519794,0.03638612817609485,0.04404494151565,0.04049374247015697
2016-06-01,0.010132569238477093,0.015630816482725077,0.027509471540700742,0.03684605205717593,0.053828391012756625,0.023892482044967845,0.04595991392939913,0.041953748075827885,0.03082667597419145,0.027380005927555188,0.008549346061575034,0.025867751719192165,0.014874168870583326,0.012996632521904486,0.031367083350544424,0.04829875369837231,0.02344198671114122,0.022922293054337253,0.026048755724391047,0.03968700970423966,0.027346830167539738,0.0258778689617158,0.03390496406888343,0.014847515911661828,0.06970519512445154,0.05201135285577931,0.01939870771819996,0.02439480766944403,0.05126880270895482,0.02927231084843686,0.02532901262794277,0.02975156201133872,0.028287991372469422,0.02675950885862962,0.03741730669697083,0.027297449969044426,0.03397357912005783,0.028947848552825048,0.056227264429853256,0.02918010893431484,0.01898606596832901,0.035736425058338905,0.014827994102425263,0.03978987437615164,0.03953022830070073,0.033566090899188245,0.04297701893763974,0.017313007145192422,0.040480653703482014,0.01928743902634291,0.025778818339280588,0.04701251387905622,,0.03594575304521763,,,0.05951333820233195,,,,,,,0.03230096146199545,0.03172193413507627,0.028595752009204955,0.07439501108529384,0.018425106673823088,0.025494219842952418,0.04887303334919994,0.03486320401636875,0.09474378204969942,0.031085979262865607,0.02572899257500524,0.009663350955358259,0.02663795498007299,0.0456273417920725,0.02346482027513962,0.03266018924458738
2016-09-01,0.010798303252089518,0.016205375683043106,0.02592896469772189,0.039353821881476396,0.0535399794603087,0.028248150997674745,0.046062128471677226,0.0345491587084851,0.02431885960391926,0.04479333549360371,0.0051073264308197815,0.024579816014941473,0.01727257326022097,0.011495494089054974,0.02336561727443425,0.04034636415348314,0.020833973009535517,0.011091086025969634,0.02386535443594467,0.026102194588913597,0.030078059181700544,0.019428677025954008,0.0337572887090945,0.024529908284851618,0.057704581830788415,0.05736658210972077,0.023808419956033264,0.019394501676273893,0.056331455129498956,0.023029492832956525,0.022303534927788343,0.03690142168903523,0.02302395830295434,0.03975578580081595,0.0412350214420895,0.014586078547036179,0.02981483281856234,0.026063087114276972,0.04687164808032044,0.026121989686331615,0.017422876101043965,0.04426750821120629,0.017782519981959025,0.04064477286736719,0.06600209287924778,0.028264670370611564,0.04213002784550016,0.013861396502757677,0.044168422879449346,0.015544760380341083,0.026569100068354428,0.03280468397520332,,0.042110474568805074,0.01939049344194,,0.061757216380015655,,,,,,,0.023647895704754274,0.02714246915525999,0.027672287020602822,0.078880706833214,0.01488221376305784,0.025063013034043787,0.05223432816589237,0.035957478089585396,0.09160277070484076,0.03686243117647514,0.03618666645368224,0.014214117331450164,0.025371015655651977,0.04077546177095257,0.019538815824768564,0.0348306374978021
2016-12-01,-0.0023460354580044727,0.011314875844887195,0.017014243696677443,0.034253221409767026,0.0482210988737156,0.01782172350957197,0.03633852309761028,0.007134611814546908,0.015027124189932961,0.03757180132897048,-0.003896805354011407,0.02545487633754184,0.0031010268560953086,0.00878712545894799,0.01789892584158771,0.030598715808460346,0.015639146299348764,0.001326771042109719,0.01805223092591672,0.01408342136994304,0.020173478148097654,0.015386519982877028,0.017045944988854877,0.015151471552435649,0.04418540285429569,0.04039948345109652,0.05479025062919942,0.018719691627550848,0.03541542055606785,0.018313467729038805,0.01283401803448095,0.017064257817011434,0.01733301365949916,0.021902462604076564,0.02229636405425862,0.011129063782892584,0.03214020646424559,0.010089090623650883,0.044926305884332704,0.012954986708480432,0.015183556146776604,0.037249402457845096,0.002748222267567625,0.04174292499649244,0.05777970072512582,0.022818125856058972,0.0288412118817181,0.006901842284688672,0.03725449649526475,0.013130158990583354,0.022274497520816693,0.026629018406392396,,0.032591132919474214,0.016898030130713,,0.05956357704870428,,,,,,,0.020739501735105133,0.023921645916056954,0.02170375994785417,0.08609219119813064,0.015386597174738018,0.018298908262084815,0.04643653066176134,0.038784618296917615,0.08755072690543761,0.0291550988813862,0.012656788104605776,0.007000119253322806,0.017706789532286625,0.031175927892832127,0.011617300924246121,0.02838254255164796
2017-03-01,0.00259135988483627,0.018858366402644506,0.022522684367133016,0.03935017114415268,0.042599308331167325,0.03927694223743385,0.029986841736187375,0.005902984589782916,0.007477999954916361,0.029051558975310483,0.002709205647643996,0.01795103166290238,0.012889397319912732,0.013286685376948439,0.01295911227686339,0.03041219352812351,0.01619231145690852,0.01641439456092342,0.015071007433721823,0.011194701132797231,0.019321919323458468,0.012664842084438155,0.024130438571166982,0.005180583249984051,0.04005980350557867,0.03063149556496736,0.03957454760391489,0.02158503895279099,0.0445581024210007,0.014220017831639635,0.009937742653555142,0.023714854207701808,0.02258680661717454,0.03165124332999071,0.027120227397068715,0.014595688769660956,0.007823580663707306,0.01090623070888029,0.03869012401649464,0.01768647644499477,0.012292029663421387,0.03170624424806247,0.014404848489653224,0.02351132157260173,0.04254535748827962,0.01974910833666565,0.04866962894446899,0.003904449997407111,0.024539310891473785,0.016484056485723143,0.019975138269951953,0.03328711221326573,,0.020119049996326938,0.012047304671441422,0.08088898863155002,0.04041745225870225,,,,,,,0.01149829231541743,0.020119299457503122,0.029981965407305335,0.03518834137976472,0.014211983068268059,0.027655010888708333,0.034271663712958846,0.04280989862423934,0.06511979221389687,0.01649215102016226,0.01079337986494741,0.01012838759949915,0.02278537270379958,0.03725581829201995,0.006956817143445464,0.03306096632197504
2017-06-01,0.0008665411038524482,0.008224988432072288,0.02660904943435342,0.02268372254572019,0.031040927688588967,0.024432629127340955,0.028945359142302392,0.0066664494584955806,0.023057641370180935,0.019881880364904854,-0.003072384093874661,-0.0001680227911600868,0.011148325692815163,0.014416072119170644,0.016377543733050344,0.03967102455886205,0.012908553598327025,0.015017929102325897,0.020919961786715967,0.01630017869250065,0.017276904066935325,0.01653401385958469,0.023626725334447186,-0.0010416554062699325,0.03508608621909182,0.03878240267178619,0.04338817957723218,0.024029302896682314,0.021333479840563416,0.02587278486990582,0.021367632684650462,0.010712057271268649,0.01934806712592164,-0.0002653349941368566,0.004156032046733309,0.016626116558328036,0.007267182881990168,0.008018805974034445,0.037800233990315985,0.011953254192171076,0.013702491420736132,0.020129161968217853,0.011359268479184328,0.013458809136968262,0.026603860261950687,0.01390887184592766,0.033499183238110616,0.003315777930268253,0.03644121955241391,0.012556547559981413,0.022344586610183098,0.026109291532902586,,0.027218105511521564,0.013138516362635248,0.06194699658272551,0.04474013255856143,,,,,,,-0.004632554588292628,0.027633239456803262,0.004416291218198251,0.03100513049685769,0.011285256581366207,0.0128507818062977,0.04190838314381648,0.01888817850261539,0.06242231846815564,0.016161412219676874,0.012102053445659445,0.005150416572433074,0.01583605210409259,0.025692697124451828,0.0057730288267169565,0.02062662518546703
2017-09-01,0.0003353013882863906,0.006531879514635927,0.025905098810815267,0.011421973012784557,0.043914890305766105,0.012035716254549135,0.029069689194754545,0.0013900688213047874,0.0033186225036662877,0.0249635733224588,-0.0063536216078818675,0.0026515698798362675,0.003935316874441306,0.015431953051317795,0.010549584786872051,0.02837513340465263,0.012087057257449709,0.013193288669275818,0.02513797075836425,0.007278168410207876,0.0014792017746533828,0.017340387956279193,0.02779485840550922,-5.7013812736370904e-05,0.03259670448410126,0.027418209601305053,0.02032693921094843,0.026621124524890752,0.036287459258657014,0.020724131929907616,0.008639233605696408,0.007003159360352911,0.014905654150385575,-0.0032606148117906896,0.005292953633471898,0.0185237828911391,0.007161895862887227,0.014846046202630914,0.04889254221742836,0.010444559230316475,0.011359499110233212,0.026149452552079667,0.005374218835502148,0.017988698706386665,0.04295555746365043,0.021899068555778736,0.02641734288977894,0.004538703781067564,0.0383742747545305,0.016802540363114963,0.011336932516235847,0.02631933187541524,,0.025679252391515587,0.010174550686783492,0.05621686019859363,0.048212071212018384,0.05138342651983817,,,,,,-0.009278342029491255,0.03595252050656132,0.002198109460105023,0.04561053163622122,0.012473495261896611,0.022741857026922524,0.04168287256596848,0.021353493498473854,0.07350840590166963,0.008510677009010195,0.02931753539284649,0.005342117983430482,0.02420714459899336,0.03106384225132507,0.0019601878534467447,0.022307695238167474
2017-12-01,0.0010869460936291948,0.012998926520160192,0.02003930501504454,0.025920532233955376,0.035355751639919,-5.748824562340769e-05,0.02547422001019634,-0.00024388375874778245,0.008342335583966947,0.0334132134834532,-0.0019684793207193864,0.02637405437973848,0.0031676325164743946,0.01349873404201316,0.012811068554527278,0.032026766753387004,0.008654802942041177,-0.000983928228954827,0.030786109980695232,0.01507083250302791,0.009603017013840115,0.015476867691548778,0.029324651943111693,0.0044451732507431,0.03442894899980496,0.033008987944073975,0.026655872716328067,0.024163446821332712,0.03422786126291965,0.017963792672637657,-0.0013404795065704383,0.010437876336785551,0.02154966577998586,-0.002458878891622581,0.005216963973211182,0.012874996364645503,-0.00410793551042169,0.011153714147241351,0.030173022059733916,0.011117251735841693,0.005908351500796917,0.022746436482450654,0.005392624654029618,0.02102700268115817,0.05997153758304452,0.023838030335827334,0.012609130153958202,0.007258560683939409,0.036673687420441005,0.018911364075855343,0.028353899146611097,0.023266244274786615,,0.016277803293053533,0.007834432933656757,0.053226189356083385,0.033598349027975656,0.03404906522290002,,,,,,-0.011025070840335447,0.027437959410525074,0.007243524309998692,0.0409079560918869,0.01643557901505521,0.028005821527160912,0.0420561754124257,0.01352759960486267,0.04498991550539359,0.0076732765023965945,0.019598921420769636,0.007418891584467141,0.00868404711420956,0.02575102888560648,-0.00020343579147001073,0.02644992999985547
2018-03-01,0.01766438273369592,0.013117194109537409,0.031235613588250527,0.037657479302286107,0.049518566615526644,0.01145531529940494,0.031210441420454114,0.01331082558799299,0.017788867671313692,0.021685535640657106,0.006760199269411683,0.015309645828765617,0.0063204449002565045,0.015139734295418325,0.017738747927596093,0.03800405292036014,0.006452336343750035,0.02840498702788652,0.027477557903697616,0.018517168372794556,0.01691793417843116,0.024603608671909402,0.042879342261219484,0.012453007862372188,0.03568155310769952,0.02710931048213627,0.037647134572847366,0.019292225970924736,0.03581944623081037,0.020156151233801323,0.006777287000210444,0.02593296587091373,0.024442070354201893,0.01168965245961962,0.013236787664907965,0.021449580010894774,-0.008472798239094305,0.03362337334600411,0.03599867873414927,0.008405698035695177,0.006887599583391188,0.037341548371286795,0.006486110820434309,0.02888132237844775,0.05326879424828487,0.03273647193803529,0.04124827516442224,0.0046031419873547395,0.03148417742164294,0.02818028241819123,0.017603460412606596,0.03391960725440877,,0.023268588704724032,0.005807619353800914,0.06117017310448317,0.021049146512698673,0.031927546324815086,,,,,,-0.005981066301056553,0.026861467375066547,0.025634173843373288,0.052321442119294626,0.029450357589811463,0.03519011292569424,0.04994324133650013,0.02178564433991192,0.0774242103464958,0.01711912698883467,0.023019299421649896,0.015426823833324626,0.025407575653803593,0.02633278923375144,0.005111704977870143,0.023599404558932016
2018-06-01,0.013021983132865662,0.010611791569518747,0.03237296750329354,0.0332273898128971,0.041622314780741645,0.008198703387197626,0.023804432338649577,-0.003440652535399057,0.018722687738079728,0.019583621515029397,-0.005306344042845837,0.008201023712618428,0.006609466645578006,0.010792305460076338,0.018394139520066195,0.028529063341792456,0.00933770160559428,0.022041077478085206,0.02918689207486621,0.018758900451777787,0.010738458009397194,0.015586816937469541,0.029696539492280148,-6.563513328933856e-05,0.04480040370462921,0.026703696935369337,0.025437718493671366,0.002140891196853682,0.026447198009056757,0.020417857576660734,0.01119817689783632,0.016483345095899597,0.030597196994129248,-0.00154631744194677,0.015528483319517268,0.022824302295782795,0.0038323541626271024,0.026832078168623815,0.03380602853921537,0.011499324306341699,0.011363853760052483,0.02205736148178066,0.0011305367036298542,0.018258508027537472,0.03576333467676441,0.022775350427442494,0.03775674849884124,0.007436629287014506,0.03729744904796522,0.01835505363983079,0.018870103119448804,0.01843287323502328,,0.01998808452700142,0.005933939091881941,0.04302866695267902,0.029806287079839802,0.03112268681760665,,,,,,-0.012926539656539983,0.024492809268765806,0.012899449685809104,0.05798964637090832,0.013116869585070247,0.006998885711792477,0.02037003608082836,0.010435609601013269,0.06605787072313174,0.006110042207941377,0.025226855313404913,0.0016668517738699436,0.010829681322432519,0.021656125147763855,0.0058066587860664196,0.01593057423901486
2018-09-01,0.007749588312571467,0.008291387437316371,0.028664207148666087,-0.020350767836796603,0.04587650801784862,0.010609515334097328,0.020110271512889882,0.009757951101296722,0.011412439092507862,0.03663163870997763,0.0017948003995360267,0.016399551135733072,0.01234047330933356,0.02747563413456968,0.013974582560116513,0.02193186224830406,0.009953695650226274,0.012760387260427664,0.02193426353607323,0.01588760756434666,0.012584010770762426,0.0138311706487584,0.025150593009680377,0.0041111258803449985,0.025452100723430706,0.03263193704533474,0.040644930672120765,0.03217574534169798,0.033351081162803345,0.023626314719183587,0.021078435483836748,0.008125612357562985,0.013313375236741394,0.015479718832460597,0.0049452574812763805,0.017511216802071038,0.010690545901963973,0.020983773129018727,0.0349791252395388,0.007789716765932095,0.0085919787396353,0.03848068455812298,0.005517307535971509,0.019829270889450582,0.06025580239438092,0.024810956320879332,0.04113769344330068,0.017984704546864932,0.03545434543894838,0.020143410743984954,0.026762987043685536,0.020676503577799658,0.03365294431998557,0.014802886787911895,0.005588385192432889,0.05552126700797855,0.03216367239592158,0.02621870010348601,,,,,,-0.008364401118521955,0.03454877934784368,0.011655434021405684,0.06754206014540927,0.016216960756092712,-0.022219671350046117,0.0016015270046447153,-0.013104181054704934,0.07294923049009276,0.014598026021167033,0.02383612442663075,0.006031980010318536,0.008196953390269513,0.02680394867748863,0.007582166719166508,0.022430249470202463
2018-12-01,0.019102109274349327,0.009804653579922072,0.026625244533272013,-0.031204787632974636,0.03878675993857703,0.015636380054972077,0.023394636249793828,0.00802542563823373,0.013784673565429761,0.03670654017771273,0.010559619116160886,0.0028532705295737687,-0.0003284838036849784,0.014445579759245186,0.009836039567569654,0.028778933346739227,0.012909587369906791,0.012186736305889626,0.024576615777877616,0.014816327621145198,0.01750339467288521,0.0156397659507911,0.026638365810799425,0.006255183383511117,0.01683833007731548,0.041908378937595823,0.03294055270663954,0.03641449125527059,0.028495671831374744,0.024159615153311963,0.015547210477524836,-0.0011192930752718484,0.022531240599013878,0.0025041255070411997,0.009437062816171389,0.02438936406625513,0.014959601797539574,0.02289123373401318,0.033251647037475573,0.010250638086404055,0.005657351771269109,0.029610648052771454,0.0008754163745685282,0.029237681075877292,0.044696171980674805,0.023976480052473617,0.03804186024851459,0.009986083587244642,0.030878609445588734,0.021676507488365297,0.021807500655551204,0.02416120371442329,0.01890875619735087,0.020581132550953597,-0.00691616337550412,0.04985833705804823,0.03105964938879295,0.02841970356158673,,,,,,0.007831087001826125,0.03794300760764137,0.008133286532260031,0.07300274209906814,0.01495870494093132,-0.03022692370599275,0.0013115549612173663,-0.030341071455337047,0.08426464022362876,0.0012122010896198087,0.024371787322479882,0.007157305278005894,0.019363312493165624,0.02669353234635089,0.013752509589556757,0.024026690445022005
2019-03-01,0.03059100439660365,0.008785642651206358,0.030885653002801963,0.03901982869797466,0.04964360010460884,0.010501733272233617,0.026704569427113297,0.02109046545355045,0.002516119350434211,0.036764927884384686,0.01703339924770555,0.022765648968247943,0.0067541712879917405,0.01620443234975272,0.02516042572784322,0.03734229905984775,0.018844670179158876,0.03198208422373677,0.03190982505248343,0.01981666932713427,0.0273694099005129,0.020017951886232666,0.03474711765689307,0.009463924609200964,0.04614355760534603,0.0625001815522409,0.042870313946430975,0.03507666369463383,0.047591943294452425,0.03317270889120679,0.013454575980982,0.025198781330232022,0.02366221205305433,0.024118086323160495,0.023962611887349317,0.020182595645382908,0.008634607247680502,0.01793386498860227,0.031398914690602214,0.028921423497803467,0.007503614401088376,0.041524166789037656,0.02632751055545788,0.03514275866611608,0.04904413707222443,0.0287264720884359,0.04062369280834116,0.012523562563365443,0.03875369289264753,0.02986076377381599,0.0319526347610541,0.02472796684918513,0.017502490015780844,0.02712167076101701,0.013367341553192134,0.09032198768102756,0.029580230665534248,0.05043184246437365,,,,,,0.019865448307429142,0.03951311112612641,0.026259913307404025,0.07198752222338878,0.02662756588233584,-0.014732360873605816,0.008872762853520925,-0.010701178534937666,0.08181946224317736,0.03136544585338813,0.027979952686208665,0.02177776945987493,0.032170612058450156,0.03688084986431547,0.012885771543964744,0.03604139464220128
2019-06-01,0.020286023104526797,0.012502727183725231,0.038691605063144285,0.03474798797231246,0.04358825052767318,0.0019373554917019252,0.0252064815720081,0.014409879367348024,0.0016857601360714797,0.029375105485188815,0.014815531332744132,0.006527583576743563,0.011767492577190399,0.03393578562823741,0.027074845920384068,0.054335942541855115,0.010918859854275606,0.010679890028751011,0.03253784126254972,0.019007546944715847,0.021430801572688743,0.01807721208749139,0.03034336782925254,0.015113212203394235,0.025039435033080735,0.04926528211545863,0.03304899209861778,0.03141029160165848,0.028431094894747443,0.025173323345055475,0.01659778734402755,0.011821906768813251,0.01956488861200526,0.008024548092070765,0.011304666646791868,0.022758144659809538,0.0141250744782982,0.026820275254492598,0.04127765795512271,0.01967262890706287,-0.0017003319215227956,0.02401333358456167,0.009680238901379533,0.020162033487028493,0.040427358800388634,0.028325834805761292,0.03688639245346251,0.006868474783322075,0.03515520575203964,0.02715604913648285,0.02651406313675121,0.02731001664130432,0.022698577424798763,0.01948447709830942,0.01249521103902357,0.049758050291255004,0.030401039411304488,0.031124304688220947,,,,,,0.019595314072087214,0.03258063733281649,0.01630386212585445,0.06687133843517255,0.025216636335329386,-0.009418259529744418,-0.004073621621981328,-0.014520054316308486,0.07533743595802607,0.018991464816841726,0.0304293055315897,0.011228220083326601,0.017237181716442684,0.027672131181302594,0.01074594155073351,0.023492459707785462
2019-09-01,0.01549591242445356,0.015349930266920506,0.03397484571580319,0.012970642835022028,0.04715633831211428,0.003655789708091925,0.026386325786430256,0.002354358810707677,0.0016854490724257998,0.03735459471686317,0.010438899116063084,-0.0017986146949932516,0.006492452653158244,0.017715205459475004,0.024925203488557375,0.0361233031213608,0.01152267759785064,0.012547747715371912,0.039196584680850195,0.018923112473651665,0.012314812529068091,0.024532054664566018,0.03304709099346982,0.007343662815450236,0.015896816843153,0.033286183846030576,0.02168361678858996,0.032125863558455994,0.03327487781655424,0.02265114370072834,0.015916063792946404,0.013746843322193723,0.02209399136452686,0.003259203678844064,0.02752839001065014,0.019435273001519805,0.011396475865944515,0.024302971954020453,0.04434938723809752,0.01445303724210528,0.0006626300476944421,0.04039883511901317,0.01284301954047582,0.024930880799589047,0.06311741952747633,0.030375063187784615,0.04129941075119979,0.0014046314027406227,0.03555854163842205,0.03222070121491978,0.02553206423262274,0.025083040135980294,0.024283303736712912,0.016965900845478863,0.004406549283618367,0.05249814194434376,0.03163047171349479,0.025057251387845533,0.03372727459536621,,,,,0.009327255740118971,0.03646289979530424,0.020740411366166236,0.05878043237948871,0.025309432425193564,0.0027992477713704267,0.0020081625293179796,0.007035033733879259,0.07964102889794122,0.012917702132800244,0.03249718861242836,0.009390269648895489,0.020984100228379318,0.021352138068793505,0.004784954156929843,0.021463146168367916
2019-12-01,0.01813126054534904,0.030987437342812216,0.03933670927062884,0.0271827299253937,0.04791130749995815,0.012958867285663199,0.030899207409582595,0.02002866082568522,0.019879295193250057,0.044425141278122894,0.014180812485105256,0.008442515382048377,0.016270246686040882,0.019328190102811428,0.0356085115913484,0.0366011988427302,0.019125061637102786,0.03355528743585443,0.036190128148692595,,0.02627328907023166,0.027809923648986525,0.03442709663083014,0.013543728513986206,0.02073277288111824,0.03872581859433325,0.023725953140972856,0.03860807840911372,0.04425404705306156,0.0368719688597865,0.02175179338531474,0.015003962815222363,0.027585911789059465,0.014786350910282086,0.03586645898077803,0.023539696945842417,0.023774364149505674,0.036220201864712004,0.041579315829030496,0.021345343678487685,0.019943283936756904,0.04856246959288852,0.013868619871181122,0.043762977951237264,0.06841905578411463,0.030800394681572887,0.04450024467499212,0.006287409666570152,0.03718045110087804,0.03233807864983275,0.0294819413344633,0.03430482304197689,0.018993963162203056,0.032655386064929084,0.010930724552346874,0.026402774583347752,0.02897971588976722,0.028044507628551738,0.04740872932832791,,,,,0.02596929208479072,0.03737051581735524,0.027394770993890715,0.07344307021244155,0.031969995107016945,0.026087425319575683,0.014374308966706823,0.02819261444829459,0.07503793748594469,0.02153019629872466,0.025909617967273105,0.017881255679308417,0.02332225089590293,0.030447271132465824,0.005933898856602642,0.03322447181205435
2020-03-01,-0.003691758267320545,0.015593080655256782,0.022372954080978693,0.04430185924758492,0.042442870113124496,-0.0055909847998033965,0.01623621723944146,0.008565145792803427,-0.009675324016885067,0.04678835998346233,0.0024879831341493115,0.0027687571036743614,0.009060563097028134,0.015347536592318687,0.02074034933446389,0.04379309566036833,0.019724909775080467,0.008182444887914345,0.01733713409206071,,0.013702958689860333,0.02055754510108755,0.016894341499260553,-0.0028015826671571394,0.03310356426106136,0.040191984340927786,0.026651242010318436,0.02078011364981994,0.0454183072382571,0.009745581343671617,0.003431775366115731,0.015218365900541132,0.015394811958143139,0.02526558498906261,0.008503049518358473,0.018719767637337216,0.016622429125427277,0.008892052969932077,0.043519353526422444,0.01291146049556918,0.005199596369351555,0.04370039075521738,-0.0038619939618178755,0.06629595324621781,0.05697480075277664,0.020145615438952304,0.03882659156346479,-0.011770581522931568,0.04010888387322784,0.026330280902236877,0.01970190274392674,0.021583206615720635,0.023005435093078123,0.02183955351366026,-0.01059731211459814,0.017666427377513425,0.020414146605299936,0.019101537842905435,0.054081535541573494,,,,,0.0021011431134803854,0.03314920254122016,0.02902891189811608,0.0891207474774046,0.017397656574009823,0.035802519464783786,0.007625004139062023,0.038173905089243725,0.05862524310093454,0.02135190312918975,0.019842197145830874,0.01678200888971956,0.00961341825018469,0.017081643469718667,0.0011318253979042169,-0.0071526491944598
2020-06-01,0.00953680719640365,0.03352495520212723,0.030845889603898363,0.06388920838990454,0.0568168584748468,0.010126416665372366,0.027599817464410013,0.036288801433330846,0.0033557769863567294,0.12081249395503292,0.013876408093470564,0.013623746175756027,0.03899681169404802,0.017814616194466636,0.024013488022746294,0.086464789970109,0.022517334695482824,0.047991491008709565,0.03282333508325496,-0.004534935107253833,0.018464652259306397,0.023210818961314363,0.02367618364234827,0.022641030000679945,0.05338941597907553,0.07972836666951032,0.05844636272879908,0.03133164714732761,0.06743827511089177,0.027492752006238935,0.006838906258273166,0.00889946491697024,0.016146581539814554,0.03181866988927559,0.025082093705309238,0.02575654567644559,0.03568264047569023,0.015100912187917932,0.05050823925742723,0.025354181530206556,0.02986326165848109,0.07850302490001844,0.021495485304444673,0.09352933681169551,0.12178622358714959,0.03013834833613991,0.035031346470415614,0.01486266205731457,0.04613948007411208,0.02753948225391325,0.021383021437656226,0.025533772674553253,0.034534753006928126,0.024062310509297996,0.01475738873550247,0.07307562123902471,0.041101980301306976,0.07419616481049728,0.07170239261420426,0.05256923142303529,0.05911040899014195,,,0.0319809199895288,0.04961501354175667,0.05527014999840091,0.08781028311366754,0.023566215379061832,0.04937185333638298,0.01542022926497153,0.06208421943683483,0.09761449765347742,0.01741794969149745,0.025805848021162623,0.008653606931490544,0.012876348390763279,0.0380225210367422,0.014547976139085893,0.02631747682604024
2020-09-01,0.010219376259768723,0.02404397296540194,0.03517870900240142,0.05314021899984533,0.04426423213015168,0.003979390653643467,0.023684212011791203,0.010329393863474468,-0.0005869020093742337,0.06963167078746058,0.017290435658604948,0.02191853133068431,0.025090889735803645,0.023113069510403265,0.021609378614706132,0.039215829398705895,0.016893380190672786,0.0470967634917595,0.024813742266833024,0.0016272910671413275,0.02357033376522448,0.02081949825686757,0.025639703181035277,0.006703533607588925,0.04708777639224044,0.07400283080277836,0.057992758181656584,0.03386976305725411,0.044220946881367705,0.027949451200433115,0.009456497362063804,0.01238884149795453,0.024715884754825775,0.00848203446649861,0.025406521456772045,0.02122965638168398,0.029634489691567362,0.027194335045038754,0.04139316277696889,0.012274537594141639,0.0067147679640782495,0.07203617151384212,0.008020645590055143,0.0802947560525062,0.07318735341919172,0.02788189454616181,0.05079210082355776,0.03319922576145855,0.038041779597833975,0.031219917290757567,0.020473554494633436,0.0304874819912216,0.025241363938247243,0.023051916076615133,0.002063287952732919,0.0682642534873323,0.04591180819097549,0.05303921284201987,0.060307273079879424,0.042799196758785074,0.04255784470901573,,,0.030650504382984254,0.03648749904914057,0.03789012358448257,0.07009911104608178,0.025743251775947586,0.0469984091579373,0.010018382325158448,0.0632246053933187,0.0895769717682995,0.02864428764265348,0.03683320807770403,0.02006986863396938,0.015518832514591574,0.023997204045136854,0.010958580918544165,-0.001627000248259662
2020-12-01,0.005121469772031587,0.023179164987967946,0.031156758428456634,0.03873468345417586,0.022233991011936384,0.002935110793737139,0.020143895691752706,0.0071701482570961095,0.010201961558506034,0.051661834955640945,0.005330689970069512,0.013337303936489202,0.02840019816680612,0.02776436622786123,0.016145423571325607,0.03991754156467903,0.017574479716947793,0.0332805511041388,0.015774896234462276,0.0062214108673300916,0.0020851166886750585,0.018605558594833326,0.02132011269224602,0.006909714914059384,0.021710153683116983,0.04265469623659422,0.023750275409878077,0.03294013575827559,0.049435728264401416,0.023106352117665378,0.010739505229217166,0.010589297951101008,0.021975374619328032,0.005763507540343855,0.017706528474324763,0.019106223801549693,0.03358757618953497,0.011344925956582128,0.03574406935475168,0.013213867259912714,0.012647152563799318,0.04585599457200046,0.007607726843126387,0.03374674662113026,0.058329423045272624,0.02657819704227525,0.03446124472513935,0.0028179136352031457,0.03952284759730449,0.02538830589196406,0.019601704607377618,0.029776561849882612,0.026672202224313716,0.02270808518361191,-0.003616710275740238,0.04238000046211865,0.026021735212560206,0.01376102511569378,0.04247010658313299,0.03904324185678683,0.05297552368221261,,,0.0235731177502919,0.0333691057916434,0.026648808815839156,0.05333931198337988,0.02730714909615216,0.03574871418738461,0.011307339978309582,0.044048602414967074,0.07387615245457364,0.032802907966426896,0.017700845020812424,0.016250770415815095,0.0056210709344847,0.03838901193009507,0.007605060524820074,0.035384622575334326
2021-03-01,0.009620647566927563,0.016273400800338723,0.03300638481171561,0.03825689458335341,0.020292868799131027,-0.0014157431308066536,0.023756943653230587,-1.3984118852430512e-05,-0.0010553723266317576,0.05717843068685526,0.011894939137535386,0.004411260900958959,0.008671488645075782,0.025184877302747016,0.007827664045823962,0.027354777265418614,0.021968241131429127,0.021292432979081122,0.023552572241254087,0.014473734659338058,0.006766631066759399,0.022756644192360776,0.023391218794167633,0.005864911056719029,0.02848336935106359,0.03903362067092679,0.013136759269489645,0.04124744312872122,0.04545264892363659,0.022257795839462052,0.012813881205317894,0.020708941429369396,0.021932457325214913,0.014642236690012307,0.01709609937141896,0.019484870441124146,0.03347871993576531,0.025057895260036073,0.034983820209586694,0.01592346507771198,0.010904451760992718,0.04028164023492467,0.01077573656699605,0.052183540506995606,0.052780505785144385,0.02690762254824054,0.045569887347442044,-0.0025222940120628377,0.04322788942770002,0.029513258882705243,0.023065706970436445,0.03168027646701397,0.02908266239168956,0.028134236620740598,0.02504389716522548,0.034766815349629866,0.03523969496543036,0.01083213987406883,0.035890536115462515,0.029652315362603786,0.056918840844290226,,,0.01084786784868119,0.03795938919534278,0.034169772361601215,0.03513130132242812,0.023894905656705993,0.03922139743662069,0.00947942981305654,0.04572998971664876,0.07173861788118358,0.030924525593909933,0.01936962138750976,0.02165461692021039,0.010118545623279178,0.04654575107926186,0.005247216175485729,0.025889376437863803
2021-06-01,-0.01092260114157408,-0.0019462075484258609,0.010775244360245658,0.02091080767057314,0.0012226376856578887,-0.0179574726646827,0.0032471246393861943,-0.004748360438043095,-0.013344907968238475,0.039954290673368566,-0.006389530009703163,-0.017059183086714072,-0.00012740486302629443,-0.0007470069251819202,0.023376405358527794,0.02404199976437067,-0.01432545798291347,0.004941607847811689,0.004323068330525054,-0.01547167840900362,-0.0164267257174328,0.0016458673149688011,-0.0013271872344240948,-0.003123365738818281,0.00789002601824595,0.006432983018695122,-0.00999049999609809,0.020311808909123055,0.02552151503893071,0.008397367639039375,-0.006145111769752794,-0.011471249141711461,0.005337981797364144,-0.006109994867606691,-0.013977820315124147,0.00638291077129296,0.005952901807003749,-0.007265491166484038,0.03223229814149508,0.0008717866578239491,-0.009528020709020235,0.014413266338921005,-0.008787424439919998,0.007374346259853198,0.03604179347664414,0.0020630969073376524,0.02721759425048935,-0.02453397125604149,0.028002869870176413,0.0016876635347600436,-0.0007838629579114026,0.008129435564442962,0.012003311437167099,0.012106479927593373,0.00011686208656070437,0.02250768799438176,0.02140769751467183,0.0015823687009930251,0.02160521659658662,0.015138038179510314,0.021771012906854525,,,-0.016319779888326322,0.02064489012578691,-0.0044727766195957926,-0.00415223212178568,0.007421775190660625,0.009522935216007883,0.0016534881554043743,0.017716468138128518,0.028227501979896576,0.01733041775567547,0.0027031089022632043,-0.010440607479738979,-0.00540140401510589,0.005360542092831397,-0.003227794999625985,0.017375424863973258
2021-09-01,-0.006357213901584563,0.0034331556571452304,0.016366857627785208,0.017519973563497552,0.051798773165857535,-0.016507380489663822,0.013982150870646524,0.002791910261888753,-0.017875792577111818,0.05061340302847201,-0.009538988450011141,-0.013619894127476,0.004897047465244094,0.008573628505684418,0.01624136357372534,0.02533541809379909,-0.0037913633758858366,0.005185058889194188,0.008370541305373071,0.0029237957397861506,-0.013954654228763814,0.016019496542860487,0.010823315503890462,0.0005074736987240451,0.004367800560585134,0.016803620960977792,-0.008383901489070021,0.024867495492288342,0.042446653687585496,0.013962712062814147,0.005001622658968063,0.003095074140402189,0.009698892038933989,-0.0017024944052156067,-0.0124152917067784,0.014414570294859944,0.018089673461495218,-0.0074830431885273265,0.038398887296336656,0.004209469679934551,0.003636860800736459,0.03519507908667407,-0.007542122569843854,0.02292392072709518,0.05575840651391407,0.013316735959898407,0.02785071948541556,-0.0075866800745924955,0.03518691899046653,0.013277201256188736,0.014008828776260146,0.02415143468696298,0.03014665739219557,0.024095189953014053,0.008909026821685874,0.03575121745959644,0.032636615397719275,0.01016917573572336,0.033684044087783006,0.019507873461079114,0.02383283631891113,,,-0.0020954174169963754,0.03947529611659385,-0.0008126129331927976,0.01323347300722463,0.01923705767671702,0.023628585737975577,0.011782331276225917,0.03744732561147093,0.05285320452301319,0.022697776405518448,0.01761075478190523,-0.004078864106466159,0.002266383726004394,0.010368213450744448,0.0043552281212473004,0.025130706612120822
2021-12-01,-0.00030219726301063604,0.00923752413600414,0.021230324026174734,0.032597031780051376,0.04886395844284057,-0.010053898013943796,0.01404302342335659,0.005438812785249579,-0.01195237223855276,0.05364954764821849,-0.004304807863803767,-0.0018161135413262738,0.00039283056420789594,0.019513325256222954,0.01179063299445302,0.03696013402621692,-0.003919821337981665,0.003773349287464123,0.020027649228494787,-0.0018151253942639113,-0.011879128593549004,0.009015694109622226,0.012254955184815643,0.004364202274841395,0.0032276088549725913,0.02035300900164451,-0.004068235351657835,0.00613811490994088,0.0475865827747446,0.0241642349200734,0.007905461826885176,0.004487223399598144,0.012646238034483795,-3.635923070412613e-05,-0.007527254122781246,0.006615964208128339,0.02045312399233288,-0.00241811890710754,0.035347879157398156,0.014251283784044007,0.005104718834681637,0.04412699682447403,-0.0010130599555216308,0.025845744328553858,0.06353640397276629,0.012796371765311326,0.033746497092836204,-0.010669110413021604,0.038778638906512286,0.019517850430715272,0.01636144287341825,0.02220547691068555,0.034667123215208956,0.028533450787174987,0.010316858400250786,0.037510321960877474,0.02395417307066986,0.018685628072418022,0.040802160782178847,0.021170926314089282,0.027026662326273446,,,0.007959970421991978,0.041324451717300204,-0.0022185658037708307,0.010208388093472324,0.019643121259050964,0.024648844035389018,0.003363646786884899,0.03343260825332655,0.05643899437319151,0.027705759294491424,0.011812434192254655,-0.002010710430367664,0.010781032702838124,0.00882555223199124,0.01138353559495394,0.03218262045477044
2022-03-01,0.004568225318622085,0.0149822750992235,0.028833095402445975,0.026916695017829742,0.04705405722118984,-0.002924189019363812,0.019110283143169437,0.00616909539082179,-0.008284829207807605,0.06774382779668088,0.004482763685081137,-0.0010049180825352892,0.022742781346183905,0.020968329283905306,0.014723528572842258,0.04391068739382258,0.0023084084735772547,0.005919036331162959,0.019313427568593344,-0.00011003205344363692,-0.0011047998390277562,0.013868125303009037,0.016234324581680778,0.011291494275001085,0.008935804821369403,0.021878592450203373,-0.010874720071027515,0.014487725345817784,0.040304148837481735,0.02346434573686316,0.012261943551464876,0.014871761970965326,0.018207581764346538,0.011663224858305305,0.017340473029725974,0.02087447027599898,0.018373243587019732,0.00450309062534823,0.03902143220026572,0.004029115605270311,0.011958339577849093,0.050711231561873044,0.0015253712158454823,0.01716465972713417,0.06578197954306225,0.02029723561215531,0.03225795097750992,-0.00462624546430472,0.03559321372402419,0.022899822438120214,0.02491781900311353,0.03250535104194869,0.03357949256531246,0.02665080941396157,-0.0027485464407292215,0.041889509103235856,0.027737972957169718,0.011800295441030584,0.02963751447357737,0.0275346349822206,0.03069309123354981,,,0.002772388039023298,0.036063425390485855,0.011364059711565178,0.004102876991421366,0.02440438063008992,0.024682515652100948,0.02177547751185665,0.0439469913872524,0.03430477506166663,0.03506877951787272,0.022888907909094217,0.015056301868681413,0.007683946110927345,0.020161405721713058,0.009796518982805235,0.03270158183180409
2022-06-01,0.00936654211261388,0.012598896671257931,0.04073397905522055,0.03466150633935296,0.04827773444942481,-0.0025953447092461877,0.017971120819995454,0.01210130046531715,-0.003487695912934819,0.06848752172423785,0.0006386701451681317,-0.004109341964846387,0.02207561368153268,0.01980952654054236,0.02771869648970836,0.04124532215655738,0.0025121539334993764,0.0031675772546671897,0.026885529510306476,0.0006212089233305113,0.010650077010164601,0.015581449754860033,0.022423976834191374,0.012388902003073736,0.009252702701846003,0.024750718011250186,0.0016764219903760266,0.019662111639062355,0.022893396414671943,0.024253619993562296,0.009699513058399776,0.023498494275973413,0.013762169182848562,-0.0020089136957133218,0.017327971402072765,0.01589522701867462,0.005794947984205625,0.010011780108356605,0.04602897821874159,0.017883715643008644,0.012808162248087163,0.05246540740585415,0.012040883421519988,0.024705249140671324,0.06794572472853237,0.03130370466557782,0.038266556851600804,-0.0027927077393704253,0.03344740614399884,0.027451320514258897,0.02795264319781338,0.03977773745562333,0.04270325833562408,0.033927197995152696,0.008659470001410527,0.039773046085204995,0.03419705680883877,0.019360636651428745,0.057988659546292884,0.022898725760775954,0.04871260619865378,,,0.00897414301184499,0.039032963615251506,0.021641742373678927,0.004075311237936866,0.02285855040617386,0.03058685727349659,0.01629604501084592,0.04215847010507638,0.05112720436839397,0.019367166799974182,0.023140739695150715,0.014341627839401872,0.011813725284082326,0.01468712299356382,0.01614139402383313,0.035286299998307465
2022-09-01,0.007310737643731442,0.019750441885426108,0.03126066262293871,0.030512865069711466,0.053211401473291904,0.0023025389689283137,0.023122565951999432,0.01630538620890309,-0.00865075052215976,0.07046605052058723,0.005508756482613827,-0.005398931089056493,0.00024683394137526145,0.02319653009668561,0.04042290267619368,0.047194906190116244,-0.003282731846147573,0.008979767574100078,0.02553254134000607,-0.0010335572349075958,0.007759862275785737,0.021370132558587013,0.017187052443911315,0.0177242242043581,0.004389161139664591,0.03130663934565819,0.008409000540262574,0.005449018207295177,0.03653633645733814,0.02007557368006128,0.010752568747560799,0.02252834708525413,0.008348052079381826,0.012004033371012444,0.019571925754742578,0.012386910901616009,0.037909339176672614,0.00612919070016087,0.04166639264655751,0.02399698980638126,0.01232545222859786,0.0721172724092486,0.022510648910072796,0.03270304263804446,0.07474671846994778,0.026839910013599186,0.03861810768467195,-0.007988770627638584,0.03972729619578765,0.025698223005986884,0.034046297453238235,0.03838295415432474,0.03415973607595477,0.03736896966346081,0.01357166460703636,0.04307879087504461,0.04784410323168768,0.03339946547905409,0.06904196629681576,0.026993202654406554,0.05443870248008131,,,0.007349089946671462,0.04646015704649683,0.020996133720511984,0.0021123754501031723,0.02959803329661438,0.024083470189531067,0.0213883165219952,0.039530976881556074,0.05974087752355864,0.02746117086049905,0.029339303666199745,0.006558531669400639,0.023007089021054687,0.019490893901192505,0.015358830522487644,0.04426582948853409
2022-12-01,0.00652245364244463,0.024181393686479646,0.02603647158062807,0.047634194032203085,0.06654805356067768,0.009754716639568237,0.018108393081800307,0.008485417190301525,-0.0015142565408958616,0.08092421953035422,0.021179209791801053,0.0013233962797475146,-0.00292486512263068,0.021350255556927437,0.06440204482789066,0.048837158733822356,-0.005783842068645438,0.012479646434062679,0.015609811379728309,0.006722898062503516,0.003540638224914098,0.03346159536081057,0.014716950495324373,0.024334898589940996,0.03267746940872009,0.04306507086724852,0.02807548950770942,0.006346392631709343,0.05539281945128784,0.03963964092591235,0.002051694861798927,0.012609011266341253,0.0010381017602574386,0.02071285718551465,0.003318225750809123,0.010124725283386937,0.052020615840771826,0.007378445423715708,0.04350297040253812,0.03122383027356317,0.01049476538927053,0.08641812872987746,0.043696347892437856,0.049569674733862416,0.08999440893526468,0.025962091232848584,0.035059905090734256,0.0011410671182467173,0.04671365940127454,0.023544232595392428,0.02768313183672266,0.03306214298325376,0.04397048208688442,0.033433802646675316,0.0282173006739294,0.05043658397939452,0.04821947770504634,0.04592711942244484,0.07425854620071233,0.03835757534088565,0.05797610615534004,,,0.0140002048427121,0.05622134880521594,0.01695011389379883,0.013932883871859631,0.034152906568426636,0.032728715819745846,0.021012512607575105,0.032158773720003184,0.07198033248816203,0.041855081406709994,0.028777067045629393,0.010571442485903278,0.023555724205363688,0.013018399555105803,0.01983967454829456,0.039138957139175326
2023-03-01,0.007125053939257406,0.021812505067968425,0.026690707846837504,0.03374807511023531,0.06253977994156057,0.003727054909038852,0.017361080543809845,0.009172343375267017,0.0009426333916567385,0.0764662207712055,0.018725784971578383,-0.0029897630843744847,0.010157237259403613,0.02205678909704778,0.04104726020043943,0.043312819414679044,-0.00302136844613953,-0.004328775843286444,0.012984342192301226,0.0004618899787462416,0.007660740550321303,0.019607500455232893,0.01967288800291203,0.017666728682355602,0.017845935084054892,0.03473426261873449,0.014278545836645737,0.02372529162480067,0.03985183337339037,0.022943886723057007,0.005089882538650314,0.01612530590180403,0.012461191208875611,0.013963367437038682,0.009665677849144122,0.01451676538723218,0.032269504407755195,0.013738117769788522,0.044171861706349826,0.02993398028297984,0.006628500429702213,0.07585770266765672,0.03613659487852699,0.03963000746462793,0.07726750200235138,0.026557883703258654,0.030351129330576203,-0.0059616543980410075,0.0453622504062307,0.02786058685359978,0.025843511852726063,0.03291548271287274,0.037728767187445354,0.02355451128353011,0.02300579356992134,0.040602504107378354,0.0429221860807314,0.03566649956317312,0.06393692598753922,0.022467766261367424,0.03814110498709144,,,0.008532055818167832,0.04813807620012306,0.014740792715431598,0.008532354066782554,0.03313288242232289,0.03391381564894531,0.019449037474950567,0.041116041276095965,0.06198993133500909,0.03552124439948052,0.02818268513134094,0.02249216549454652,0.0322807958742505,0.014526351855769636,0.0153191871704891,0.03650857933797682
2023-06-01,0.004099343174372269,0.017551574424643918,0.02882802611178973,0.024822270191857412,0.0523212318648711,0.008257720430596145,0.009522767780828882,0.004719942797897194,-0.00010028094588205388,0.06608803546206064,0.013324733609470356,-0.0040969448250848875,0.0118555309890487,0.013963214338329416,0.041580740045624565,0.03512668623807051,0.001339089451340991,0.009158257814151947,0.006514210308327252,-0.0037932685051644643,0.010305294310772917,0.012646443479857989,0.02048677170558353,0.012060960758380439,0.018029365406784997,0.025972506538841363,0.006198316319505753,0.02059732935453442,0.03229353273031516,0.024938106871339953,0.000915009679326076,0.01032263278908785,0.0044674635875433044,0.0011271817272196039,0.0018503191036356276,0.01753015691155024,0.028020467365547086,0.0024285939540275078,0.03159550083353973,0.025387083576526272,0.006889954360475356,0.06583562523144447,0.02444423648737583,0.022215430316658978,0.06476306704120359,0.027829239655028832,0.02436828911394211,-0.004224015747960175,0.03716053946166232,0.02336305122315433,0.014236911930440674,0.0258079885948819,0.020615916284735723,0.014051748220231324,0.010474141483205723,0.03772016425378164,0.033423196145770356,0.024696669597880482,0.058700417059641505,0.013199405600293958,0.03267558959162382,,,-0.0002646930064003192,0.040537835434377306,0.004087140753653213,0.007821719449007683,0.03498232010133702,0.01652850915854265,0.012172312442282647,0.02208026059069988,0.04185336303940984,0.037046316596116194,0.029066141677804268,0.010845881016282057,0.022764430601303728,0.017776603264596035,0.008709154571131014,0.031643877393992
2023-09-01,-0.005592592066480341,0.011704953288055635,0.01530688005161955,0.014653279046133717,0.0490107294841851,-0.002658435230282335,0.010161772971083432,0.0018483984821060476,-0.006263015252774478,0.05623229305888705,-0.0027878407763597558,-0.014236331724750709,0.028275599410481727,-0.0013663361336804943,0.03156854529403825,0.026464793372145422,-0.0070603615365150245,-0.007867699266813513,0.0038356821487360044,-0.011171654699514161,0.002369790846645926,0.00567050191712641,0.007472057553899618,0.0021680657313806967,0.020625868877165936,0.014851139018395076,-0.0018159852408021896,0.01400708888188884,0.04834815675857771,0.025011280464006178,-0.0004074341739138613,-0.005786149917210369,-0.002622925464321201,-0.002507723189626613,-0.003701389917935608,0.010452067113165445,0.032842218117333566,-0.007103427888180548,0.026528851270557284,0.021890488893493498,0.0001844536044777726,0.05878620655386655,0.01887567137948063,0.04090158251451579,0.05945264977214966,0.010148768838461598,0.018680893163493976,-0.006822350424402935,0.0398969456706798,0.008913319141236163,0.010095663593531255,0.007812949019010071,0.01930773711330885,0.004276613525161324,-0.001681875217777268,0.03104285618654101,0.031669053441470224,0.015708811512531676,0.03767650461566013,0.007854272160360488,0.025381229911061853,,,-0.004401673353335182,0.03840330571381709,-0.008612655741059938,-0.004049404727508934,0.012621730236447904,0.019200430238416024,-0.0014405726126786725,0.014655999261822887,0.03082329406019245,0.042884195310339726,0.015177645706829182,0.005371783259839289,0.00903496613089715,0.0074071516685714775,-0.022758666531503123,0.03302601845514509
2023-12-01,-0.011384676581823194,0.015434695924801177,0.017278599601760185,0.01734585778615376,0.04626225743768804,0.00220708607036714,-0.02259561187301634,0.006967275442863771,-0.004787475361774886,0.05939577986465407,0.003400997538557024,-0.008984679875599092,0.03245613129281958,-0.005481089830760321,0.03294134829215487,0.027750611009957845,-0.0010906352908173823,-0.00819265299746475,0.006701511898256629,-0.0021296994830040977,0.00586993527992086,-0.00048137808881166746,0.0073784444720009215,0.0011723776664831463,0.010042163495686885,0.00980361292454863,0.009247392086518806,0.021434474431318337,0.038127461064636395,0.014101553763020674,0.0006720390023805522,0.002248300051792042,-0.00030492921668801265,-0.0030967099859223577,-0.0009816634413602017,0.011442612014154002,0.025844125361176463,-0.00795037906057425,0.028996910961987914,0.019282076521494246,0.009562870545700835,0.06029428786753977,0.008514633916807946,0.029493876941363007,0.059820694945854624,0.007323582506219444,0.011626595541399458,0.008337217535478574,0.04037650702788937,0.011736016771555384,0.01862767236426394,0.0025323526156373266,0.013014528784820449,0.006326969179614395,-0.00022074220621032592,0.032064368252059584,0.018706512538929895,0.02727426384551072,0.032924859178127416,0.015251197340137053,0.019731763640738864,0.028337065365745928,,0.0034538543931466707,0.039485561652709444,-0.004246477735111225,-0.005005657583316181,0.020697490193858477,0.01822529775496723,0.003456451563340168,0.024637350374079436,0.023110819122372922,0.04060408099914015,0.003022596276528445,0.0033418426869339726,0.015553151902565631,0.022590089168966408,-0.016959708755514034,0.04333456264544951
2024-03-01,0.0009098444752295517,0.012958471447530486,0.02105883474531741,0.01682736472543905,0.040191332027702406,0.007075140500235621,-0.016493079578716565,0.013247244013840608,0.004186248600577633,0.05054637094236234,0.010152576798309627,-0.001032575550653473,0.008640740630398982,0.006604160518558015,0.023720288683237646,0.031377786896041183,0.004782051281947487,0.0023820407161525225,0.008643947306337085,-0.00035727018361474393,0.002854396515592136,0.005510841901151578,0.014922887154221479,0.011328605613059723,0.016008552629605544,0.019372034222310527,0.024764220853584464,0.02421635690267117,0.02898692313065966,0.014294057637685093,0.006785146104570863,0.01563600082961688,0.013663843548616252,0.012176294255476242,0.006247804718196808,0.015232119856244715,0.029809999585462932,0.002950594808350663,0.025411286906979892,0.004225905102745864,0.009548033861195983,0.06093423666909075,0.017939813532765973,0.02416586246828362,0.0565586698050884,0.017550041038556334,0.022317865122508482,0.00829288929641909,0.0311106345376168,0.008043616226904436,0.010671564203316592,0.010794602891156118,0.015778362237067696,0.012616118201553615,0.013227770171188704,0.028929827278183676,0.02351054399144625,0.016822828146172367,0.03508237584286666,0.014630571342287051,0.03460038005253883,0.023776103841225093,,-0.009045625374036808,0.025510419500547322,0.013384690811883995,0.002170554926569552,0.014070274461114958,0.023565052764246208,0.006743278491820071,0.01626517728864007,0.015807488618156174,0.03278590336563559,0.01020653981020685,0.011401029001598641,0.016848082252751865,0.020880079776776563,0.003979729920392639,0.021867607252708594
2024-06-01,0.007618688614220016,0.00561527563245281,0.018824960602307327,0.02090725313423745,0.03231212962141796,0.007608919932487859,0.0004757589387174175,0.003806577327337524,0.002289158915083909,0.028465525733064125,0.010248648546243777,-0.007239847326848122,0.009111126581976332,0.005281231623789231,0.029580569042416474,0.028847068284771724,0.0019614533739544136,-0.002008423612541106,0.013028778418905212,-0.0018477077585164247,-0.0032834553448944544,0.009349668531788913,0.019643082361979626,0.0002197719650593617,-0.002197405381579984,0.011934668069794884,0.014520429140406849,0.019821168971183696,0.02711777401611615,0.008452926594406331,0.007806553645778891,-0.003649063343207744,0.005147531749892408,0.007381029016348126,0.0033837491233494805,0.010503820963509299,0.018506101450500835,0.0013078817851926653,0.021617262176584915,-0.005968269786649312,0.013957263805820224,0.05033360410713863,0.0067282579050647,0.027374148180821636,0.04683177009372524,0.01378643121199276,0.020110886874298996,0.008600380996828062,0.02899240501083996,0.010964441102946499,0.016291660867147176,0.020235636821134703,0.013173475266534531,0.019591191624593926,-0.000970262676280026,0.021461601187642333,0.02612415186447749,0.01779020150401083,0.03849916885429458,0.016874773677893192,0.010897205274333853,0.027358164705643468,0.009414058493933458,-0.010204041667156313,0.021934991533827053,0.005642945348473684,0.003973069183549856,0.010833136293204529,0.01301286848227467,0.013472626419322708,0.026992888122632116,0.023253191561425805,0.023492424632653067,0.012618385579823154,-0.0010371707573157418,0.014457290515201195,0.008317287980249005,-0.0008436368128485614,0.01940536111963869
2024-09-01,-0.002518337778226752,0.009303424306891543,0.01843444147417905,0.024195117923061303,0.04788834542296893,0.008772449050143176,-0.002517690976481082,0.017112787334972495,0.004194639409732297,0.044243697740648964,-0.0004344546681684245,-0.009790405462494035,-0.00035416320996957005,-0.0018326800562983886,0.010405194578995393,0.019886241895162124,-0.0012092125247151794,0.008714015697975324,0.009286702285087876,-0.00553607925497537,-0.0007780900141301799,0.011446728697534285,0.016621169645506518,0.0043563116404206174,-0.001252192757049691,0.005537821336068916,-0.0039770617448778404,0.019432913615333933,0.04137134977272365,0.02831538755408725,0.007239263912158223,0.010673405799379506,0.011181705902405591,0.0017337732931880523,-0.0009569985934668402,0.011282704926168704,0.030539570271735962,-0.0008271922670686619,0.02311378664921294,-0.01210205904762066,0.013504922718435787,0.057245142854760865,0.01921320878171936,0.025710284572345178,0.055653302693650354,0.012433296636132097,0.027813224641912312,-0.0033392338512347663,0.04199093979256549,0.009661910516200807,0.018460925404590777,0.019066611392793323,0.02560600881993924,0.0183553759751981,0.0028437790712904604,0.02153464890762599,0.031136280560060806,0.01811040190012459,0.030978067076550687,0.012527250555399383,0.01749527373559067,0.029720631929145563,0.004826623183714149,-0.016229725262691945,0.025986167345200598,0.007951891122458834,-0.006339988271348452,0.009613388812927589,0.015868350196633126,0.007049090230003246,0.02263024236876011,0.031787818716166115,0.020802438153013462,0.020637753570835304,0.005479241008654901,0.017286762561270968,0.014027783597702782,-0.0003507970071481973,0.03544841673815611
2024-12-01,0.001126238955869791,-0.0017588733002613128,0.018240714522567928,0.015081250381461549,0.04704139895443436,-0.0008078086178925518,0.0017675287700790925,0.014292284083835385,-0.0002898883009378523,0.03790131743444662,-0.006542847953585026,-0.013268983127357884,0.0051248249117732125,-0.0035149698301876436,0.017198607511151022,0.015800584579423408,-0.0028856629840326603,0.00647512309822379,0.007956459251638189,-0.012481586090521534,-0.007826766301125438,0.0016844558152651961,0.014617323431985027,-0.009834107702924928,0.019153563981919995,0.005280942190152763,-0.0009670717262067713,0.013411639929826712,0.021269135501514814,0.03296439961896555,0.00018380866741610314,0.008512311467409227,0.007081767802803801,0.0013324122565241314,-0.009168593602525286,0.008218970045295319,0.01692977994033744,0.001106502668728067,0.023032474505190373,-0.017897027451951212,0.007953136108903455,0.03704536403622768,0.0001645040870189691,0.02151540491414491,0.04271520956913511,0.00937061366917466,0.02454532634708071,-0.009174073532074157,0.02866853096448693,0.009195696674196266,0.010188266457416726,0.0068223319170326,0.013755226031823983,0.006605164778603403,0.0013857376192503894,0.01606025547206343,0.02019778073324961,0.016036889575461222,0.045297892932004154,0.008041993767185613,0.01490767881708507,0.028162963476510323,0.005429095371825959,-0.006361725498473314,0.02580180926144558,0.0037170851491284346,-0.010475465941562935,0.008140821744616049,0.0072546237444122185,0.010585778351987785,0.02219480479876222,0.02064663120527252,0.02677451187850413,0.0070869070996735315,0.0009266453778664998,0.006541310285917291,0.006074377215519089,-0.007119673331525386,0.033187892242494604
2025-03-01,0.008613787154969544,0.013658994246932043,0.012753115290085269,0.014131596004816392,0.04028776719494985,0.016545577354179886,0.0035427296241809757,0.014165397764618622,0.000403652973298886,0.030940696381438676,0.016438096736998375,-0.003411229295332682,0.017605650293067435,0.006196489047054182,0.02371324541663923,0.030975013015960777,0.019116404976600748,0.013444127290254838,0.012716814295174383,-0.0015080195711740917,0.005487415898079706,0.014722697997394093,0.01709585614568912,-0.00802850594591062,0.025493606846802182,0.019124488506627957,0.008744310386172809,0.009645713857258245,0.01740516189261487,0.026233280587211368,0.0062038843086546416,0.017179664705292176,0.020245605447457113,0.01440009778034905,0.007675582265120558,0.014567488320477278,0.01890334818355132,0.003091986622104079,0.01991340804731586,0.00941047240698361,0.014548250577311543,0.02620021948043354,0.0012872691704712957,0.021334643573205088,0.033776203086752936,0.01834540252273417,0.02705863301939531,-0.0072565926981825735,0.02903940056166824,0.01002950034702509,0.01941804054569467,0.015851206104937187,-0.0021510188929120488,0.01223685173277185,0.011744923188567891,0.013543663554722246,0.02520037276756342,0.019226639721894014,0.03392412905000071,0.012506216481354034,0.02695105268466171,0.029764991502571028,0.002291331598866966,0.003654057866204087,0.026912921475182025,0.018269415533413776,0.009356558407569318,0.010148676676526311,0.014745228407488676,0.01071367403716239,0.01708008696867147,0.02649448799981394,0.027188642034380796,0.007900072686528783,0.012285134257142793,0.021203425751197026,0.031538208825376335,0.0063405315017607995,0.030018244368436243
2025-06-01,0.00804720930485868,0.014467448907605289,0.022517522185855805,0.007117163684249531,0.043023618935997286,0.010246160571306687,0.0014212229600187429,0.026202217156952003,0.022066714436950158,0.03980326988475166,0.020286923951404866,0.002635830405386884,0.012834947784487946,0.009161051149968983,0.024866244070606155,0.03413264943148091,0.011090349376781406,0.008409932057136707,0.019493835886960825,0.010759834968298845,0.007708849790344473,0.02112374578658671,0.013389564627959753,0.011791466064665614,-0.01742849766634283,0.011874167413021464,0.02002022129702847,0.02831551472769939,0.0070292450484892455,0.02412387586013489,0.020126124749599947,0.018631076100566385,0.004151108454812598,0.00806240937211413,0.012019364220299356,0.0035561001935896373,0.023798449256837398,0.014288218049907365,0.022109752219409327,0.015610053382197673,0.01864163994461661,0.043994633161021035,-0.005585920300167958,0.029659836842434995,0.03732630528965823,0.015753751031322875,0.02328290399443392,-0.01390201414318889,0.027901739310344353,0.008971346728825639,0.024097020015044844,0.02126052355767156,0.004078413069587895,0.016262179156425274,0.006957343801749541,0.014916228175394295,0.022221151375043616,0.024327465047269365,0.02978161679796598,0.0019445251121427182,0.015250486031544642,0.03050520210841501,0.004543964321106545,0.010742548756088835,0.026402606636917368,0.01965534745150646,0.012213859887700226,0.013183709195771949,0.0014623863459696934,0.018700505789013774,0.020329356719979264,0.02339088541505303,0.03418014494854402,0.016636210526646603,0.016080665199966426,0.013722418382087296,0.03283005548343394,0.013536796789216696,0.02736129698570606
2025-09-01,0.005856051559331381,0.001882497280520871,0.011421295653577652,0.010591667707775698,0.04393241789618046,0.012302565253407439,-0.00034638480733046597,0.026798675902944668,-0.02497478773598572,0.0325697979039378,0.003664514159594362,-0.011694661817717687,0.0017464625582338008,-0.012885987045794602,0.018666757864684583,0.026372092102152734,0.0030745529719960105,-0.0036538266599241693,0.010718578744925131,0.00028137872895387837,0.005419062527038849,0.005774155881666179,0.014606994018976104,0.010302693263912324,-0.024732048612110688,0.011492643959204282,0.014763036458215584,0.0048133371368628925,0.022316605161241582,0.017239871591399523,0.009601199710745351,0.013450062142879969,0.021188209724440757,0.0018103870269524402,0.0031602505377916466,0.01501520039588259,0.015303888818089795,0.008429219675204725,0.017735324095375395,0.018074138940986206,0.018269917010541672,0.02364338940307634,-0.015840895955185244,0.0127852173048037,0.025504035029609254,0.012540778942402657,0.025405907221186578,-0.004797953942026698,0.02538748973738299,0.007392010363084996,0.018148067755216747,-0.0026311341363559966,0.000877241363378133,0.004614918315478242,-0.0016464570640952816,0.0037380566842951228,0.0386027088530612,0.016822001406004303,0.023492125725477445,-0.0013241578839038814,0.02257861093233824,0.02865916047506346,-0.014400954983194658,-0.0009405659302874723,0.02346244802070491,0.017779533457032072,-0.005356910638247006,0.004694507395896481,0.020501890466118774,0.006465196229518558,0.0224047018235186,0.03186943429795927,0.03473627110701639,0.016143117028619557,0.006125906340594105,0.005330404167405101,0.018295545342386667,-0.006776424046193989,0.02517723543667732
