,1161,1327,1632,1690,1704,1878,3532,5606,6008,6066,6304,6565,7343,7585,10453,10499,10789,11399,12141,12142,12441,12540,13421,13824,14282,14489,15044,15855,18699,20232,20748,20779,22815,23071,24405,24800,24925,24975,26156,27928,27965,28195,28320,35182,35620,36910,38212,61591,66368,111864,117768,121077,125595,126721,134932,143357,150937,157855,160888,171007,171067,175404,176567,177267,180711,183377,184725,187697
2001-03-01,0.12931418106983542,0.10829299823312195,0.10827793118599376,0.11822928356623716,0.07742900090566739,0.12736775467976227,0.10105049867875594,0.04109804654390751,0.09519759664589227,0.08886470218832246,0.0923906935534997,0.09911050116801881,0.1362075074047759,0.08454053671603942,0.10378095899286999,0.09842744232777337,0.10360152467237636,0.07982715188427802,0.11533074459248788,0.08331945638845634,0.09005600569863209,0.09883153038589881,0.049445542425918206,0.11920345704931093,0.13092637027742962,0.08839815916879631,,0.11432002651212102,0.06982334018693515,,,0.08173844971543366,0.11684727066530265,,0.1323508552439246,0.11842792115285036,0.057192566872019415,0.05086240456548723,,0.09516684307796579,0.12604053666822573,0.09157088759377198,0.1341914715662439,,,,,0.11335063134864701,0.09399836463862349,0.12013627326954118,0.12138962571068959,0.11200331681993805,0.12250037350990688,0.10082799890413689,0.11520453751602196,,,,,,,,,,,,,
2001-06-01,0.12509693095470642,0.12228968742469132,0.11766676512953408,0.11833993657534876,0.10753424598441001,0.1625702617029657,0.06961004958948858,0.0756981357459814,0.05385963270187158,0.07455621817430655,0.06356686432043325,0.10450954067189423,0.09575435391905301,0.06979695933115843,0.06309526441161026,0.08474609596798745,0.11067345467027766,0.07725250571950204,0.13564743417896502,0.11277909490826193,0.08691358017313483,0.12529503570537434,0.029678776649453772,0.1371363894330172,0.15882883320677935,0.05741921187650571,,0.1473876906877642,0.04014570443625662,,,0.06724389519637623,0.10114414304445898,,0.13464181166560185,0.1126048778667395,0.05247062518346932,0.045975865456074676,,0.08259638642053238,0.13141159994569152,0.10374414229205836,0.11060403976631472,,,,,0.13062114828709315,0.07642533390847009,0.10467033816584884,0.12658497580237157,0.096765540124433,0.09825778985809773,0.09139698883693552,0.08623818698733868,,,,,,,,,,,,,
2001-09-01,0.08644479018675577,0.08523198644503321,0.07764711272166969,0.1013103534498641,0.07740401300575908,0.08891398577805694,0.07480053293833745,0.061560458850655725,0.04021115206117243,0.058227306492830935,0.06601690350096247,0.11131161256884228,0.08716690669124717,0.07172166279045523,0.08281659238175197,0.08040430852829013,0.08986327400986459,0.09863921128388137,0.06758867220659318,0.06438163694888391,0.09867209475096826,0.09464128017503935,0.05443211233295328,0.07763125581501908,0.128331187899757,0.07690256312429321,,0.08409299893012827,0.05425313187205094,,,0.07127393830853236,0.10214747843997243,,0.08953104990060425,0.08297493811216693,0.0954959084576862,0.04472282015465347,,0.09343863401734398,0.055212159301081074,0.10275585130581076,0.10702755082871351,,,,,0.0943566165300277,0.0607681769628964,0.12315264214819059,0.12225608950248097,0.10175065645522352,0.10114635017423716,0.08805127508731488,0.09907593940309407,0.08377641004349652,,,,,,,,,,,,
2001-12-01,0.11450263847989749,0.08784754414106129,0.028296065937981348,0.11696236592914147,0.10646632917307527,0.10532974708469003,0.11078271587028567,0.09436471766134077,0.0692889721320367,0.026943693959526897,0.10180116861877578,0.10644356860480919,0.08810558642849449,0.07021545314033256,0.09065444344994406,0.08588849371857454,0.09273345806581103,0.09607479555898235,0.04433868554893934,0.0505278976588708,0.11303300135571004,0.06479577571190095,0.07745420480014133,0.10433941825686151,0.09941195091024968,0.062426387121754766,,0.09788053152090337,0.105270811450918,,,0.06958219765007821,0.11761369985629493,,0.11106052275189202,0.06771058405054171,0.10558008376564727,0.05966650731495524,,0.07057940420669391,0.08025576133054704,0.07809931550440376,0.08560224607697789,,,,,0.07637401883584383,0.046382593737416516,0.10802179816845783,0.08458940531180405,0.10788053276319863,0.09383545728858649,0.09791248072122702,0.09445399699520951,0.07357033894247002,,,,,,,,,,,,
2002-03-01,0.0789677160698921,0.04478833300152307,-0.010717276143860071,0.07398953558477944,0.03429853331028181,0.04231208929419321,0.07385862382835094,0.07457984054905774,0.01857108533783991,-0.01488461546479009,-0.018545928403129856,0.045396945642238784,0.03491087758304119,-2.2400970263766472e-05,0.02974093551174664,0.03862038816862421,0.05668376611749576,0.05107412054662068,0.04850075717173934,0.009602555084096572,0.07288108334905902,0.01961407254353881,0.0711993338486578,0.01957767546047658,0.07242980619924241,0.055224813413854414,,0.075811844867188,0.024537818408379743,,,0.04866551681890698,0.060098295079617066,,0.044709474738533775,0.04315396191227141,0.006784763391461459,-0.0013672370419240715,,0.057393436953937914,0.08458575366779969,0.06806528558630244,-0.007017090195938317,,,,,0.05610498059056148,0.016526379977660627,0.07608925784289634,0.08491697189022954,0.04381836377567515,0.04230967279935131,0.08790758698022832,0.06642614272603739,0.028984924065571592,,,,,,,,,,,,
2002-06-01,0.07968647634643686,0.022970676131977917,-0.03837470509630163,0.10146116341008822,0.0003485802064441489,0.0989419065151037,0.07172969525483527,0.10675709557026768,-0.016450118155774438,-0.030467685357770558,-0.054624329117375456,0.03924613215165456,0.015097893443995328,0.005211978531356083,-0.0292117919147754,-0.0036559427175335076,0.048776369190475496,0.08343698648091881,0.002513129834015747,0.06170120008101451,0.028842954437281403,0.04362841589863642,-0.018782780389303817,0.025805929408309183,0.07395662408992382,0.01421787133363159,,0.023876808331060602,0.016333086837765114,,,0.07169854769729361,0.04801925121832004,,0.06456070875773205,0.0033024999139269757,0.039663649963027396,0.028341649409106252,,0.07081094806750517,0.04725411780469174,0.06764426046886705,-0.007690055122330271,,,,,0.023596527925458632,0.013790031828473256,0.044535011212247566,0.11309241146690294,0.033900138697010626,0.0677526937290041,0.03925769504774592,0.06688676519624873,0.07783630975326455,,,,,,,,,,,,
2002-09-01,0.13782573301127138,0.09260705294066121,0.04199285012997698,0.10759261193335222,0.05553463785617142,0.06801169475982226,0.09714254515153237,0.07779165809728596,0.062160162961010436,-0.024606627040635046,0.001181994913466367,0.08677619298315127,0.0920820488018022,0.022573447806106792,0.055140183571776004,0.034568059159566074,0.05180402993253733,0.06875104851456448,0.03184551986040214,-0.0012243034254109464,0.09197917372947478,0.04339214732084822,0.08165496471927411,0.07340854081014467,0.09049238199299943,0.02771739034380745,,0.09222392270733323,0.07100624272873074,,,0.06783305750293675,0.07564588558724192,,0.07233783878857983,0.049284706227750226,0.10753869904952382,0.03132753750206954,,0.03779718912070047,-0.01037237227091654,0.05845595996753235,0.013636375733624669,,,,,0.0653626611263298,0.0898378421474644,0.06875194371827913,0.11174211144116614,0.08606315301845685,0.084051220345972,0.05952478809375246,0.09144116144915854,0.07019205176439021,,,,,,,,,,,,
2002-12-01,0.08989213209743911,0.07018184692141481,-0.0005407847547482603,0.07764073910775246,0.03061187139887387,0.09322921800148302,0.07627598158654546,0.0707707831884865,0.06328621230337754,0.012556455633983473,-0.0008657354337890783,0.05007706739533641,0.033090058133325634,0.005009434222279389,0.06291332128066053,0.0586082431650996,0.06215904708602331,0.040185105497844445,-0.012790350177096496,-0.027968265873074903,0.11409590027038755,0.02740757534196259,0.06859966128595538,0.04011178217217576,0.09281875017589668,0.015116441200142687,,0.08267860498959849,0.05825554544713371,,,0.05617444004504454,0.09940960098403051,,0.036538465022832346,0.0563606384713185,0.08816744894747355,0.019382941596537303,,-0.04331313527460754,0.04861775878386807,0.028140489403277635,0.021330571059989655,,,,,0.042412874580196436,0.06908609763237135,0.037070130168475816,0.08098307869286096,0.035090263540034146,0.048929783467647585,0.10728565232611784,0.050577187795739116,0.030193899469461126,,,,,,,,,,,,
2003-03-01,0.12716626328607733,0.08367221252983095,0.028306642454120224,0.12459672897875274,0.07463103987596033,0.09124587681639902,0.07840814557759296,0.1134919448287471,0.09484125758830395,0.011786800169575033,-0.0069730688269492224,0.0924104624289544,0.10951556672244697,0.03690799322780367,0.07750320998744305,0.07498104129192773,0.10785550132307359,0.11464635288765317,-0.00445367438224768,-0.0012634829539835584,,0.012094721215911848,0.13614222411641794,0.018344400053608094,0.08782998234344745,0.04591399601714913,,0.09388768815542434,0.10394130016543157,,,0.08969637623909035,0.12129035793114527,,0.0370086797836208,0.021315402543033726,,0.10651873384704252,,0.008181384350190488,0.02339792096282277,0.09219464256501608,0.052370002368511186,,,,,0.07263690929424196,0.10535040641577241,0.053972282351233976,0.14497286627927716,0.0843057839511097,0.0916814675622609,0.11532804075329135,0.09736977991267227,0.09690376829179248,0.0957907967564701,,,,,,,,,,,
2003-06-01,0.10227967088359408,0.09029254859618727,-0.004389567560220797,0.11172001543280846,0.051723203773016174,0.08799153544485794,0.0688658501397475,0.12899746894672284,0.05440886985692238,-0.008088924817489893,0.02092630405784377,0.09383003371491283,0.08627238435846514,0.020149738476331443,0.06230632841060642,0.07088683853876221,0.13417518033995288,0.13024435173874485,0.0003647338585716784,0.021419655898797532,0.06856926651550538,0.018766900424502762,0.09845717910239664,0.03855899290041106,0.07797318711887741,-0.01098790949714423,,0.09108297112552056,0.09366320616145211,,,0.07289881202784036,0.08246851091198196,,0.032909122762232054,0.048002932986709684,,0.06768326305560067,,0.1099785313148795,0.08538968377876867,0.05226464224634918,0.04899486626426103,,,,,0.00981519567089233,0.09348503762368572,0.04570331009043516,0.08630243656325151,0.0844943824155847,0.08573120552380374,0.10121917541865112,0.10235509853461482,0.10304018439722441,0.14152399179255615,,,,,,,,,,,
2003-09-01,0.043192053850513355,0.02875905199269786,-0.041492288402668095,0.05344068799590237,-0.05014742927729567,0.0888412404950323,0.009574625223490296,0.07439757544704624,0.018042022552982213,0.005775043683895672,-0.013099484394649804,0.0017238962563322121,0.01702223219807727,-0.004970274059039681,-0.02166618870546331,-0.0005371034941680053,0.130109424561367,0.12149191817051917,-0.014409631986251942,-0.033750467146496495,0.07736844198535062,0.017179892497258074,0.03010080735225842,0.02435441480258643,0.04521604943685186,0.010196865748343286,,0.056882891277927096,0.01388354497881156,,,0.02250783688898118,0.08376814045274436,,0.02625849295954436,0.06289079338950362,,0.020525641681536644,,0.028907202749392263,-0.05133383103755637,-0.01443851622199355,0.045040370833131,,,,,-0.03502790972969624,0.004759676874008416,0.030710200186935346,0.034501949198487925,-0.021151594352986015,-0.0008410821390315725,0.11174772401955427,0.03229332305225622,0.0636467585764818,0.09402775877687573,,,,,,,,,,,
2003-12-01,-0.009494294687510079,-0.02117612357999399,-0.04912466947655529,0.06407743451952184,-0.09222654646369964,0.09658395688233082,0.00043530800876854457,0.10635454706216553,-0.04816355974435625,-0.002411013752367018,-0.10054438050807893,-0.025909880381530255,0.045753303071081275,-0.01962366038805441,-0.05416507356511184,-0.005740034070218155,0.12095992762807463,0.03309750101531305,-0.10513809500176363,-0.035714885599084874,0.025577673486292918,0.0036040795896422322,-0.003055052767686086,0.014300277378387627,0.06842052330639312,-0.02735064516835317,,0.004135751707189197,-0.0456505996947995,,,-0.06073148910184075,0.12025039400644909,,-0.003825924661793126,0.011369752253063404,0.09487056026997516,0.014421272835272045,,-0.0763590945592142,-0.01036743709736163,-0.0007705099783761075,-0.005589135715416791,,,,,-0.09362621947628781,-0.027190442996351483,0.03690078794482872,0.07965540125147537,-0.044117753569010106,-0.05652965265312256,0.10394350679732318,-0.03269769995927753,0.058557832063424645,0.04086417907714474,,,,,,,,,,,
2004-03-01,0.021821769212078693,0.03475653771026983,-0.05856213761561885,0.08481640916459256,-0.07288962111354078,0.0712315024692734,-0.04244544329756783,0.04573410543720805,-0.02515805385169358,0.011101560777728479,-0.05202576956646255,-0.031195255536581472,-0.018597150854359215,0.008241478313279753,-0.09889214113590096,-0.023161790039396925,0.08168259885810446,0.06197245804698771,-0.03868392802683521,-0.003598869740886066,0.014055175716100675,0.03928747068201646,-0.03687885132666555,0.041995278629359756,0.04836510014479638,0.00864995721458884,,0.019080914217498735,-0.040388796758600215,,,-0.0522464295834327,0.09712285524879496,,-0.03269927115396687,-0.023451226414940816,0.03344705290120177,-0.05912042235536461,,0.012963034285764808,0.0006682428899601164,0.024236102675959877,0.008755304762580553,,,,,-0.0072853515145783025,-0.05751475751988574,0.03939768866094656,0.08688188769525203,-0.0043642134157183534,-0.03990417689865648,0.09754271066329377,-0.010728604306489399,0.044309892255533424,0.07010471167823662,,,,,,,,,,,
2004-06-01,0.01440268933863794,-0.007449485966975494,-0.03706142367878538,0.05378890482016029,-0.004705879459140783,0.03446969718393755,-0.0026375010727088827,0.10206473613013015,-0.06730290478915635,-0.017034284019094875,-0.01890979999923422,-0.001274514058451795,0.018923986012115777,-0.016872643063605954,-0.06367440997998818,-0.07329727887037726,0.04193211922415639,0.11342623698077765,0.010825518833327965,0.0479400663165707,0.06493754224378054,-0.0001502203924952117,-0.008302241297018247,0.03669356137331254,0.08014245225388976,-0.03484877230717456,,-0.01981053950842837,-0.022079620684104944,,,0.018097412795148652,0.06161879553020332,,-0.04288011716197098,-0.02110579887192347,0.03369295248206923,-0.0013613037673648606,,0.044496399849529224,0.03332228086573873,0.04611846387312672,-0.00027359363082034624,,,,,0.01960826062207621,-0.023447614235371683,0.015193092839830292,0.04736984233087246,-0.03309119739162425,-0.019366802718071698,0.04123374176707379,-0.013222975665145964,0.07363331310799738,0.09174049471352748,,,,,,,,,,,
2004-09-01,0.07290971764391818,0.06484488775814161,-0.0010484590764785605,0.10003538755810176,0.07715391985955211,0.009211727390530609,0.011306498342272205,0.09968351191398434,-0.02932785820321857,0.008403619949380936,-0.011766349601414322,0.07135016833469682,0.08856473151265545,0.01336015474287482,0.0314126759078064,0.026908829925517304,0.03897168025070959,0.14358376880989643,-0.0258125802794513,-0.01600728356900929,0.0033316625753664064,-0.014576923565825685,0.008796461205419041,0.03950195230447608,0.08744961260227693,0.0022902145102801554,,-0.01392408538104824,0.006951003783859752,,,0.016162010983986765,0.12556539926487498,,-0.04528285026103031,-0.04787214360028267,0.04088610152486633,0.030861546613243657,,0.07550818675189051,-0.02587647008644056,0.09985733234450263,-0.0013481036910397357,,,,,-0.023640986087613898,-0.00797428109575453,0.03641754562535595,0.07905167290080692,0.052528512990551786,-0.012360481315851251,0.10203646935780766,0.05394985349426399,0.041902854407470415,0.10853129147345267,-0.031222649861837065,,,,,,,,,,
2004-12-01,0.10260417556719562,0.07753781175274072,0.00802740738470674,0.08620241486711565,0.1041029788645535,0.01470361244832766,-0.013965947766001685,0.11263312346288944,0.08981218448058424,-0.0015682099026662908,0.02185451174296665,0.12856710907719995,0.09117016883843197,0.000811230841089067,0.11110072513273081,0.09098465057163584,0.05571979855927095,0.11053874765210026,-0.025585477894190797,0.00855861941095707,0.01777115512434687,-0.006014146638863977,0.04395092670458443,0.049706846847117445,0.07606198961949469,0.01889408487983723,,-0.01238278638053983,0.007995136978641335,,,-0.019256276728730714,0.09915797218685098,,-0.03376762793480458,-0.04116080702447597,0.04895677054426575,0.06751677857255017,,-0.057321463818048334,0.07319496933312458,0.03240252038554932,0.045420794246936326,,,,,-0.0248059109199505,0.012948670964675385,0.0655555798645034,0.1138027177805173,0.07196531162761406,0.02992277790177942,0.07363320132998553,0.10050901734804386,0.04766085994883272,0.08859623779217288,0.0004077210979052837,,,,,,,,,,
2005-03-01,0.007282530845554066,0.08544260174579822,0.008662939022504347,0.07043703661224461,0.05155788895289788,-0.0169931911144841,-0.0032392640270897844,0.08850362521148605,0.05069208959019371,0.013922658425918081,0.025127018234740256,0.12638103163517042,0.12604679991114268,0.03162994897816849,0.07652442411320667,0.04754355955941,0.07159450102306425,0.12330924787812632,-0.004205377147547827,0.020152709062622925,0.005039384446351585,-0.020294346838084093,0.07205364230089448,0.027254081324498167,0.07136876954539159,-0.011872647299071877,,-0.01945458528039505,0.016069773888998717,,,0.027247668846041292,0.1117856140575773,,-0.03645910737910547,-0.05316491947483866,0.037370390060751116,0.022699416873237205,,0.07235191987972518,0.08693710428512143,0.06728100798455873,0.025860206515626104,,,,,-0.009110705610641196,-0.01087904639555184,0.05727411476994462,0.12858531101919868,-0.04939429077292626,0.0545243727931246,0.06384292706408115,0.07203883142576922,0.06566809588609439,0.10670623681439652,-0.011099145600508634,0.014104657677512263,,,,,,,,,
2005-06-01,0.04164276523620975,0.09738088527352072,0.03541569131003059,0.04719996997032931,0.08132179595087219,-0.04660886336084851,0.03929441311607268,0.10327606966307652,0.026846875666881848,0.004610441106246898,0.03655613681409642,0.12879517893080408,0.06877014722511472,0.019056016723864037,0.028619791286144638,0.008675186354299721,0.06024978066921895,0.12571037461127382,-0.00223351827823061,0.035800621128679405,0.010649861422703657,-0.019646386957014417,0.04158302021798841,0.050389115242406676,0.0587842403332285,-0.01437094160306675,,0.03977157225626008,0.033735081976987887,,,0.03906327693484132,0.08652689904218222,,-0.016861382129543613,-0.03103550054850482,0.041353738773329055,0.019410507510665552,,0.04588662084609396,0.09051158369198122,0.05370362331098197,0.07137177871284936,,,,,-0.006331392771263925,-0.042516779826799675,0.019736420116328677,0.10990783989966038,-0.010502743300167204,0.05623880438431152,0.06989937380815854,0.10237988920635573,0.06244362146591913,0.08566046886890528,-0.013898177124313548,0.025687199473336367,,,,,,,,,
2005-09-01,0.040903993611263414,0.07866240499580845,0.03520655964094318,0.0606352078651242,0.08077630579340077,-0.028681852525188217,-0.011552794640837536,0.0327064661079514,0.014888506092884205,0.05137581084539094,0.04364694716199427,0.11585592303434633,0.07512553948519972,0.04680327053266075,0.03362430518772813,0.048118123790380996,0.05427580867519793,0.1172941953687738,0.00014404930535506213,0.00934897735766574,0.017399347916028613,-0.007616376239158842,0.07266674297278417,0.0620971900675834,0.06566119393484682,0.008809607380286707,,0.01008700230024701,0.023175622009980305,,,0.03177414806472091,0.09635878978389145,,0.03902185284636155,-0.01133002983279981,0.027907487807819223,0.02002789247731564,,-0.02072568017944902,0.053940144725537514,0.024068931133426542,0.07639076492293138,,,,,-0.04211075370895231,0.010784201826545194,0.045940488989363475,0.13717239316691152,0.015372618564115204,0.014885010932714259,0.056016779938266266,0.10103624827949848,0.05110902348741823,0.12728001683162857,0.009492331348580652,0.027419738076095435,,,,,,,,,
2005-12-01,-0.021047239715536015,0.06676179591779328,0.03260765970117967,0.04464641001861702,0.07748192422813009,-0.02771964220017506,0.006766744787185444,0.048062598504408915,0.017988357954697366,0.003958014885939468,0.02044584762873612,0.10021170695184177,0.07097501020786438,0.03747414807821024,-0.01203875122868084,-0.01654782185310752,0.047697697539101094,0.11397356597568338,-0.026399932164455287,0.011846418031393056,0.012409794226809778,-0.016097265779703888,0.026765626658319403,0.04496990666204578,0.06839081959221235,0.007919651570693454,,-0.011943702085501617,-0.0034936499807247078,,,-0.005220444744054994,0.10270501439005697,,0.027517909930701148,-0.030462914526563144,0.02167631415022297,0.003758247992272009,,-0.052761571453717966,0.0763341397350667,0.03791311191644606,0.06579940723560346,,,,,-0.03213279541390067,0.04517423565251285,0.05313228274723189,0.06372519502211327,0.05349761719462848,0.03105784549535582,0.0598325424912809,0.07470785324938266,0.02786764345028057,0.10907617004080283,0.0036146875939703344,0.07079136580247505,,,,,,,,,
2006-03-01,0.020426706710862753,0.08849810133169897,0.02003869979109143,0.03858605192197073,0.05071887607386299,-0.032356271120404324,-0.0007118195446902541,0.05666150265643019,0.013381088549725698,0.04647686534256353,0.03158632360240932,0.07667756925665312,0.07330495307162045,0.052744804140146415,0.08285771590038804,-0.007889281847294845,0.04351491164992919,0.06060103923587626,0.0008628025679852529,0.03698471465516422,0.01097691312851325,-0.05150057967208993,0.028302717621081844,0.039902694292560104,0.07134730810766801,0.019469846531015005,,0.018330764633813525,-0.0100986384613428,,,0.036182378516810575,0.09097979343854234,,0.03501662953705061,-0.04245396151193896,0.03360182744872656,-0.00803882749124015,,-0.004908465696851045,0.03767442318816575,0.044519649236514566,0.07551177778739072,,,,,-0.021180231681506206,0.03290085586383761,0.04999613004311208,0.06317638045487782,-0.01719889370368094,0.02690871040866199,0.08280493568443063,0.07782641259624577,0.01192245196264691,0.10657469725306556,-0.021452260315105137,0.009091645108574525,,,,,,,,,
2006-06-01,0.014091533925084452,0.0628207035588916,0.0077246574099852075,0.04657574209555865,0.0676396461335321,-0.06437923434401735,-0.06437762396651313,0.043424394302362584,0.029214830275745028,0.05179787737667954,0.011787641876031693,0.06153214422872339,0.07711995410408137,-0.0071528784734926545,0.03841419826035185,-0.014309188755418277,0.03867198512779284,0.07556231511423345,-0.013472935828024502,0.041923529949843184,0.00438139078369882,0.010119068191545164,0.00423351255740531,0.030347695619408654,0.06710415955507626,0.019377750736777454,,0.018388498899336293,-0.013972468371703708,,,0.014284559053557855,0.08220768408910821,,0.006985110283972859,-0.03005121233857925,0.012290614777575435,-0.017866463269175046,,-0.003414174043978831,0.02410760871509849,0.049711241466807964,0.06108070783445374,,,,,-0.0411551039895306,-0.026840854964690682,0.03218036424858319,0.04044329406586233,-0.02411802858174452,-0.06701372226401991,0.05007181073154646,0.07378215507398571,0.03371794003904556,0.045443840948017726,0.007620425494070322,-0.00942736139961976,,,,,,,,,
2006-09-01,0.03366559920436652,0.07782623244724965,0.027938550640838885,0.04092945470683373,0.09152774316279842,-0.023581601831343914,-0.015994147903067517,0.04595796051492893,0.0500338020050582,0.05193474970014096,0.03586095783044585,0.07370059351323889,0.060294471500197525,0.041195234004502,0.11012631691556062,0.05230180670602668,0.033743360912768985,0.10549299447661126,-0.007810542043302518,-0.012871403135784764,0.010711746252628766,0.007271353144054266,0.0026074558728704194,0.0438556068620406,0.0651382247767246,0.0221345669432109,,0.0243055801651205,0.04066661468691455,,,0.03903942517825372,0.10139748660831462,,0.0415748330432274,-0.038885658920506584,0.031166016061427437,0.00624944120513849,,-0.013938887625640094,0.038690975856794714,0.03123182797793884,0.06281671484099906,,,,,-0.05853333281697843,0.052508599618163336,0.025012752976205744,0.08275480295398947,0.020189486419203775,-0.07013838493968465,0.05542137726980667,0.11645330789507843,0.03204414889473525,0.04398770060228674,0.020905266891916508,0.043204031280613044,,,,,,,,,
2006-12-01,0.04223811605319327,0.07699108772325032,0.02889940131500397,0.038812410179731714,0.08607299258379719,-0.035435414814205396,-0.00854827524968346,0.05763554874981113,0.05913373321071773,0.04650771674985919,0.03059659842178696,0.08433301029840556,0.051894982159649106,0.037763010924483385,0.1112952610037601,0.02135047719092474,0.020896982861457643,0.09580604240235908,-0.019239126377055854,-0.009370176130337686,0.012120473398272064,-0.029596488093739645,0.041531685947266105,0.03140379243446045,0.06281499206086169,0.030259423165261493,,0.012454266150252889,0.040296245041265354,,,-0.028935246911943283,0.08529633236034387,,0.025127565347168056,-0.01459550777912886,0.03426026142282272,-0.014911183596306832,,-0.054844757069327746,0.06230990201058516,0.013812656303314836,0.05986760665192428,,,,,-0.03853187422297008,0.0534821631721103,0.01744683205359128,0.044812287818775144,0.024734755455350185,-0.06471430315125505,0.05607954450445871,0.11306596684545678,0.028321569269261486,0.00032050876209830536,0.019076999825560766,0.04379598535682977,,,,,,,,,
2007-03-01,0.017642719044094046,0.06033571195631133,0.026966263212681127,0.07147625466845418,0.05905905936296792,-0.032445629683505214,0.056580601618035534,0.039135089993003,0.07583270492714841,0.00525198338085415,0.021867202532220062,0.08605493918410598,0.0699400762516603,0.03141248558605882,0.0844448282387921,0.0470933163820122,0.02651674819461828,0.11736551177079667,-0.023438463156082154,0.025469299730912297,0.032220695724792456,-0.0465412810772604,0.06204319903461557,0.028703699806575875,0.06928634490851544,0.04365222688140524,,0.04689082357444124,0.0036551235725240157,,,-0.005383156262811732,0.08878616612765032,,0.03823238809122918,-0.02370069191654911,0.026520724928468454,-0.010440550494500817,,-0.0345266024483277,0.06952867301555116,0.02811815482650795,0.048208831756932254,,,,,-0.03808538352194126,0.027644248309355298,0.038729305933189975,0.07034103818878262,-0.011317893455209371,-0.04972422035503362,0.049085402790340654,0.12023112062681526,0.026165918073946654,0.016531033338584234,0.005927602453698494,0.042128569778040116,,,-0.05830984468763067,,,,,,
2007-06-01,0.053979475437968695,0.09312164387884171,-0.014280915331147188,0.05589730561603847,0.07370513727646623,-0.03141666197931995,-0.04862969798702391,0.044743328116087645,0.05001237520004975,0.006839856018793601,0.027371692620978758,0.11207718507032473,0.061521463821071064,-0.003907841074148648,0.01837633947625802,0.031064737886295917,0.06090206058578918,0.11305067882739593,0.0011858335733803448,0.039486866955584725,-0.028045518069996535,-0.03780859087644707,0.017023211341299704,0.03315560472500898,0.06522395348431463,0.023311138771524235,,0.0595941989754094,0.021831583655998705,,,-0.003661458146596029,0.0672687763999467,,0.027326250408697645,-0.024147056023440118,0.018515582340526544,0.0176539859527352,,0.01144260850501571,0.06507298874907563,0.03121711723450775,0.05530970465190714,,,,,-0.034945662087348645,0.004681116673555859,0.022458262254613788,0.06456429375223333,0.02547735165065934,-0.07838390987216194,0.05300727154059975,0.09483381294731603,0.02041166817175494,0.040029305696683254,0.005524604511996811,0.005332323106554104,,,-0.07114319322918715,0.09339858055625352,,,,,
2007-09-01,0.04774917210343677,0.08132306038299664,-0.0013494209689548164,0.044995231788806364,0.03270324829320812,-0.03537560067254733,-0.020629175962303636,0.037742051994988396,0.025047788015799433,0.008969508476696045,0.024897334185467766,0.0795287504185216,0.06925814124684995,-0.005640077383959686,0.03466460472381649,-0.00633511443561344,0.04305445317530962,0.10919613735133737,-0.011074577552701073,-0.01087501462540157,-0.03673975667675424,-0.023721534168451942,0.03438658129890552,0.020146782095756,0.054924840811250035,0.009969893734902976,,0.030898643289055054,0.03167385429153079,,,-0.008257954438522064,0.054961822293350976,,0.016062506559103983,-0.016595359007157563,0.017769927118768927,0.01436650952447085,,-0.007359169737941223,0.04871402927721968,0.04294809008993847,0.01960126776813014,,,,,-0.05603727952343669,-0.034756839106612925,0.04305540158200066,0.06288550349079582,-0.01534904223193622,-0.06199975648494352,0.042383292099086575,0.08349812585594686,0.009907382011832763,0.06254816261670576,0.002051347816873053,-0.006937443966495127,,,-0.03348738437437079,0.13840750132531499,-0.0045627621623628226,,,,
2007-12-01,0.06248778783777158,0.08830131234133559,-0.002875397068705158,0.03967964475457864,0.07684823534035615,-0.032670025701508544,0.0006437804335044819,0.039726756172058446,0.0278853292816161,0.0064954082579445896,0.0016658657571166386,0.08230394288549561,0.0944963289086302,-0.009703068453271273,0.08154835404055406,-0.00902473567284916,0.057934544942349196,0.034534294538797965,-0.0007087578890819768,0.022736082539217675,-0.004125403685719016,-0.02949754809662071,0.029690712751105523,0.038706551956147243,0.06544166167165574,0.01883562210116951,,0.023339187397549498,0.07110485205326589,,,-0.01596085804942428,0.02794757016147225,,0.025697957413914833,-0.01679660377584015,0.022389986697820566,0.021932865755455732,,-0.039333619465070274,0.037322501888792214,0.06316532590834967,0.010679236971007054,,,,,-0.008987927049796344,-0.03934639857660507,0.04167319271525731,0.0671980991110662,-0.03109755442305124,0.0017562062698871484,0.04070494681181832,0.08579463445973695,0.021886034264052244,0.05148254340996206,-0.0022924624100907165,-0.032110632003353894,,,-0.0253488106810007,0.11567438590171135,0.01051961609271295,,,,
2008-03-01,0.07744926457963673,0.09814984651543175,0.039441643406852654,0.03746817221398474,0.03264380196646556,-0.030130603843265567,0.022815129371406066,0.04521069615307608,0.031960978948646857,0.0035104430127079057,0.007380885495890343,0.11598477156239477,0.09471514469392538,0.004261234500220178,0.09845443831299176,0.010882278879013569,0.07153580660564311,0.05476150635297711,-0.0035668475561719047,0.034176743342769295,0.028849729031624798,-0.004541326043481579,0.05944718940641893,0.032582334377084535,0.05370419702649598,0.05788176390008571,,0.04653405275670039,0.022219564495369118,,,0.02033515808440817,0.0559406267310634,,0.04055157454003405,-0.018755832618738474,0.026949006157409028,0.03498712690441411,,-0.020857431642914644,0.0437771874470481,0.06575368462721135,4.738546526357905e-05,,,,,0.023597193692795414,-0.05702505527339831,0.05174375455768942,0.08175226545134873,-0.00986983463729835,-0.01358611651325945,0.04530720449136179,0.07458004474338549,0.037458205742472474,0.05368172078659264,-0.0012318904320119007,0.019380178387438676,,,-0.02388779316120677,0.11639040605452237,0.029541854156412643,,,,
2008-06-01,0.07090255096254132,0.09961353365494817,0.018343141583751794,0.04640411432194011,0.049457280145563214,-0.019859071426491716,0.035390042383859885,0.04357950928499896,0.03400379669294167,0.015334839947267986,0.03990655961758631,0.11660073401570373,0.08790358814763852,-0.0013501066672397322,0.06639804378446448,0.03973257044484689,0.035814216909339246,0.04825418522691458,0.008777989653103007,0.01695495044826323,0.012603516615001205,-0.009630926470674756,0.05572780554156822,0.05088584656365393,0.06603000674353708,0.04402224246234882,,0.06096449454901634,0.019124782366901846,,,0.011876426193627436,0.06115055897571785,,0.04440791993906921,-0.0017343262777306878,0.009174656242805551,0.03426921239514946,,0.016291624119455072,0.047336720823430205,0.07705417549138684,,,,,,0.018704765432082413,-0.04251537499705402,0.05932648248823256,0.10073289947003744,0.07108581549028468,-0.011190307620092791,0.04349446455570179,0.06731142908137532,0.02359745026430995,0.06817586701215159,-0.02844563406365724,0.026406549079900376,,,-0.017547304809590672,0.11577285249795348,0.0332462366680543,,,,
2008-09-01,0.06146360879172972,0.08053055157164753,0.04773580735858392,0.054460247409331544,0.046009944946934,0.01130582016571011,0.03436162072784594,0.03900154878374707,0.04915604381957953,-0.0016651936320317168,0.02864309703861187,0.112243301235999,0.09126977725674988,0.022480155430548897,0.05732646539720939,0.03511783824441326,0.0321073049491938,0.042738198624089216,0.012434354954989381,-0.00562240387622799,0.05146940876130908,-0.020610405608204596,0.04328691745302626,0.054429707539750266,0.04800374305368543,0.026085926794370728,,0.03521837634154297,0.041318738489723984,,,0.05375252123217021,0.05513013223643679,,0.03157452050413366,-0.016320902843958172,0.02627724233445374,0.042549247471977504,,-0.005777182707608455,0.04127279956210608,0.07269335736733003,,,,,,-0.026358038912591843,-0.04843772512185642,0.047394883279413824,0.08104567694465298,0.02167423107421805,0.005999619346401983,0.04228599992009825,0.06028770890295746,0.011849261572872144,0.07516494039101226,-0.0038702781086087045,0.02024434688584133,,,-0.027554305533983022,0.11494032751607605,0.04213273483402823,,,,
2008-12-01,0.06470638712198097,0.0983612397419663,0.06155188205966715,0.04947179960089335,0.0823902197426963,0.06408412340510049,0.06648420220344152,0.03099905374630272,0.06818716200484977,-0.0005420363080210124,0.005928099021909506,0.07566379462776833,0.07444702342383261,-0.002498548629486016,0.06601206991546253,0.05723006861514508,0.02338308447629914,0.07287925567268162,-0.004609425268846647,0.07508319418942279,0.029705540701003296,0.04465911723624625,0.041659326798301706,0.0459427615508846,0.046638867539651185,0.057721726699317764,,0.05164120495622947,0.052847871284366736,,,0.07128747726280057,0.07330224864978217,,0.036493988032826684,0.009488480385990185,0.01967084089448796,0.0752838915023836,,-0.03471513070048037,0.044912600746919044,0.048862799726839504,,,,,,0.06619454244287003,-0.01594924619104875,0.08434469065270893,0.09384543780478527,0.03199415024244598,0.05964701002390374,0.031062920206212537,0.0868919589336445,0.025419443212814957,0.06571237398842261,0.024495785851256575,0.0798331938428935,,,-0.0140200367851786,0.09530353231548025,0.035749858372571,,,,
2009-03-01,0.05259992019222763,0.08577636729165873,0.04021657213390549,0.09169352120655415,0.03282700804657517,0.06211125512888485,0.06824917274052013,0.03625888300081863,0.05640534654657988,0.008894866083439283,0.02323077849709247,0.05662602546112723,0.08035371414966822,0.025866816854686957,0.08493312432952384,0.07934353427910522,0.048554610418431905,0.07707943112380597,0.04563720744287174,0.0641829816789493,0.05356427886432589,0.05704703674366188,0.07094918221493998,0.04888343851895033,0.09581060132728762,0.0691505172083901,,0.036426046745535345,0.02451021649922168,,,0.07426932142364556,0.07419369703071461,,0.0490926494798782,0.006117350093114518,0.03219200425622664,0.06892606126837647,,-0.007371881945993891,0.07494846289050199,0.06583301074684544,,,,,,0.03865759018741746,-0.0059668599172096855,0.11749937090861633,0.0640455277850995,0.011250626466565973,0.08324063874055422,0.04131758405984991,0.0824747471485194,0.039898132170063064,0.06375261901828838,0.028771509244803296,0.08545348263096027,,,-0.013765122011222175,0.09967238713829214,0.04250563320922738,,,,
2009-06-01,0.07455475197928782,0.05662036542704936,0.0285588727442311,0.07590021674222361,0.01987853675284844,0.018286244964735503,0.03261114455890566,0.02514672907256773,0.03633679646327594,-0.005149817597777922,0.03325437147925725,0.0485923898193364,0.054869107131561845,-0.00036032283287843326,0.05065881313799765,0.04354044075535987,0.028489646683888523,0.07227610634077669,0.03558020997314117,0.05549398427565927,0.02423247299120304,0.024317342494335873,0.03055471361592386,0.08376374270438369,0.07871634462731318,0.0409500716554344,,0.005075594168738495,0.049125500058092214,,,0.06358001599087017,0.059975156431403276,,0.041835353028782434,-0.022063359387455204,0.0165043273181733,0.04764620061030718,,0.02062616233059738,0.059850473612279395,0.03445312394430952,,,,,,0.031811109190681246,0.021417999316258395,0.0801594162288599,0.0538406713319767,0.03636767455290034,0.024338212766067954,0.03661983632869384,0.048609121885937086,0.029860416453571882,0.04255082652399254,0.006531516253063581,0.022723492958071575,,,0.007885117938013985,0.09418250908481783,0.052480730810277175,,,,
2009-09-01,0.0376347612222234,0.060084971519616975,0.027457164820737942,0.05088319075775481,0.009254506059918198,-0.012713580254639041,0.06051584769892102,0.028369335117845344,0.031118113816170863,-0.0056526845174658365,-0.015565839905291852,0.03330862303373565,0.03518393758533761,-0.021290797294500865,0.03506906204843029,0.03104596893871363,0.04975363079525136,0.04265255307657934,0.0031881110880191076,0.0008756874959899148,0.04552011601693891,0.01860460550871892,0.01326643467228826,0.08698280233364629,0.09141257243247351,0.06313537973513325,,0.018106239996755185,0.03781938418884871,,,0.03430834017157544,0.07090040595785396,,0.015449251936060253,0.002853179182785691,0.02410442436299807,0.06843879870109612,,0.00031760273970227073,0.05005947076266048,0.03332436740700316,,,,,,0.0017299014821532328,0.018637337770751394,0.08863450497793725,0.04663322544486476,0.007058627315417319,0.056050471870999624,0.04544921367337462,0.024440628283670628,0.02971078836914486,0.03430669361917669,0.020948388811838407,-0.016414639746218034,,,0.011139543147854489,0.10764693582259025,0.03568244435322637,,,,
2009-12-01,0.03310647153425828,0.062076702245281626,0.020513491096256595,0.028679059166404973,0.042000332360865006,-0.03266102789607039,0.051619411184646934,0.005030648273536159,0.04672027824753434,0.0047513547497463945,-0.019468948558578024,0.03354836339393443,0.06285647996839451,-0.014904592619752757,0.036920893308816316,0.007070308480578239,0.0406489723981193,0.01338042212370698,-0.017716077198362528,0.014081397828731943,0.0234201922482531,-0.012754435644129633,0.011190785379412916,0.04763463809495238,0.06356996060239797,0.053952084627245316,,0.009004928559457847,0.03419464370213481,,,0.011063127819961742,0.07215403156133654,,0.025720398705926496,0.0035407833657856345,0.003966713392750307,0.01910300040724308,,-0.04219360474650524,0.05791494835315328,0.02749308199615873,,,,,,-0.006297569318143783,-0.028202665306737446,0.040061467950391574,0.08379782712496242,-0.025146351203266446,0.03851022684799653,0.031099633163919702,0.04637320705399923,0.01265441177369299,0.03766911029837724,0.025131370027624847,-0.014397825308553248,,,-0.015438076603328741,0.08410678849144507,0.006470109510321747,0.024978496750703003,,,
2010-03-01,0.025395913538487504,0.03139709442471357,0.001583596359141676,0.019495111408008536,0.0007050113498813928,-0.017198683728508093,0.012499935266635124,-0.028209771457692597,0.007958521382569849,-0.02274757110895935,-0.026524463272946802,0.038824123993323356,0.015378814201007894,-0.038865885081994754,0.007804431269813336,-0.010753373274825343,0.011093043202290967,-0.015796358369558748,-0.03865695532233944,-0.030090407297673843,0.019177642097265187,-0.005851273689422305,-0.012206191640866932,0.025798057594863085,0.02118595715394695,0.024474534246172873,,0.0022010428443161173,0.027366948572344854,,,0.020733030825951328,0.0006468538728500222,,0.013634445260158964,0.0009010740459210633,-0.016922394593934187,0.008590780608336774,,-0.04123462625460779,0.04318173280483404,-0.006487291981115821,,,,,,-0.014472106195102342,-0.01457657703204385,0.013861739711639247,0.06728069714671488,-0.03733854657470296,-0.01149459721328288,0.01878063466909502,0.02146326975763894,0.0011866238888077038,0.020527048320990754,0.00554252424309603,0.008798696753437947,,,-0.019649641654682186,0.062062273370450345,-0.019739409855740537,0.05701125424675604,0.05739444840287276,,
2010-06-01,0.028519037414786917,0.044276258932232394,-0.0005875011542469738,0.014489354472200129,0.034762607642484795,-0.053339631468309924,0.02277579321965273,-0.028377199206652867,-0.0040768390606429235,-0.014038485327845856,0.0014652432557156752,0.07484215895169923,0.04116136732094474,-0.02962853990117538,0.05008512597969637,-0.008538662760216557,0.007210203986226681,-0.020087303068471507,-0.043590778435057084,-0.00931893664039016,-0.02322826187371864,-0.007572771808912617,-0.017542127894582395,0.007536426822464235,0.05593453698918949,0.02749321492279692,,0.015694967980903963,0.0014119453362775555,,,0.0005374099882901433,0.037619504053752466,,0.008097252112127069,-0.0154259672076077,-0.010949826744672713,0.004223661753877541,,-0.015052831183703172,0.05679998069775253,0.001954749305744865,,,,,,-0.013611991555675995,-0.030674214834625287,0.0018068192912832585,0.08230721799418621,-0.03710702024516599,-0.019969763167353972,-0.00903317213723892,0.03501469206297317,-0.01409145585623372,0.03609201303023176,-0.04412804727975875,-0.011644987972353617,,,-0.007531940793861781,0.06609996033563664,-0.016627770698666257,0.039345676233159134,0.026063361993836884,,
2010-09-01,0.04233990572021332,0.030185131648177023,0.009807940468470654,0.028082877168742706,0.045061275172383994,-0.026124925100613473,0.03612580435365393,-0.03176743866308091,0.027544058905358177,-0.017084579898253866,0.0007179658792713126,0.06400154272350748,0.0554160259455516,-0.020239594807606308,0.08047310449755046,-0.0040886552167869305,0.01810881414963353,-0.016175526654065894,-0.017790825983398446,-0.00469582837943116,-0.02211418409562198,-0.011821489936340704,0.023910688360538442,0.01582562311531116,0.05205061241890084,0.02944069861660748,,0.011196626279389436,0.031218469755635095,,,0.007073264864043084,0.0076100768507304725,,0.013746001588669156,-0.015200693694749511,-0.010662683296293557,0.011972147289145554,,-0.044192089000207935,0.03668184944679327,0.01808286094750869,,,,,,0.0009753388360944616,-0.02703524569313048,0.010828594114441809,0.0800539745578974,-0.030411089983552207,-0.03226061071178217,-0.0018577626467343423,0.05624569165712365,-0.0033582143569398184,0.05120334489700248,-0.04395514667235186,0.035063663943915455,,,-0.0017518326824482655,0.08175075233149373,-0.017819655451012394,0.06773660541135954,0.0323941043500631,,
2010-12-01,0.04868143103032033,0.02549721921752246,0.004542609809280572,0.028462692761024457,0.04227883649380698,-0.040016687733015595,0.04391462637094499,-0.013308980316332299,0.04242491570635125,-0.01359272674362623,-0.006510326391269061,0.06264787034416365,0.06472930541087017,-0.03116618306268102,0.049430493175320056,-0.010954608357920653,0.013855275621925338,-0.00010599296369638328,-0.025383875903394842,-0.004276037829814349,-0.018491175931357608,-0.006299006778364666,0.03382108950460286,0.014242911152543425,0.040295765544876676,0.05132239490949117,,0.02695041328457079,0.006402675668515009,,,0.0024228950082069616,0.018563594705320378,,0.0071943119758720855,-0.0024559229463816767,-0.01807397842222145,-0.00905477364200897,,-0.045353119535028734,0.036058227159075,0.04013348803242232,,,,,,-0.008769631871787793,0.001150125457588908,-0.0016405107601939978,0.0793044806781587,-0.04952751323412505,-0.03700619561189514,0.0006318698820142913,0.06407823321058906,-0.003401377414947786,0.05791289187210964,-0.04569082746257622,0.04260507558550712,,,0.007280408971698822,0.07693114216332572,-0.009307490034939971,0.057455033416706165,0.039281946333056,0.04675525940740088,
2011-03-01,0.055665743137937526,-0.01026946010656156,0.004207251134967993,0.01025545345492434,0.04100637084148594,-0.051896815577847505,0.0276971129020912,0.0008504237676673522,0.02117427015968314,-0.023777104993689062,-0.011065904065920826,0.043746915206118106,0.04643371558268207,-0.02161022423705743,0.060307304593364953,0.0009339594369918094,0.003960688251719079,0.0034388989244150906,-0.03616106934096591,-0.016061229356403042,-0.019661532897222337,-0.0040397025317284825,0.026968106142845553,0.02475192990454914,0.03320822408068571,0.06890565098020195,,0.029935671451214077,-0.02343177385511757,,,0.03185101822863339,0.021151286177729166,,0.0021291324817005815,-0.005155608596699075,-0.018787341694392334,0.0020969087602373936,,-0.049732166338092146,0.04592206348421324,0.006658642961143538,,,,,,-0.0165014459104704,-0.03112323678013262,-0.024656253135895957,0.039661836667931334,-0.07522004748816609,-0.04578692548258083,0.004211158488240471,0.0576190223076246,-0.005521026654971017,0.059044630703546,-0.05252936235572183,0.06438496306179683,,,0.010387428420740587,0.06859476664729104,-0.010133153623839984,0.03029976455344292,0.005915086890421583,0.012836722374846614,
2011-06-01,0.07133762767122301,-0.01586970815779773,0.0001668140760600662,0.008341307694561484,0.0377189799683996,-0.05212802542233927,0.029716849918513106,-0.011272046430057883,0.03215001787549889,-0.02464442171129656,-0.0059258364330858,0.04633409099589362,0.04527985935281542,-0.011941729275864878,0.060634060835619265,0.006839181830489135,-0.01824198895537084,0.0008230338444440498,-0.002718211350886675,-0.017692455639902037,-0.04665226406150668,0.00379553978242009,0.002914575186843228,0.010505170430445576,0.01304695044329465,0.06119430776119856,,0.016928722642747338,-0.003794847425334757,,,0.05641579637880975,-0.03754748157834391,,0.008750993275979274,-0.0035954480458947123,-0.021036302860221175,0.00017773419255099517,,-0.03323271231163937,0.04919016077776511,0.00267611871397764,,,,,,-0.025178320363689034,-0.046460697524873626,-0.027817839308272006,0.07506180682942441,-0.07262792152517031,-0.02326816979223815,-0.0065914896344567275,0.04336698228902007,-0.01835938632168684,0.05225830687226741,-0.05503868188613205,0.055693162586509685,,,-0.01371957351076096,0.05567202316925371,-0.013239760258513904,0.030809473905815076,-0.018763547132343128,-0.011393197511691327,
2011-09-01,0.06642143338572615,-0.015680422817221297,0.0015164281966692167,0.018802192511944565,0.04953090168089878,-0.028934797440092086,0.01632128416292221,-0.02340101829609641,-0.013969645771108952,-0.03392442594693086,-0.012109839381488878,0.05411560001923589,0.04101773287355233,-0.02638615246439591,0.05363793081632682,0.009550684176384792,-0.03234498474529296,-0.01627147416587021,-0.026126839610917378,0.009907806239290298,-0.043180251540344924,-0.005704094785586383,0.00639800241959521,0.01157248098639749,0.02536119028331201,0.04395611428077666,,0.007129783558193933,-0.017272353714686443,,,0.05020172034647901,0.017601198490594962,,0.0017518212600771232,-0.014759889922081866,-0.02244845491215691,0.003898276431063624,,-0.038768774578369636,0.03817044986617606,0.01305233188216929,,,,,,-0.02231929229434331,-0.026486883046174817,-0.014777561782380209,0.06845937752161378,-0.08360726865241634,-0.002705811406681601,-0.01940741431584986,0.03659956843981767,-0.020246671840274493,0.03521700916971608,-0.06334062239447831,0.06145693433528646,,,-0.04486344934625807,0.07149701646629525,-0.02356471043481726,0.033215020619871465,-0.0247313505128832,-0.017715247734474148,
2011-12-01,0.06410255020134313,0.041229400203659256,0.017968458293465092,0.03507467515299682,0.0689801123712867,0.008213959561841025,0.046713327638071366,-0.022712411931246124,0.00699039407442118,-0.007774675253574146,0.01993243631014094,0.07667049227670714,0.04137878539148895,0.0064893447341798915,0.07515457769974353,0.00021664059683497558,-0.0001320404325756643,0.008867684979946187,0.0023378369953220013,0.021904592498357665,-0.011305003990703347,0.010766210104097914,0.026362394515582935,0.031825735684820076,0.04858990900578534,0.02946619985434594,,0.018977923988023296,0.04221591378395877,,,0.04393639338003928,0.01414262033605425,,0.010476976985887124,0.005501064227181811,-0.0008444129228077311,0.02153458349653117,,-0.03614093673018944,0.05886547843352002,0.008601867582261846,,,,,,0.03592651465539193,0.016123164615572522,0.016910299274466502,0.07315315735016432,-0.009761124393530602,0.03922976532074423,-0.007622635186993813,0.03912607862937855,0.003376887702436028,0.04483741078006681,-0.042082031363332204,0.06174829234506563,,,0.005038312347118947,0.07892475577780408,0.001246419411589102,0.04768231426968283,0.022602070904719714,0.041809517861026164,
2012-03-01,0.06379715266745586,0.05040018843332523,0.028633424063849028,0.035153287546809076,0.041596772305087265,0.013467468377955413,0.05477344716026161,0.018633854891121567,0.025089028520793498,0.009772591426072962,0.030123227419807344,0.07296668519601662,0.04111214822879708,0.021670226031350874,0.05951080613055981,0.024821287800886188,0.01870525609007106,0.04307277568796614,0.02168430541376804,0.029670807018641745,0.01888593520571532,0.028496134018943818,0.030117560062846112,0.026530146919271327,0.05431379159887048,0.03259643223610519,,0.03334797694625678,0.02810998023622047,,,0.0396434636285914,0.009342995548408667,,0.027560110296607127,0.022118549497847355,0.011494846825376565,0.029436293462382378,,-0.004791957037544497,0.04055157274375937,0.02287230980644632,,,,,,0.02998924576276309,0.006653322323921673,0.02803295694716745,0.07766884246386026,0.008350402461363,0.008685440605995114,0.022561611208064134,0.04408935830256114,0.01985575703585092,0.04222903286416739,-0.014699098827632127,0.04667247630250171,,,0.013041303986619185,0.07823333737307292,0.015316519342452518,0.05705041755290534,0.03572171206208816,0.043509574243690806,
2012-06-01,0.04295432032559908,0.012828670182643616,0.03759736942233246,0.02666347779565451,0.05417551769332711,0.02892749999135706,0.05312768171497351,0.03321770701112272,0.03341453935162025,0.026562435996093495,0.03637174329162891,0.07397882171668502,0.06479733452325992,0.037494664832073255,0.042419685247331605,0.030985892949489127,0.025799591545538875,0.03235625693393669,0.03246536433876897,0.03598845381937195,0.031701159592620855,0.04066945851701747,0.052867557169728956,0.039619573788999295,0.051274080947632424,0.04744935419684233,,0.03597562982767338,0.022204011285699595,,,0.0477030673773915,0.030810420107608653,,0.029226219037694706,0.032276399957429196,0.032482435407189605,0.02963988512463706,,0.010552963323511981,0.04817929566472084,0.0425984603732607,,,,,,0.03752287155553493,-0.0005437276751378943,0.03173983607735908,0.07399818317243381,0.010112407394616978,0.014318701203885415,0.04065100330574228,0.056422079328727046,0.028788567381009898,0.03485348617520286,0.004489690698030689,0.026725147500735423,,,0.01726148707822834,0.07331552201291613,0.03972150062069424,0.06543883060148699,0.04289185653354452,0.02375396347673763,0.04989914764749238
2012-09-01,0.06307045483179491,0.013213391725829558,0.024199971527032082,0.02588166497824916,0.04438268501264545,0.01783526478531171,0.04619795468922497,0.017992391048715653,0.020724562968175216,0.018219089916766143,0.02410854492341752,0.04361722823504822,0.04111907093760638,0.022088197548017687,0.04582043249337391,0.019751375276655218,0.012858106929587776,0.02534868032635964,0.015677256566965236,0.025648151027443573,0.017647246028487457,0.02661004811522619,0.04131588767232831,0.026915175258643075,0.043059422422629466,0.05442221476270304,,0.04606575589259647,0.03267665176080001,,,0.04136750365225256,0.011320494142908566,,0.01947849492060885,0.020712313774629197,0.013167190843484939,0.010311001112542524,,0.0005369025920117483,0.03867463677871315,0.02205305139850246,,,,,,0.020072933317714176,0.002914023640215527,0.025968079376142233,0.06587815475423522,0.015464955556195275,0.009541631842898766,0.018752564745166962,0.04672137894326839,0.02971730386353804,0.027639767975459303,-0.019274287379205682,0.02964827075295765,-0.0011437321514227113,0.018945686182279615,0.03402385673984767,0.05474083709987479,0.019940597412918263,0.05144556578539414,0.044463085057903494,0.019474920106334552,0.04285341438711347
2012-12-01,0.09128700032459007,0.0011166940846013766,0.012310764304406979,-0.009894707520974242,0.05035674601835185,5.9650101861268464e-05,0.033077835837537234,0.027206636886922077,0.0022786153311659067,-0.0007017342990524713,0.018679018622864883,0.061657941285797976,0.058092701960980625,0.00040132723580657776,0.052215346514684,0.01949628869481692,0.010348729281653892,0.00308457881487212,0.00680016285254317,0.024752796421423594,0.0016696061063492214,0.013249713846810906,0.03464636932410627,0.00377094335709485,0.02189391779451994,0.03457226532258274,0.022364695008374874,0.016220134161282648,0.02525979437011237,,,0.03761671702643615,0.0054974930100159134,,0.01443149346573472,0.0075778358823702105,-0.00992266063892374,-0.009455858556506113,,-0.010792059564010647,0.024704439371592814,0.01824240965901469,,,,,,0.039946914116509774,0.0020663985600152734,0.0194452688797148,0.06351327067212967,-0.0010134393469634533,-0.008552483303532041,0.001957781389780364,0.05543046123526297,0.01533097475469734,0.004965434243690331,-0.012264213208859115,0.034295079993711494,0.012099260517512509,0.04402683913660227,0.021666794295800193,0.049415196854860406,-0.0032868786831585194,0.04039778984110499,0.04301006937707136,0.00914355429270233,0.039177290289363335
2013-03-01,0.07115914988572145,0.01856717202717934,0.009980516431026409,0.006053694315140151,0.03017467996409916,0.01795556648795562,0.031149042445209118,0.026367843199182856,0.027414598146061443,0.007139080628667338,0.020694956964642314,0.04295348279839845,0.03904862728797023,0.01986494614233511,0.038539714192386276,0.023610607425982054,0.007875191715502366,0.024532728069020182,0.01518994255063979,0.02604215860716846,0.017228815853953,0.002852237701001249,0.043976697870346214,0.010686807097714603,0.03397986900308369,0.04500395894948289,0.012131252313616205,0.015296448754778853,0.005193893186976779,,,0.032744372177460936,0.001688668217687183,,0.013573312816846705,0.012175622376886788,0.0017770232705739636,0.0033510552404321303,,-0.007096249524191198,0.026926701609996485,0.02676661430621704,,,,,,0.02886085093374577,0.008543353422225439,0.01679330784140881,0.04964855711400652,-0.002423772086629192,0.002999183051550859,0.015275630689146412,0.0464043099286262,0.020461593834881442,0.022332129494087454,-0.008882098178437046,0.01606707090334855,0.015786955707296154,0.03428435204743857,0.0116134011134302,0.055767583980544135,0.009093621869611079,0.04159432948866673,0.046147043190363675,0.006853856029127707,0.027678033244056092
2013-06-01,0.06840674797268297,0.020895680221685208,0.01994520821579544,0.039013704012035626,0.02929675897250609,0.01777812404458039,0.03498161191694353,0.0291633115120737,0.027945347156963122,0.020006023138760563,0.02306099392875571,0.049904534538732157,0.030392310867250093,0.02937615465786652,0.03024820494955152,0.02354218426611126,0.011002145975479731,0.021862129950927595,0.021259875691458544,0.02794107444400507,0.021581541517395286,0.007204389870992922,0.04387672900767865,0.02131851680313163,0.041894190274286286,0.0404868377529346,0.015199608616003297,0.021682732725668775,0.003682700502769507,,,0.03587894779394906,0.014090393442433688,,0.02103624181343967,0.016649445388932833,0.014877059749720502,0.01102461656361323,,0.0050185045888793455,0.03589974160950026,0.02907899058975192,,,,,,0.033745907430751336,-0.0004146723911703403,0.02278211071647388,0.054022129456843794,0.003324054226006925,0.010825310409752289,0.02053751277431695,0.04851421370476393,0.034242414825158614,0.030656878622336653,0.024296396635616,0.0035590355991602894,0.02603355717253337,0.035758391383132686,0.02569273685994405,0.05534900773663093,0.012911427112540324,0.04532037338737066,0.0467772746633896,0.01769255454402811,0.026361385967440153
2013-09-01,0.08339971686588103,0.025709798271267043,0.020666450304156765,0.04078648152604855,0.0344666168221841,0.022390385384743212,0.035687248213359904,0.013890137687256004,0.021683261143995665,0.009166007335909028,0.02287994233603431,0.059834484161878074,0.033168902157155664,0.010460902167664864,0.03009145838124247,0.014355430703140071,0.0031240382043475905,0.011451132995071,0.015521555800626157,0.031874921191264366,0.011514444536100236,0.005320734830613303,0.0320245254937755,0.014433924823577894,0.02645731455187148,0.03670349714055661,0.0594721090433384,0.008243609724250964,0.0028275154550162305,,,0.027456454031409696,0.014813389153172494,,0.022036348376212492,0.014729141908247414,0.009907510371895406,0.014760269082146131,,0.02176308273359077,0.03620118250017041,0.011315973731623232,0.04903996614553459,,,,,0.02388202281410917,0.005590082998825972,0.02231850118614821,0.058674586583936005,0.008923861238662083,0.0076160624042940425,0.014207871325806904,0.047742525206922355,0.027796279509618854,0.009469417966280806,0.01851875740574866,0.011264037312072433,0.04781626490374618,0.059651493444779005,0.01651870404973528,0.04975172884912686,-0.004160020614339675,0.04825904070550124,0.05146392619553662,0.017430110511154555,0.02690362796562896
2013-12-01,0.0891532793891,0.023302005263395018,0.013977109490181572,0.010413919978120112,0.018153621745995028,0.01189687236288858,0.0340536533186073,0.01204400823701262,0.01563555074214446,0.014058659889243952,0.018883864196729966,0.06196709751681161,0.01669441766563042,0.012221599447298916,0.04007556943164792,0.014667342336012173,0.009179881482576832,0.010132949613191986,0.010497639616568702,0.025584496362485266,0.010530967682629577,0.006257103151255128,0.03946464332410974,0.018277933619770148,0.033185920984338375,0.05256605929590604,0.07210646664481296,0.010322722396021474,0.003477717684381012,,,0.027527089316010916,0.012029654806955982,,0.020042967078521542,0.012928880685216112,0.017024350390242186,0.011132562139221985,,0.02648490601087198,0.03559459866576075,0.015731448101207652,0.04841373031147969,,,,,0.0307974874068222,0.007425788238860589,0.02102856732292476,0.05408269995590013,-0.0016746582227722556,0.013417124999549229,0.019154706602852147,0.054915025662700956,0.022430466355105358,0.016647497867663296,0.0414439978011011,0.024871394752294166,0.06599973754151295,0.08363316913813476,0.026374635651684006,0.05493917794500334,0.00036595372635447946,0.04580770451333009,0.05393556119499683,0.01225109529062787,0.022176617932310846
2014-03-01,0.08079578387838028,0.026213464210035696,0.012411671775568947,0.012515067747532464,0.026478670520188475,0.013095494305043576,0.016793571408438936,0.004194888000470447,0.016832718027825443,0.013018290505361336,0.021798751562558522,0.051175708709798734,0.021492149238571335,0.011068813215782604,0.0334699427797421,0.024934905481095296,0.010381742908345551,0.005274538577364893,0.013921737430177404,0.028708557230648853,0.018637332926394478,0.006238158915036075,0.03593939016853263,0.021370973248135132,0.028194450719688274,,0.06212450456097403,0.006822821409041387,0.009184755394711367,,,0.029256076058841337,0.01312251926202369,,0.021807251651992477,0.01779332046605125,0.01914435100819387,0.020786639335949927,,0.02291869987240999,0.03026731514342541,0.02603490174963,0.03255503149402808,,,,,0.03255820503202041,0.01177231697782005,0.02186888906750721,0.041814867719701575,0.0028622057794606393,0.006404674021871348,0.02372926892863439,0.0426328915535658,0.027389932719735544,0.013822038099062253,0.037554900431304876,0.0221955740520096,0.06537588335972663,0.08351463627415866,0.02159458640092618,0.040796408138199985,0.006336040255498391,0.035278855618377014,0.04708329646354667,0.013427740936415395,0.018537402851826326
2014-06-01,0.069202464007535,0.015233232698443358,0.009059091299794897,0.02202930452376791,0.030900798610502177,0.019323064510516505,0.022877849875051995,0.007851169906541385,0.022752859187478526,0.011389250922487463,0.022992618682130112,0.058082900068672325,0.01864865232419587,0.01137401938478614,0.052147747257814105,0.029383560009729616,0.017076088972597065,0.017562972561340654,0.014210366204423447,0.029046255017966503,0.014264851954940126,0.008724957837854123,0.03963613296504414,0.027567949723292545,0.034471434741960835,,0.06468882953187681,0.01849546706942057,0.009008345565358077,,,0.03518191086961105,0.013852141265403971,,0.019841887629279874,0.015422670688323545,0.018789385675457414,0.020161121504415635,,0.033642843616958136,0.0347808747224411,0.0308179207776863,0.04242364245752284,,,,,0.038333547813854056,-0.0008087688230371224,0.027171199122936925,0.05020851029789394,0.00018586831927095793,0.009282018613323714,0.029638155701571346,0.046692101115586436,0.03199028566289754,0.024956768591757873,0.05153952869175253,0.023982873387418443,0.058968796633421,0.07126246600422578,0.03317372156325531,0.046164520584186845,0.00671365617161833,0.034748215895956884,0.051441448413693094,0.021245845458362844,0.02412966017714663
2014-09-01,0.05448795035068167,0.006091550005201128,0.012851278604282694,0.00923252351152258,0.027378472199319964,0.01981799157051149,0.0147519941277969,0.014101301067661625,0.012277691220536293,0.015963535246522054,0.025272169018485183,0.054890957985454396,0.02409710322075348,0.018082908722588064,0.028762699790417214,0.026116707466404904,0.020842520608665163,0.019627235027990107,0.01582929210945967,0.03070437205293923,0.013768198248128177,0.01670422957680331,0.022927435248086592,0.02785242271714652,0.035047130189348345,,0.04411163246987388,0.024596755777773337,0.008175267532242445,,0.039743475050348774,0.03287946262954476,0.02939863236174144,,0.020405680711951247,0.009189248735798862,0.01722915090400561,0.026298295340781937,,0.017722233132942876,0.031317516197779484,0.025885171194785103,0.03484364839987234,,,,,0.035296983357225205,-0.012206494452047842,0.02750180091199945,0.04852820401923641,0.010844116304496498,0.011733491550126839,0.03635340034324532,0.04806255922387694,0.033304499659283816,0.022910840942836776,0.04161657360796268,0.015398654102116955,0.04201293323551446,0.06504683019625873,0.022045267610088775,0.03945141466391995,0.015894683323183865,0.043755074633539136,0.0410729896170819,0.02192227312407541,0.024315408630594625
2014-12-01,0.0469411593753098,0.01309385329720237,0.01286012054778002,0.009937245455566394,0.0250884872067238,0.017140473257230514,0.02975187485428096,0.011176155727118149,0.016482861323465724,0.01831463619359146,0.022269610616482326,0.04415539000879894,0.02470042753330339,0.0103210870362219,0.03940366494597361,0.029464205828252474,0.02148874924416831,0.02251666472502791,0.0234800162623601,0.03699326499237959,0.01182594072740225,0.0080754172058976,0.0254663065299068,0.02847591983392101,0.03151239917065032,,0.06224471328889341,0.011554182095584984,0.029466502395644353,0.031226908435878747,0.0389137803930893,0.03862439943818212,0.02092397094609951,,0.021782157678375033,0.01960213546516303,0.027739240813241257,0.022280234824548373,,0.03446912288380373,0.029756506271352692,0.02374176938341521,0.035370382254667314,,,,,0.043335273091962175,-0.0067672930087647664,0.032096414319950146,0.04214823213722095,0.012225895169628758,0.01839769439518709,0.030169913855331635,0.037345295060314754,0.03066196439416981,0.019005275910351317,0.05659042514012121,0.014825017187392103,0.06290063649038928,0.06755403945871277,0.0324209213164359,0.045828791321345215,0.02511891411799412,0.028100447239557003,0.03616743727507579,0.018614300430923648,0.030736385369507128
2015-03-01,0.07158454287427286,0.02185776377164325,0.029558828376483236,0.022994996340346345,0.02340560640591406,0.021916351213993993,0.03669156180099217,0.012384115213317965,0.02890498862745381,0.03444468381196812,0.04158210444773209,0.04474274721261885,0.03977353797428118,0.04045427275155001,0.0599133244598632,0.04679009367173894,0.030339586522764795,0.03680384526543703,0.030598931215858452,0.04911972246401935,0.03872685345252733,0.02553889575633956,0.05496587206249336,0.0326158869973298,0.04195779444448511,,0.06289753818313276,0.027559124967118816,0.033950600793064896,0.05072746990178257,0.03367831116540203,0.05077989706657836,0.03742355889598547,,0.03348568490854455,0.030886320284248602,0.040045100813328106,0.03262178046601941,,0.030898303615660833,0.052532838400751396,0.030838136127003802,0.051291697068740046,,,,,0.06719550404873162,-0.010559004201565286,0.029328389484110907,0.058398434289345935,0.013277457731476719,0.017156463572621954,0.043327528950950905,0.048888488305544084,0.04407067703939583,0.04317738207308722,0.0628511407462065,0.03158238399820746,0.06592519361953561,0.0658050290045843,0.054375490916946004,0.03576611162295898,0.01439121707677329,0.0459465499776647,0.03817526008961655,0.035399973605627404,0.024691062780054476
2015-06-01,0.0546485351303546,0.023984948891352623,0.02871076252185041,0.025411293680859183,0.03645364130717473,0.025026579732802583,0.03231501081228149,0.02575927159441742,0.02399897888122561,0.029113079278880807,0.04806093492776209,0.0530964746000015,0.03840488880859125,0.030500971355993407,0.042507065472514934,0.03965066385367551,0.03068259701900842,0.03072760083498003,0.037915864400556346,0.043155198602469795,-0.014199237943935994,0.028220878700648412,0.027223177196605355,0.019722289510952513,0.040934702520707286,,0.04060015379081284,0.020525235569126055,0.03362516044771228,0.04155875680460042,0.039607448660697944,0.04816085591763368,0.029127443048579588,,0.02769207072318357,0.027976644549210623,0.0368150517371587,0.029268893111956816,,0.02342617996121929,0.04591668133004972,0.025510262091643653,0.0474806056405624,,,,,0.04222596266947607,-0.0144673463846789,0.034646483942170014,0.055619565501999375,0.026763216429703918,0.024365740714786237,0.0427658526660439,0.03793235053578109,0.04064363781771283,0.034841094214888846,0.0283483552117129,0.024956693930800265,0.03968361012427734,0.03829242621803732,0.04110152639316445,0.03585854827616758,0.02489920878063951,0.04303870728517805,0.03582658232087703,0.04068516380381348,0.03223017273627468
2015-09-01,0.03929541114228492,0.024411880817130648,0.029446166645268786,0.02408325818942746,0.03190425449706588,0.030968304523404395,0.03714644670890475,0.018175641315194637,0.03125184789138644,0.023657670157589527,0.0529024593434042,0.04689679143645319,0.04316811859730684,0.0407765316619163,0.0353170092401598,0.038784724093073236,0.02984577045731483,0.030779365881810367,0.033336449909217976,0.04960212492572372,-0.01683729227780176,0.021608085278158166,0.03695833854534515,0.03130707845150087,0.04346154897103346,,0.05986907946399897,0.018716766296464994,0.03207373895049171,0.045350967974087844,0.03741616991962437,0.04668850641849881,0.024695801259466302,0.05395901771774053,0.04538223698241548,0.03919343413550972,0.03658055271903008,0.028828345185304024,,0.03396629239879558,0.05121586814613886,0.03541612329809308,0.04495575043899938,,,,,0.05732603776267262,-0.007094649249973673,0.03667764992720691,0.047671366035411666,0.024101721301428947,0.012253112102750327,0.040844741634379615,0.04357197523238699,0.03990120925435066,0.028328195013857527,0.04798467547142447,0.027667949659956392,0.05846650673105178,0.05377384318929527,0.037961050341280285,0.04658154101428988,0.02674663765080791,0.03787688260566528,0.052968421253792225,0.047284477009646324,0.03371455166850821
2015-12-01,0.0389949200390004,0.021515977436268957,0.013875179200967442,0.021436201780697505,0.04988240022852236,0.06408752777765862,0.03516085959446033,0.025372282641481794,0.05027494669278247,0.02105460331134044,0.04574518994400527,0.07279742050066434,0.04225306020077731,-0.0035298868013670616,0.03431578042607815,0.04317198702561444,0.028128676588111863,0.03630236321083379,0.044412955624619804,0.05411892974055637,-0.01802460488593127,0.023434602309853378,0.04371366716973427,0.03931441710393156,0.04701669772813811,,0.07078621950504668,0.020904537170647948,0.05513930725958036,0.03611111852664428,0.05171376102959539,0.05143548113927333,0.049364236091040986,0.07066191140502584,0.05398552054774805,0.03822568387414092,0.03688562100666532,0.023706442226628228,0.047936121085536444,0.030840154184073106,0.047792505555876524,0.03971754051794799,0.0319495855514951,,,,,0.06893826304184407,-0.0012234966183854205,0.028810685853532324,0.06185067852541394,0.02852028640756182,0.01974831629671584,0.04671812183005392,0.03581125827590177,0.037721839235717855,0.02235770433264696,0.06646230880649726,0.02724265063322473,0.07217459259843774,0.06909403731972134,0.03384924866202846,0.047009760296760336,0.01737069246864994,0.03905562643298286,0.036177168919268164,0.04914605572884195,0.029610465199817106
2016-03-01,0.04206490710023461,0.02747396051071278,0.030376166345629976,0.03348400370902229,0.039729415921198136,0.06106697526594986,0.02586226094030373,0.014170940334166248,0.055031734858966716,0.027494202762719428,0.04450987435836634,0.05498249535107255,0.0541720492455857,-0.005960619197328217,0.04601028247205945,0.04033659519390822,0.023334835945818328,0.04291555873322734,0.03792012885699258,0.05551539989599537,0.00018182436764910547,0.03439002967791516,0.055423738497768354,0.023299142281115893,0.04880287219110288,,0.07387733192193861,0.024519730254221526,0.04807073136280993,0.042035925515083505,0.03800288817063021,0.05404464490155415,0.02912134304604051,0.07098542081796431,0.058791756102487526,0.051702582943733394,0.043050237611483196,0.026941852707918074,0.033321893457569494,0.018008346208357846,0.043465918619784584,0.03135842446665954,0.033459953381117485,,,,,0.0711504284400465,-0.000864100865203367,0.03348242656785501,0.062482955155786224,0.03276292004665249,0.018805891794763326,0.044693475856036474,0.04586878634557268,0.0402755768222976,0.029898887150341523,0.057895286478532614,0.03467475872606489,0.0701542929310858,0.06530206381170169,0.0358915842562404,0.05165525099982921,0.03442690615367747,0.04263179613199527,0.05647229755059015,0.03165045650458467,0.03072217550690216
2016-06-01,0.037208353298957005,0.03444398072266466,0.038658368205756244,0.03124058860554441,0.03705529500155466,0.0666235718588836,0.037122027943747235,0.016320214848492477,0.032117142753981094,0.02549353930231843,0.04820736139982345,0.04813504969351823,0.056238280506255824,-6.072227477340368e-05,0.04032460106194626,0.03982252301340061,0.03088487790491169,0.03654907747528189,0.032386721835797404,0.04780575400896292,-0.0022069192182381635,0.030970285654316972,0.039852618617204655,0.029264961876125213,0.03803617613266127,,0.07719978534172793,0.043938498019818154,0.06911683245063463,0.033561500595655505,0.05183288656463603,0.05040801722216479,0.027803548316369425,0.07353891581149041,0.05948952549241757,0.04352102183768748,0.034810163207761896,0.03800966737558997,0.027927924789252954,0.040338768983049604,0.05322442105289362,0.019108516750070154,0.03482548310209525,,,,,0.05177043361284423,0.013631285980795205,0.03595964939253118,0.05254007032197836,0.02833427905954603,0.02879328608540461,0.04235361705034867,0.039381822571485564,0.0373344744837841,0.04272192653265487,0.05538128998908294,0.044386131312874014,0.06767593117089361,0.07344948231487242,0.05124831944386197,0.045287647627396295,0.023707277629508167,0.04474564290974512,0.048794842974542924,0.027625153636441104,0.03615996926950998
2016-09-01,0.020517724023315614,0.027485212417746832,0.026732870207143926,0.0272938044697842,0.025471114434495106,0.0605477942854683,0.03892904992850482,0.012482555039763059,0.0309064232933293,0.021118381158262402,0.045320997755686855,0.0524492379635121,0.06081167894340631,-0.002158816146213211,0.03657685211448771,0.038086499663016096,0.03777667991299155,0.0390246031522903,0.022741712119052526,0.04751864471396454,-0.0072843320230026685,0.02739444641440371,0.03347123772664651,0.037691866126861415,0.032478364583032604,,0.07293006032486493,0.032665132704857554,0.06143792439963914,0.028377730434691245,0.03952862607482084,0.044042209279643016,0.0362764895563067,0.06568819904212506,0.05534682524550199,0.03851729457723561,0.03984855220668321,0.039872203781834335,0.03338782443114311,0.03218896559993938,0.03380368624430506,0.018251613073508918,0.018115192279271254,,,,,0.04034170929349089,0.012033414872013815,0.040220576207234286,0.03811247707080172,0.0289058766761223,0.026674574246544354,0.04569367160222901,0.03273036202292029,0.03984025472502782,0.019312564874608716,0.04880061579889422,0.03626595785596883,0.06190135362858706,0.07444499879239774,0.04833645337833448,0.03642334123939636,0.024426294223339275,0.06386418037454533,0.050567035097617286,0.030368031177830837,0.042266575842247744
2016-12-01,0.060600729860481754,0.027445852278861885,0.025817436874598657,0.015084958986252606,0.02643655134583514,0.05445898518997117,0.02793996645084478,-0.007889321180051739,0.02487185822373028,0.018500418215560376,0.03569153705440649,0.05605747435707159,0.037327393120654875,-0.008314349871945443,0.0631041636493178,0.023543192792074064,0.02925861762878799,0.03637307743182943,0.018057096800743924,0.044353341069496975,-0.009387683039627124,0.019301987074915882,0.028155260372275764,0.027446200280862795,0.03300685624305595,,0.06936765931154559,0.03094881107193115,0.061708249509581606,0.018689751600574303,0.03431331279159393,0.04504291662741557,0.03548071105046726,0.060830976288294904,0.044993840586986786,0.029624998536540617,0.03147940419248333,0.030575442368856506,0.013138636236101599,0.03142570280519531,0.022253148122706526,0.02609259293939251,0.019112107843279817,,,,,0.042843235405821856,0.014624263665311716,0.04552030016310917,0.04561636598064374,0.03236415260453868,0.018797424820587275,0.04228626594131308,0.02162571833824833,0.03325819399778669,0.018176900166818975,0.045393306811489745,0.039644256279721055,0.0650594504139377,0.06620514065079036,0.05035007278376054,0.03731002180493641,0.008147985505844101,0.052457166675861776,0.04298450402290748,0.004628275973001804,0.03517402565677283
2017-03-01,0.058214479857046725,0.028541835505122317,0.012785572628274528,0.006993978788955389,0.019057154023589026,0.041800283847055544,0.024191206044150607,-0.00942486131508826,0.027101231020752698,0.009218049130788145,0.03266361252700634,0.04237899221043068,0.034467559970652914,-0.02020906129713783,0.05320944571823466,0.029859259128346055,0.020477128793862997,0.03239229303292507,0.017489315080983406,0.04557536992968951,0.03327705602926964,0.011713158182036412,0.04155709721548364,0.027455662719219044,0.030618148860229746,,0.062391172298807224,0.014002422582407574,0.05413802446322885,0.01917204525223031,0.03143769577661598,0.036235511852685816,0.03318219520030825,0.06126823952142017,0.02445522518562001,0.022128795627545755,0.019297554572675662,0.03401382897091294,-0.00020445569603544738,0.003797342452930143,0.04397525509230968,0.0109236985777752,0.01416545011370614,,,,,0.03502030846132259,0.0024489448867163737,0.03789230478761622,0.033714070445030705,0.01187851611530328,0.02443052205123234,0.042718997835855525,0.02983159388395895,0.034696936900217294,0.02269265794605206,0.04160868561633872,0.03915713570228524,0.053759351249600476,0.06019158819599406,0.052063902803264395,0.03209924665941655,0.0006917967364846246,0.04061122366642464,0.03795952563894905,0.03551910513729883,0.0363307813315712
2017-06-01,0.058945464895457496,0.038176927044497155,0.011666162555677685,0.017867652599531183,0.0248891856083506,0.04306747469582719,0.012454332420031461,-0.012661485659683613,0.023432341107423097,0.008327450584919922,0.03652269819982105,0.04705657473944722,0.026811402130771666,-0.014139230162125191,0.037333408277430105,0.0406647880190215,0.01896692932664993,0.03314471052299795,0.013733015582573338,0.044765862637784204,0.014400029125320051,0.023973873526037522,0.021710145746744246,0.024819084734580568,0.017427030156217348,,0.057717302072487396,0.01730282030688719,0.04640329012702802,0.008511867750547542,0.027755211355759347,0.04546044616234112,0.021230656928091417,0.04225921053761584,0.016028217111073106,0.00828397585744246,0.013634661245399164,0.01992192265656145,0.020445476570988344,0.02799437540129826,0.03569927832906627,0.021701943849965297,0.016980532957041324,,,,,0.014378154871985627,0.004176296311994418,0.040046711294277434,0.040122090226975146,0.01161299576284482,0.015351401766086382,-0.003621368032247385,0.027085131088474778,0.031205166235970735,0.028781974061988166,0.02949303317467219,0.03149867710529008,0.0624116074646613,0.05704690612558755,0.05602468537641975,0.02528306342019082,-0.004269848607975689,0.024339085684422147,0.026899112896196543,0.035671911632953975,0.04022837398563594
2017-09-01,0.06300237915878949,0.019804780255118906,0.014288524309144174,0.014970139691729466,0.027008109952113717,0.04717966442058132,0.0174566247167688,-0.017791791965708074,0.03599282453980597,0.005318709566549197,0.023100662410786607,0.04545792376554649,0.022810329512917234,-0.0207782034604384,0.03443839862454746,0.030709922506197685,0.010013964797617214,0.026111852486174168,0.016241647230127877,0.04036448495936905,0.014833102985705554,0.010127597202598749,0.02888644326820135,0.015692080032298685,0.023388179500260037,,0.05631992537547256,0.04094051216065673,0.048733642598749766,0.03414470369409426,0.02388292804258165,0.041754541472087355,0.017714348977620396,0.04315496558336606,0.022496571535164694,0.02165804261533696,0.009030995992590012,0.023701025557209,0.018256446931244823,0.009308854901617297,0.02939305918941315,0.011984664773035902,0.006852418930969349,,,,,0.029995693348862144,-0.0022065595107479204,0.0209321732142328,0.037327649741758326,0.014612790326151637,0.01006405315034177,0.011231933711970567,0.03140674747992256,0.024007825773791264,0.021718430481142078,0.03169392501109981,0.02663127209691893,0.05879546204119819,0.05756665986890349,0.05583626140883356,0.027503897374356275,4.7439627459129885e-05,0.019716569403182102,0.04117191954046872,0.015334654637627811,0.0315384798042226
2017-12-01,0.049396503148814004,0.013626262144630145,0.02041990210833102,0.004751847281278844,0.02195113790283804,0.05073239306976445,0.02256928695800415,-0.015288941491469216,0.029037823298254696,0.012674981468042548,0.031280891659449604,0.037424593629846396,0.015683414069796703,-0.016005833806915882,0.03567883872225696,0.02571405651649271,0.01859425595347869,0.036906951526565555,0.017147999161267254,0.03921320481347722,0.027210831683457955,0.008889061395804,0.03152356263982974,0.024787516568711348,0.02095004050703787,,0.06064537372886115,0.03787880577587676,0.03599951160873108,0.03830108274123867,0.03189172823907715,0.035667674837045936,0.01933928588489377,0.04732933812619718,0.01736556996138124,0.033633122415256844,0.02462387151037404,0.029292879341728084,0.0336650674085662,0.01376265992415237,0.0223157357381207,0.02163561674300095,0.012033544104928214,,,,,0.03634721138533415,0.010604629475730301,0.02260072961371326,0.031669380827132824,0.021228065030775966,0.02869880940385163,0.026398274593057516,0.01694863591718551,0.023692183436758326,0.02760955535701734,0.028575924687470642,0.028910200910310713,0.06106354172180777,0.06213210672723866,0.06320461034254421,-0.02436136512416747,0.0055929377747484296,0.03220426794447299,0.046791271425741195,0.024054124742782155,0.034813960980638235
2018-03-01,0.049784654994314045,0.0214951404874916,0.0271342399092197,0.011391808765708637,0.016131332781683386,-0.0076895384944211,0.03720202061097683,-0.00856670127923391,0.033708745025756506,0.019918467522275145,0.03745725991657717,0.03966321241898646,0.023100677585486326,-0.004195625792214035,0.04137034885300595,0.03392954079709212,0.019435210246847464,0.04167867335792838,0.024541046428422638,0.049273821821144405,0.04510582234155477,0.019657658734673525,0.05391460476713574,0.025633294797722934,0.03593163486518865,,0.060607545737118025,0.03423921739556646,0.020047815313827884,0.031169210911978794,0.03259664598770685,0.038013129156266194,0.03937206085596297,0.045596191441428714,0.009160475254581817,0.03919381799930008,0.017191228252355934,0.023464352052984156,0.021609285888272715,0.013390019239482015,0.035108866823066395,0.021457717104197457,0.01694562875131563,,,,,0.0402020665471464,0.009074215274867632,0.02894462181354464,0.035294694230161766,0.021195079030884235,0.014100856192913847,0.025346656330380177,0.04313857203172873,0.02602968251990113,0.030089740250491687,0.021815224081118155,0.03502652856033781,0.05663192610912379,0.05368260737880561,0.04564464513382791,-0.010999450655832393,0.014629446309740437,0.04878297534877776,0.05206637444332753,0.03925830862753837,0.038821919926041316
2018-06-01,0.028644224793281256,0.03310729988559256,0.027745145725338764,0.026622523608366276,0.029433646379281052,0.0028974188816521633,0.04442489297980844,-0.013357796240880307,0.035036058583946934,0.016448059299080536,0.034052901676098556,0.038497231818957464,0.011144262997458926,-0.02155281652575529,0.032596066526460056,0.0409789986647092,0.012937764396502523,0.03213831582594973,0.03296273440574235,0.04472190277869648,0.029601671446506127,0.023372503165962913,0.022494092734159126,0.026360806566009296,0.032101452595092506,,0.0638467012510888,0.02932340443050867,0.0317816096991282,0.026186174820171368,0.02990639044880555,0.050237240293150756,0.01795224869883425,0.03533139613179656,0.02564813184430208,0.0550712357251867,0.01670128444533007,0.019218252572449496,0.024989112478165695,0.031196529292582452,0.042711947720160105,0.027976432114872444,0.0163031877496151,,,,,0.049570035516110264,0.003720434102390625,0.024983996782992585,0.041322918972656726,0.024176013831382407,0.011358144833958193,0.029441386865099298,0.019054137137575183,0.02675834992444258,0.04023602926777564,0.03133890860401579,0.03293199460008374,0.055158209191894354,0.0632219069427246,0.0399372914353018,-0.028138228035699007,0.019161939823496982,0.035455367801849845,0.03949665197034919,0.030224090775500385,0.028360500821170843
2018-09-01,0.028401330723820027,0.018052972575794662,0.025016687059617123,0.024424894820283153,0.03478033141506916,-0.008741127693502082,0.06652884590682141,-0.011038205369681703,0.02719565046217444,0.02126029220009394,0.03949085821064366,0.045883740082557044,0.016930374348962923,-0.019188772820591886,0.0316274718925157,0.03979780362517253,0.012338431494563826,0.03891120843406377,0.027722039455656978,0.0431270243428483,0.01647265872693748,0.02108101367830725,0.025669919684816054,0.033938800445544766,0.027109897055990206,,0.0711330720703167,0.04075701957986009,0.023138004600483337,0.03258234927638623,0.042812889697056065,0.05665559642936249,0.03198553071454319,0.03958632162517641,0.015879097446458927,0.0527301851117381,0.023192918568686754,0.02911866414466514,0.017756063937849214,0.028338833533414633,0.006185342273347339,0.032381620264605754,0.017648456953185312,,,,,0.030712661508445187,-0.012654185633580485,0.01869002218180914,0.03238228917677385,0.021269075280718818,0.02189373833437884,0.027320746779816968,0.016618663037838814,0.03244609305708034,0.029686551498270198,0.029916016037212584,0.02691785175021583,0.04990990909661695,0.06427607777902498,0.04578953890411386,0.026794224902461278,0.014128130826237302,0.036814240506833344,0.0358984254753728,0.018657177602018717,0.027012607208853668
2018-12-01,0.02525789549109255,0.02026598524527542,0.023484481633457347,0.013342078839215435,0.0434508627304802,-0.014887048933656308,0.050417214951577916,-0.020553564103872678,0.026645186564960958,0.021484661121527533,0.037544852007547175,0.051290392685187806,0.011992331652791528,-0.029126386912469725,0.04256157603680194,0.042857164730002055,0.022205821440461147,0.03186399390621938,0.036291949779688075,0.046371838151022096,0.02395188530256211,0.011463570357592582,0.035504777349161784,0.03250844057026754,0.02780147398372159,,0.0654606553057409,0.026843078836760816,0.022562345954100702,0.03680279273735939,0.03311807301748407,0.045500845876681136,0.020070001739376574,0.038345236094039066,0.01611770682017375,0.06822697485143595,0.025078812407394378,0.01627403391933121,0.031681563424702755,0.020819424533518083,0.015148206905136335,0.018126546751875174,0.013350224346584507,,,,,0.043084523203370216,-0.015485349066789897,0.019994571781954122,0.030093934443159897,0.02444819649531708,0.03662338476764403,0.025472935268168843,0.018416130592605287,0.03163140878548432,0.02340044803156116,0.02662610735207491,0.030855093637062778,0.036220047213389846,0.045523418838469235,0.045255879660852115,0.04824848816961952,0.02647128069524054,0.03763962249508849,0.04824090058536925,0.03554815451285544,0.03225082432952429
2019-03-01,0.030288840618069284,0.0369444346795795,0.030151428984895496,0.024536051832252968,0.04326980560525068,-0.008861404122982933,0.03183539174606866,-0.018747192732179972,0.02817418108182841,0.017578671358130547,0.04163040030463068,0.05301745680705876,0.02084366659613216,-0.0184522125561179,0.041386303227879194,0.04021973404270963,0.024670159580060618,0.0376863651583374,0.02854135512453146,0.04964397325200009,0.03529040172533018,0.014831037379827935,0.04001379324853065,0.036856146161847354,0.032420385508402844,0.049409793344129364,0.0669348985161083,0.03296629516380024,0.014776828206553608,0.023449938818136028,0.0457990903543808,0.04500702776579065,0.03157175287884422,0.045289183355755075,0.013021203603168451,0.03444936732089498,0.02613326060851393,0.023806383987861397,0.016108920610228738,0.019898066705139356,0.03899890609491387,0.015371737962942703,0.021681690676264208,,,,,0.03139451078292034,-0.00782771088021725,0.03251622131518122,0.054032274118387943,0.026776248733197363,0.03623556885492813,0.013386457094912171,0.035004353947590536,0.029544745711117978,0.026246119610559657,0.02748064268586635,0.03446279743617059,0.028926773826070267,0.04116198641234836,0.01914648009502245,0.04144761291498529,0.007999017889076549,0.028973614155486268,0.05666576050532427,0.02123872943311797,0.032342925481682494
2019-06-01,0.0340245845306975,0.028594414161362477,0.02745650408944399,0.026201936369431765,0.041032747141182296,-0.023155247887207277,0.029882208776646244,-0.013261618619321854,0.020172680288184315,0.026399945890753986,0.03095355758486728,0.05200345665965094,0.02335985157473746,-0.013147214719378797,0.02986195211143259,0.04325887896261491,0.026383019679357134,0.04561914174064491,0.028693001312856712,0.04918522860334934,0.020913452424838854,0.018753902025491563,0.023750673772422702,0.040096485514296926,0.027304729634183265,0.041799864260288457,0.07488245478686854,0.012609738626947068,0.038138663101908714,0.03821098483906213,0.04401821280632713,0.04786597944533553,0.03376841739420064,0.043561222395583375,0.02015769970853548,0.03802788502125885,0.03281394769677563,0.028531423400696733,0.018129402829310002,0.03985464969915876,0.0320847462734453,0.019415691946713467,0.019170479255461576,,,,,0.03128085636256296,-0.0008460640558005872,0.025411408251619468,0.05415622595446417,0.028697709994089996,0.02650331232308116,0.021178241427905656,0.03156957936033659,0.03609078160153398,0.02638013325993804,0.02148906896927462,0.030643677022120067,0.04115675753716281,0.05102013651070943,0.039586466289222536,0.05838626488896826,0.00934081036467154,0.0337491173533356,0.04262909061244601,0.02440594768606511,0.028617210321885106
2019-09-01,0.03533434179310008,0.013217323797659764,0.02248977226669835,0.03424724949376822,0.038084035323516084,-0.012420066535726991,0.02254518215564705,0.0009779438405130333,0.02509547905635685,0.04045423676300767,0.02912143927056994,0.04345210706363153,0.010765877987775098,-0.002966498929224684,0.03086511471817302,0.04201672753270457,0.020407896929042955,0.04059270825546966,0.02984966937306459,0.05146616704864951,0.03280608623278614,0.023655265403227776,0.03659635581920261,0.04370638555788002,0.02846156535232031,0.053413496390391425,0.07311833070538301,0.019794313604478742,0.031681550613726614,0.03829720238340429,0.036906754812749354,0.044991565367761235,0.04115938978834555,0.05295808687683728,0.02526909806795329,0.04797398060984313,0.025391163834633995,0.028781344261973544,0.032593200566630565,0.03766213338774313,0.020675538635896024,0.013588379713319608,0.019208881077204722,0.07197976200935241,,,,0.0409976675657913,0.013182661150924771,0.030261339618410665,0.04529003655957647,0.027929410755220988,0.021651662302303632,0.026452915963573253,0.03526439178318571,0.04102753470222902,0.042044808985661805,0.025237314441903917,0.028760870190993888,0.03956696638119617,0.0440082715219738,0.02983331844057727,0.052247678621064525,0.01637681822630657,0.0236576364539973,0.05084197343356186,0.01977496235184143,0.026500601810105256
2019-12-01,0.04614471576676169,0.024280501864017562,0.017807267139518915,0.032787198473836855,0.042268737102348124,0.04408608427645318,0.020930072275913213,0.03285057799637717,0.017878295555330735,0.0296832333062629,0.03192743255991218,0.04028426157295652,0.014247032466741338,0.037305745653304884,0.03323048797542998,0.04091283915842889,0.025325241525778676,0.06899784060054535,0.034038663357825544,0.05140261776180249,0.043050826082301,0.028656345791988093,0.04390490813978694,0.04717560649388983,0.034972537939945494,0.038396954289757826,0.07855273091751008,0.020916964148524064,0.03365136980623015,0.03735921058601286,0.04466590922555313,0.04555696862334826,0.03828832639236695,0.05984146808647757,0.026140941789614326,0.04575388079563309,0.02500581397822009,0.029488367875298002,0.02754903054031317,0.03276049465607726,0.02385567037545947,0.019682924263291914,0.02532854254753458,0.0783893533486289,0.03482504413194655,,,0.04200278398533744,0.051621213057501114,0.032241339930072,0.03579039456506475,0.03233760150265725,0.03196974808248347,0.023939637295645994,0.030806110523455138,0.034509268824554906,0.03323427119155344,0.025786932508637908,0.03323909144142204,0.04959696072532499,0.053608804397161196,0.026548980895659824,0.05409528677871564,0.013813800449602542,0.03223139696473843,0.06126104495040684,0.03531493354014199,0.02702250724046018
2020-03-01,0.037711350623646486,0.022319367285358202,0.014950437960792857,0.013956351280950042,0.03152780146670472,0.04489369444878789,0.04902800035224529,0.056824304890023054,0.020746850518676956,0.0047062369992607,0.008951080851394455,0.02698642121141262,0.025525083630650647,0.03977093574354897,0.02445300946634541,0.02855963285067617,0.023787919734090376,0.05039052776586685,0.01666314505941656,0.04428844942636201,0.03566958675774123,0.019674802779479826,0.03488526833717174,0.03702883994846242,0.026948538458935755,0.025979829092295223,0.07172840035778105,0.04644227864752211,0.031331563926989894,0.02363701724205713,0.04700792801643691,0.0462869849122239,0.041287035404314706,0.04846350846886754,0.014922398740014326,0.02757230154961928,0.021040244049778997,0.026048710930238316,0.06108698796560857,0.02693355057164217,0.01918244953843157,0.034942747022322265,0.015157603009475688,0.07638017959493977,0.045825809667090246,,,0.024416215756120917,0.05752524604814981,0.027890793074937626,0.033755957904112954,0.027537041395306102,0.017856859465153963,0.018908511483089484,0.03152530520328038,0.021459004551631904,0.017658373691352203,0.025370846004688627,0.02458772182211753,0.042157647314512305,0.04974207382172409,0.04332944007204938,0.058718334790436394,0.009781971413211887,0.01751944409662501,0.04156810824056672,0.01620111966392343,0.019470921996559767
2020-06-01,0.04162840623508991,0.022064965718576586,0.024845577083360385,0.01886497509852726,0.03164009324598182,0.050686195370727445,0.06594771687494984,0.07209575061835881,0.03370599795557628,0.033898321242990206,0.028970738833162576,0.03566844874158783,0.029020446783466592,0.0441785371974206,0.027484525606441813,0.04113641929256499,0.03506361938938881,0.039618125714954766,0.020670117238660052,0.04228272748432713,0.03309796351873423,0.027487539779405868,0.03393276102534864,0.04724442318140918,0.04357085208478302,0.03411391027587981,0.07165288113941717,0.03778276174257155,0.04946008715613625,0.03500304571540985,0.05428709080255944,0.03286290778145014,0.04767955982298941,0.05725417624123822,0.02609335350622342,0.033597568240924164,0.031291924468331005,0.03853147563349824,0.06943734200355914,0.026644951963774467,0.018002123739889977,0.037350583801527996,0.027174768044045824,0.0737175130766862,0.032383475341016835,,,0.028043288319351874,0.06022132404364036,0.04424658161156976,0.04196285762789029,0.025071491048095494,0.022611283471565186,0.026718945838743537,0.07844785181768155,0.03643858661239527,0.020907292734098203,0.023966451597240982,0.024001733484612736,0.04514048046608177,0.06742576391716666,0.0574032725759471,0.057226909444550056,0.028711652418591225,0.028390243376705517,0.048940601646845786,0.037907683873666526,0.031097314293377407
2020-09-01,0.04738984739064613,0.01643551452803471,0.021234798289258613,0.01884521168939105,0.033584949382775627,0.035734401298305914,0.052241473503445636,0.05820171277434583,0.034643088658177563,0.01618937071137748,0.025319738436621737,0.03646124987959677,0.029386978341796224,0.049138857930709684,0.023527757679915662,0.038712979580465726,0.03619025512012753,0.028865881870579677,0.015794226642593105,0.049531434567782404,0.033887312604893416,0.029350571708928352,0.03482381866781432,0.052749210226080916,0.025740795349644074,0.035317697078767994,0.06813770754712598,0.0524575996413901,0.0518033664326304,0.020835933425071677,0.03181431028991668,0.037239024940982204,0.05356465934342686,0.06684905486264801,0.023988481721166965,0.03752923463506655,0.03362433131797486,0.04018216734600089,0.04251675343759256,0.024733586269892426,0.03187430314106114,0.020350534953701357,0.028193648494783688,0.07021132098499706,0.03817570064544852,,,0.04271388714362206,0.06731466228027264,0.046631207445598906,0.040277690929284043,0.024580789080828835,0.020754850855554282,0.03330750039594747,0.05097717497718214,0.03706961626215908,0.023263756569989046,0.0179149750151571,0.015121445247984543,0.04379713761929422,0.06876152693197261,0.048088165905199626,0.04788241558582552,0.025972965564232828,0.03164089281310644,0.04413034672114471,0.028211642649457087,0.028773290800045447
2020-12-01,0.03846389516702943,0.013035109394723389,0.023967498703056585,0.03156778393042488,0.03491222047917173,0.03648607034132533,0.04318499170271225,0.04620362381506786,0.035390933095857904,0.029024347116595964,0.025701227574625965,0.034424240185811444,0.022887001598905027,0.03761333372364796,0.0347623656168365,0.03025032912874656,0.025191694110112923,0.044957484936156346,0.019171285867546385,0.05612518205116308,0.026184909430642844,0.02438694720825115,0.03298225631928841,0.038050042395429175,0.03357812205450443,0.029137696587841492,0.049831429142910555,0.04518962357842101,0.040862819524648826,0.027691015111386365,0.03497972579338482,0.03611659852676535,0.03770926749019403,0.04685795678056636,0.020708636800204464,0.02604555809968258,0.029870548004318823,0.030226513367707167,0.03899817502519813,0.021611845088234015,0.0337427261264913,0.024504789091892788,0.025794413515491606,0.05327838934212698,0.0331781010486168,0.06172034249330129,,0.04703924978956395,0.04940342339750435,0.0387878684348963,0.035630004692814264,0.02902097265452736,0.024660250436476044,0.03576361355702627,0.04934925630747089,0.03699261013097865,0.033116882214514295,0.015815600324649275,0.01305171098425059,0.04060264642209792,0.05489694087375981,0.043878353496977024,0.06011216376358366,0.024386767891879504,0.03089966476799766,0.0418306393320961,0.033314275347163885,0.022709552846005832
2021-03-01,0.041359469272341916,0.03250591514784363,0.03484878614338348,0.03823882665853031,0.040742683422367046,0.03943475282501977,0.03830360303875395,0.042343362737803376,0.0356363437840978,0.03422252551356457,0.03647171054213285,0.036343460080610714,0.03378648068186911,0.03746123403856563,0.03760174979265511,0.03969502331390633,0.037633965627218206,0.03680858451481912,0.033038659755303464,0.04144838158277068,0.04061076311761056,0.035117582806726826,0.038915996624925564,0.04062294103555346,0.03481769464233532,0.03991900334896339,0.042557816768003714,0.04213111500008372,0.04255570246787508,0.03529148315965076,0.03602871879896223,0.04326605544414078,0.04042757752273899,0.04258771454897393,0.034572063612909584,0.03942336644734702,0.03639730398054743,0.03769992519540939,0.04148894252897798,0.03484070881443664,0.03533922136067995,0.03645748955034603,0.037947340592528474,0.04397782344413092,0.04084784307434463,0.04699758849467812,,0.03949278136134683,0.042039025823205574,0.03539357616836154,0.035860579770383996,0.03672667790773114,0.03269823589768905,0.035991785362116016,0.041316621801096604,0.037033005371350035,0.03934407763565797,0.033619682222161267,0.035476250359557975,0.040301493828796955,0.04305297389846159,0.036411631610032524,0.03928795698202339,0.03397645143694865,0.03567461197477439,0.041762571489219,0.035858151386333345,0.036164292115362914
2021-06-01,0.02429232360027017,0.014391815230925777,0.010438242852844138,0.027993517339767137,0.020848168153554888,0.023031465940487016,0.03326113967303744,0.039645443488094095,0.030407445702231247,0.017391992010171994,0.01320170836858933,0.01811735115064094,0.0182066332902219,0.033682298961324214,0.027903228696041105,0.02182923277271341,0.027032667575284493,0.015617976623340723,0.011718986357937276,0.03535126624166918,0.01680169872307126,0.02053275783333328,0.025315252882886406,0.03435181039127926,0.0299931123204615,0.02429869488095018,0.036910560957668176,0.03450370490096642,0.035312151922545665,0.01723712502683017,0.02095777711184627,0.026888816987198094,0.02926986570897567,0.03785026248003008,0.014848053442333304,0.018846732891027587,0.013596318745731847,0.02698091111428486,0.025062978839467974,0.01810861986663459,0.017364045413099063,0.010115277590391,0.020028175017016325,0.047342622083820424,0.03720471046569635,0.0500822402480463,,0.02727088052448691,0.04632134273554713,0.030001411591874572,0.03592092713535879,0.012483899852034156,0.017070576549980527,0.01815444909492409,0.021685038944672975,0.019059385203227787,0.023028246094240576,0.01851616153276449,0.01711583839072444,0.028553798594615307,0.04200027877044697,0.03143563231194693,0.032741292015023675,0.009410423819494779,0.02725290965853988,0.034923589606533106,0.024927117633994196,0.023928573753456153
2021-09-01,0.04469413547681517,0.026092859533328565,0.023034003993366012,0.04093463332269451,0.03624406188915333,0.03957394024556356,0.03583017915913766,0.0408154614963319,0.03646966143793869,0.021927298643950287,0.03010793485607777,0.03553451737478694,0.03244899855198197,0.04193489787989635,0.035543804016378015,0.035766969182917746,0.03464240593555133,0.03850407690295204,0.03237169379634162,0.05434289183623717,0.0326068386803356,0.03544580032946258,0.04095274916895691,0.047282841065925334,0.038217587391971064,0.030147843154183795,0.04716112832118049,0.048157984677765574,0.044999070459888185,0.03162050827812083,0.030382016965796926,0.037136510988111375,0.03598822077511279,0.05143564371489411,0.029885618869858393,0.03316856691935934,0.021181067500883236,0.035921069867664815,0.03754407690511462,0.030022719839171742,0.03618704187441418,0.022132595489167888,0.03354928720443096,0.05924591076473548,0.05245124471271748,0.056589918224373606,0.04789096421860377,0.04704954541407549,0.05111363651540691,0.03999554832560847,0.0465704967845676,0.03248291006557753,0.03579611241310701,0.029894302994180815,0.04636340372732239,0.034355744248851044,0.03685862893050304,0.026937359729601193,0.02887079436047446,0.04663748699421995,0.0513094023388125,0.03505397967218109,0.04609444692495138,0.025376744879108713,0.02617877262834643,0.051496452208259234,0.02944565942631283,0.03611772906027805
2021-12-01,0.038990259361945195,0.03550158820397362,0.029386536231219694,0.03250436325908426,0.03587876498903467,0.03563527215393302,0.03600337667754609,0.04253314933811918,0.0345254117580763,0.024184731908648144,0.0310810771930754,0.03645802531969416,0.030578903600674733,0.03548765829915403,0.03585891823670099,0.03678983525121286,0.03420963192572417,0.03875988534624508,0.03101052073253717,0.04490717013277708,0.03394101559677484,0.03450483165379034,0.03490961844949395,0.044188384368830845,0.031420552890990966,0.031796973662651704,0.04446247251008837,0.04195490265877125,0.03905473079021604,0.032638938821095455,0.03645540003387224,0.036570627361480784,0.03728670397825664,0.046679975267310665,0.03266119796312104,0.02990601731627802,0.029873355680688878,0.03834670079440619,0.04847215427277911,0.03250159848731874,0.028788588562835966,0.03312157545410909,0.02776841459003814,0.05176595464720244,0.048145723510244806,0.050500314407714166,0.0460006257128437,0.032070083738540735,0.04632667797592764,0.03470856583734573,0.03740078198189283,0.03208511495768239,0.03633637582126404,0.0321481553441898,0.038739657426803714,0.03400520278260849,0.033401155171048844,0.03591951288134536,0.028553951455063717,0.04427516717195085,0.04725947741983617,0.03617550668186258,0.04758721889555531,0.0268564954546601,0.0292501175495733,0.03452862165836419,0.027324780734098376,0.03673464268978393
2022-03-01,0.04239762839722885,0.03667270766675161,0.03798302147067591,0.04033192747643215,0.042364540747152804,0.04062257538986896,0.03874256290239204,0.04492090782412648,0.03834625066983887,0.03400871238254581,0.03873667901435422,0.04026666640450158,0.038645076926107115,0.04066317302438402,0.042117849403820636,0.03957650410058302,0.043800187134345886,0.04056376577709578,0.03757093262837496,0.04408256756575248,0.04348670088106508,0.04027297655875601,0.04043230002860288,0.048449880395129326,0.03980551500205595,0.04583188005207091,0.04892525040269,0.04497540793595547,0.04170696247380319,0.04071599312446206,0.04161028066338648,0.04068815103086859,0.04024470485421708,0.04356474281149413,0.04034531820514639,0.034632447669482376,0.036905038262761994,0.042241311593483634,0.04229796588643367,0.035625383263864004,0.0404812822883707,0.036665861564347695,0.03580044565561302,0.05115899210011087,0.05039302748360228,0.053037887988731214,0.046350756939686565,0.03852556142598147,0.04890066342974026,0.04055473108847631,0.0424576285093732,0.03923348540988026,0.04059251385597745,0.040538019978871506,0.04045633759072476,0.03851481329618886,0.03750067205558105,0.04271917422548048,0.03712002283769626,0.04358889966979982,0.04998734479964084,0.041787775212477035,0.04460361391096874,0.03539390314947314,0.03818187281482098,0.04152920042633749,0.03555068828052519,0.0432485056764301
2022-06-01,0.04101761813692551,0.037506123246500815,0.0397838059391648,0.03762171711977627,0.04241626164652475,0.03721284386704083,0.040327866313718125,0.044659906651382135,0.03836106506296963,0.03343539802279276,0.03838224183099794,0.04029942520994584,0.041163311450672486,0.04150721017087079,0.04251567434580879,0.03946080235226931,0.04426045040733591,0.03931748401540729,0.0371774858122944,0.04379848785788472,0.03715334537860239,0.039883408495821185,0.039903358688585876,0.04767189535971348,0.040620925065831245,0.044602701116124396,0.04857513120888624,0.04478060870291712,0.04249043822533003,0.04041898809783308,0.04139349946235875,0.03966385882535197,0.04002187978292357,0.04691403817734325,0.0404697258001923,0.03616525655422634,0.03752613852872078,0.04228045953174304,0.04535700495817973,0.0381331474652153,0.039925335657523334,0.03551338678179153,0.033328572401928505,0.048685919000612275,0.049988099427500376,0.056437007676912426,0.046011346474040364,0.03452727365826656,0.0470425309914699,0.04177440644605829,0.044447787772309975,0.040011695114107425,0.0407336694778184,0.04038605947899229,0.04080480678325373,0.040147157763348505,0.03496023705254708,0.04299680838943039,0.038562655827805804,0.04398961177134802,0.04653011731554194,0.046182076605331586,0.04639795712929975,0.036863335763032704,0.03566794086850444,0.03803274651456152,0.03584046351896969,0.04264312155337679
2022-09-01,0.046477714349285264,0.046477714349285264,0.046477714349285264,0.046477714349285264,0.046477714349285264,0.046477714349285264,0.046477714349285264,0.046477714349285264,0.046477714349285264,0.046477714349285264,0.046477714349285264,0.046477714349285264,0.046477714349285264,0.046477714349285264,0.046477714349285264,0.046477714349285264,0.046477714349285264,0.046477714349285264,0.046477714349285264,0.046477714349285264,0.046477714349285264,0.046477714349285264,0.046477714349285264,0.046477714349285264,0.046477714349285264,0.046477714349285264,0.046477714349285264,0.046477714349285264,0.046477714349285264,0.046477714349285264,0.046477714349285264,0.046477714349285264,0.046477714349285264,0.046477714349285264,0.046477714349285264,0.046477714349285264,0.046477714349285264,0.046477714349285264,0.046477714349285264,0.046477714349285264,0.046477714349285264,0.046477714349285264,0.046477714349285264,0.046477714349285264,0.046477714349285264,0.046477714349285264,0.046477714349285264,0.046477714349285264,0.046477714349285264,0.046477714349285264,0.046477714349285264,0.046477714349285264,0.046477714349285264,0.046477714349285264,0.046477714349285264,0.046477714349285264,0.046477714349285264,0.046477714349285264,0.046477714349285264,0.046477714349285264,0.046477714349285264,0.046477714349285264,0.046477714349285264,0.046477714349285264,0.046477714349285264,0.046477714349285264,0.046477714349285264,0.046477714349285264
2022-12-01,0.047659662884797144,0.04489071253958184,0.04062574600414418,0.03976160681540857,0.04525811870127724,0.04112700327202501,0.042704412458445376,0.04778668247360606,0.04345344796025425,0.03697353827024701,0.0411096478066046,0.04667254438299981,0.05078111746353363,0.04138234178690288,0.04757660868049509,0.04424861918006574,0.04487344792269031,0.04543547227780425,0.03986603299116582,0.044360328117731905,0.0459841589238182,0.04450128377612447,0.04691980116029057,0.05096145478234214,0.045243495952087154,0.04427112693093821,0.05365504679740205,0.045001781170954575,0.045586937745952454,0.04694818743479965,0.04965664405267079,0.045042824145649106,0.04560949276738069,0.049741972133527414,0.04132623957245177,0.039135660630934946,0.04250837562807104,0.045968941156145665,0.05468374960663915,0.041397607576289124,0.0410271264916559,0.03815511687482155,0.03500332865485085,0.04931337125379419,0.05662932868655184,0.06531058785566782,0.0553856516401535,0.039166181294859354,0.0516420975332643,0.04952763150954287,0.060158499759181215,0.041978598232489304,0.048438720658467875,0.04329735356348154,0.04637579951702767,0.0432208089942124,0.043788660535281715,0.04526677755366778,0.04725228423879681,0.04630815538368278,0.04682850376370502,0.05438578498546468,0.058476396188324425,0.040716295447300266,0.04391571498186707,0.04784983273409435,0.039828464260753045,0.0513273293278831
2023-03-01,0.049000975148669454,0.04544929410551265,0.04366327326066378,0.042725427342594734,0.04816866505933311,0.042005007370409506,0.04623280911228287,0.04888911283854784,0.0447051778854065,0.03907225050400801,0.040581869381527136,0.046407935976990985,0.049560461277548234,0.03842623621815442,0.04880135755328796,0.04592860651752097,0.047106700849534444,0.05026212608575711,0.04390925611025799,0.04697993727563168,0.04345731608592561,0.04699897783888205,0.04765381503490075,0.05087058891658636,0.04705415168380964,0.04975706811854429,0.05115473266349903,0.042791381215478326,0.047320095021639336,0.04953134371189883,0.05081625584141544,0.045565789714242015,0.04705982390556874,0.049002303453217044,0.045309619147487344,0.043892371353526013,0.043113342616000576,0.047287463190682714,0.05236505491745753,0.042164798826438,0.04416417088286471,0.03983864884745808,0.03688803164729975,0.05284648706591311,0.0563527354291122,0.05968810648696682,0.05808337628796004,0.03917310893066173,0.05054824961957496,0.04827606102453792,0.05480918677136005,0.046773965257653226,0.047771320467709585,0.04655547242105062,0.0477751027536815,0.04352607971447247,0.046526588031290755,0.049084225091815495,0.04640243957582715,0.04799595518761321,0.0462034787253502,0.052123928759503696,0.054774472086963934,0.043055505484535794,0.04480899007338592,0.05032014772139703,0.04196514376250941,0.049697783058397844
2023-06-01,0.04183777145289772,0.03682438516457662,0.03327091095316672,0.03149814789569402,0.037397333633469726,0.03641785397408511,0.038305669423918574,0.042462357413361095,0.04134661888137783,0.035116691690129306,0.035166022781915364,0.03896351503109267,0.04302993379763885,0.034394862067916164,0.041333630411201076,0.03672014344188038,0.04013843604336666,0.044945137815815925,0.03268184619507356,0.03395782577243898,0.03487931814318019,0.03524869962603523,0.03775337429114703,0.04145870829952459,0.040997179489956126,0.0410545739747329,0.04291651899291695,0.0404345585680313,0.03745715426255319,0.03993754108572714,0.043690259803389225,0.039003411094164706,0.043040373511860054,0.04245219750433209,0.033596707263493515,0.035288342235636816,0.033960899386818656,0.0380999163179253,0.041823456721911206,0.035160109955315905,0.03211446467524904,0.03389071478122743,0.03266097111103441,0.04283581533133641,0.04693607030774709,0.05006256873732455,0.04822011863351375,0.03571146942822754,0.04268382848992039,0.04263150357612359,0.0479024771782845,0.03699237103766023,0.039543818239178234,0.0381895759522355,0.03915203723011406,0.03392423644575595,0.03875421292978898,0.03833931851276755,0.03741761891967718,0.039228173291805196,0.03951646278582016,0.04364085672007714,0.04466655746964828,0.032991577353100536,0.03749604817683133,0.03839042200766053,0.030838682108868955,0.04183865022793251
2023-09-01,0.033913687610696464,0.03300930090416693,0.0289540066576046,0.023744574790978926,0.028526252866183183,0.026982353015761084,0.04020350727766838,0.04136469276129216,0.043168953649998676,0.029211531792788,0.02704254960635969,0.030781575559336326,0.039070359560358536,0.02704226362551197,0.03397492665103932,0.029171307249061418,0.02911010014940779,0.04916169880697472,0.024404273154362766,0.030054414053016613,0.02621505133582992,0.027213380324149536,0.028277437932478992,0.03542107226779965,0.0388822438474069,0.03669894919596049,0.03572813668370541,0.044392523033509296,0.031204659286822232,0.03192375025163342,0.040100665474345765,0.036668445881408,0.04099607298513215,0.03945966364722264,0.026206541067759978,0.02859734327779864,0.029690217069486463,0.032101947870825584,0.04307425402976987,0.02643005859048657,0.029462513870912085,0.02664944368325826,0.023486424666340263,0.03595889505270517,0.04087174860938371,0.04798704629299173,0.042221310827786594,0.029893896112433437,0.03624299310917782,0.03705452255803968,0.03484948402085754,0.03372780233266448,0.03464111137746663,0.033399969259797956,0.029609567971955783,0.02790085345751106,0.035440750373020156,0.032509024417644576,0.029934429218875624,0.03136870840433686,0.033724438090141744,0.03586190277202175,0.041966438190554595,0.030027408144849593,0.02823741869984572,0.029317679942572557,0.02419146350632363,0.03408917269509116
2023-12-01,0.03529277859221419,0.0308937256053121,0.02574516575430412,0.01990605074241971,0.0260861343020166,0.023458906109258604,0.0429327869132888,0.0374351467052734,0.04405928616922463,0.023237498311821803,0.023533881051093938,0.026552540103436884,0.038421070724381355,0.02152467613005273,0.028057056828934092,0.025694990563330748,0.02875919134188819,0.04174229621138401,0.019871865678509605,0.02337667722257373,0.023511506261275374,0.023488034925743133,0.024715234480252663,0.03223174586505792,0.031496057985546715,0.028949253987531662,0.03766979900166897,0.042185350679991684,0.029807411474017106,0.02801837533596217,0.03550606412242748,0.036691254841184254,0.041381861629500354,0.03460207744086012,0.027763790655217377,0.025240210098809317,0.025731508044649378,0.024306083357222993,0.04063941679972507,0.026083148395263163,0.02533042476788253,0.028669671705660142,0.020693359977033737,0.03595101895119124,0.034879355823695266,0.049805403491238964,0.038526409265426186,0.021390139247111348,0.03255756807132035,0.03339318925810195,0.03277721188854299,0.032071387729418296,0.033053028807461665,0.030669630060926593,0.025683199721514123,0.023880091542779095,0.03153117823735761,0.027692876755699914,0.027105557616124248,0.02661192723420033,0.03227317506793597,0.0352620620472269,0.038430537514728504,0.027240673542919515,0.024749771060986754,0.03157367942464361,0.020193899347829128,0.035140920720780934
2024-03-01,0.03449755693276791,0.03490661795354188,0.031708583713154145,0.020904447817290502,0.02662098842444679,0.025498259454734818,0.03853747718191546,0.04033106954483614,0.039719536812822594,0.02327022273058632,0.023292777910063366,0.025517992321476016,0.03678297183117898,0.021330362337071286,0.031988740294816506,0.026010822920606743,0.03030045783329334,0.039315951257104485,0.021145709829350004,0.02327415931965837,0.02808668549313189,0.028820092121287774,0.02693665022041715,0.034168679335317684,0.034207894090762324,0.028227873307145317,0.03356374326536935,0.04165251775738904,0.03288625979865461,0.033719674305758444,0.03250263897073193,0.035813364861059856,0.042068795327244286,0.03018836834906104,0.030200169508931528,0.025739566029708696,0.028601849525894306,0.029123857511828687,0.041330520850436356,0.02249716011120948,0.02527546706840305,0.028615275781081157,0.020385471136245607,0.03283928328518735,0.03466840716065519,0.04665878487985919,0.037429977394327234,0.022193627283704775,0.03467393718623759,0.03141230379494255,0.03193856371645608,0.03328870521546076,0.03434911562293768,0.03495300089690717,0.03165680609865252,0.024440952077705372,0.029064607442442863,0.029388347801795098,0.027918460609403013,0.02780992335127999,0.028889223411954195,0.0376878284467264,0.04178240662422332,0.02867194628820865,0.021770625364533808,0.038411762449540546,0.02200702135429319,0.03758440422997121
2024-06-01,0.038791492170332384,0.03464954156643027,0.0346487041545849,0.023213053601014257,0.029498151024117573,0.028927501449435275,0.03863601509650688,0.04113519828876142,0.04335116676161101,0.02450288927046456,0.025929818166447967,0.02857447173511455,0.039185578717706615,0.027749330737821334,0.0366039935985313,0.03141823906476744,0.036835235014334874,0.03751665237193213,0.0252742357005047,0.023002499898924413,0.026798071852577553,0.029336723114074762,0.03195061928496359,0.0395663836571201,0.034941300141428926,0.032840513592038996,0.0355168000483585,0.04002914403950444,0.035392734875887906,0.03498068302463737,0.03417243384960713,0.0327798020823679,0.03921539294626045,0.03086473609560985,0.03224434862561992,0.028400667026730945,0.03275847040905548,0.03318456629023138,0.041201058488841286,0.02805471921667499,0.02672799805590063,0.028385268376562318,0.0239279880156272,0.03373101019454924,0.03753924574498673,0.047065824330993246,0.030829609943337295,0.023868495702698524,0.03867262553477594,0.03756922673995619,0.03293393908973859,0.035607025565948074,0.0393431575769249,0.036972594069725875,0.037547549675223425,0.02926342745296265,0.030810422550043834,0.0306046250918542,0.0302143914299389,0.03189244962945906,0.029010911171905792,0.038672452562730414,0.03637889141669118,0.030564793782939616,0.02622565961572644,0.04109766263026193,0.024836334584411097,0.038822032457484876
2024-09-01,0.03404597674042444,0.03694210243352445,0.030563505427185403,0.0273910929356836,0.03406217076027344,0.028268496180924564,0.036159569416234764,0.040405771807924665,0.04212690115334549,0.026921622337522932,0.03105277576326823,0.03416234200865007,0.03443766423427666,0.028306134769626925,0.035649889456782304,0.03538070430507449,0.02996360240271605,0.031376411952908585,0.027736760009058104,0.028402405115092188,0.027306323352777214,0.031037594026746274,0.03092201787888149,0.03523767433311153,0.03528118539971628,0.03093042283473278,0.03915052503549132,0.03767491802084511,0.02996360240271605,0.036979638036534285,0.03603196079282918,0.035405179539699405,0.03905665731321306,0.03337071004473685,0.028486816881504708,0.03096758283065961,0.03133148545488761,0.03475604833524963,0.036812913402753056,0.02917241862562669,0.03431233557655055,0.028987945166852398,0.025188348889126553,0.0336501416103252,0.03491599827812046,0.04438258614512318,0.03173779499349087,0.028613752027362008,0.03626274212851429,0.03977830340676003,0.03780593455430032,0.03655526867549842,0.034555850487349486,0.03339817788095185,0.03733051975474376,0.03145750874078479,0.03408411691864848,0.029288862377534995,0.036003428024854595,0.030040513751699218,0.02975963299918555,0.03685996686472108,0.03720825677789276,0.031095441672677495,0.03150318042785885,0.03559094092921535,0.02968621582224171,0.03845297505028447
2024-12-01,0.02984537498879214,0.03195244149484033,0.025409175342296947,0.023573475444780154,0.028521421845532854,0.02494576327152293,0.034336711925449306,0.03777844018900469,0.039427443787737944,0.02252392483726267,0.02714637587259428,0.027684959745396108,0.03145556141110377,0.023786633358466536,0.02928887888785048,0.02701476888737962,0.02553908352050117,0.029541734185601572,0.022019198653363003,0.023020390130031307,0.023062838375019136,0.024265347308013382,0.02913388756338287,0.03281118338644637,0.03241731158445855,0.02711452556974327,0.032723422689649756,0.036375943678697044,0.026617326802348497,0.03055132782753275,0.0305931502319987,0.03435870684222422,0.03196721258629294,0.029756158317916555,0.024377827545744735,0.027598420759205693,0.025704681064561266,0.02876000406639445,0.03473118900957641,0.022634037114855045,0.02849651391548082,0.024644783261289917,0.020760862535847666,0.03348009904379008,0.033202778554969184,0.0453997280097132,0.030193952636830283,0.024047954959909083,0.03317536364049985,0.03236057092867312,0.03197331712409301,0.028274572497051165,0.030532260304510794,0.030457642876386134,0.03351817751762143,0.025229803730081102,0.029253873709782042,0.023711266695799465,0.028619845282054274,0.02807419709555352,0.026898049483958162,0.03148370960581898,0.04322861382483544,0.022622693258996896,0.024782495950454484,0.030614808876608647,0.025754175599890655,0.03458500637823855
2025-03-01,0.03619050162513907,0.03619050162513907,0.03619050162513907,0.03619050162513907,0.03619050162513907,0.03619050162513907,0.03619050162513907,0.03619050162513907,0.03619050162513907,0.03619050162513907,0.03619050162513907,0.03619050162513907,0.03619050162513907,0.03619050162513907,0.03619050162513907,0.03619050162513907,0.03619050162513907,0.03619050162513907,0.03619050162513907,0.03619050162513907,0.03619050162513907,0.03619050162513907,0.03619050162513907,0.03619050162513907,0.03619050162513907,0.03619050162513907,0.03619050162513907,0.03619050162513907,0.03619050162513907,0.03619050162513907,0.03619050162513907,0.03619050162513907,0.03619050162513907,0.03619050162513907,0.03619050162513907,0.03619050162513907,0.03619050162513907,0.03619050162513907,0.03619050162513907,0.03619050162513907,0.03619050162513907,0.03619050162513907,0.03619050162513907,0.03619050162513907,0.03619050162513907,0.03619050162513907,0.03619050162513907,0.03619050162513907,0.03619050162513907,0.03619050162513907,0.03619050162513907,0.03619050162513907,0.03619050162513907,0.03619050162513907,0.03619050162513907,0.03619050162513907,0.03619050162513907,0.03619050162513907,0.03619050162513907,0.03619050162513907,0.03619050162513907,0.03619050162513907,0.03619050162513907,0.03619050162513907,0.03619050162513907,0.03619050162513907,0.03619050162513907,0.03619050162513907
2025-06-01,0.03543341573518482,0.03780985270246116,0.034695305818724854,0.027485973178706206,0.03447931398573796,0.028660075782741188,0.036162332870087625,0.039046811032778204,0.040565412884723595,0.027064298871448317,0.03153009233280366,0.03693127316967834,0.03600293979116733,0.02880985776316265,0.03598104052847733,0.03441628845236119,0.0308272529338636,0.03857829752079856,0.02931503413051111,0.02710728136558756,0.026212878056029565,0.028433349670406127,0.0341292751979297,0.03740307896483811,0.03490387643037882,0.03405744727420495,0.03673228785889836,0.03797988792544002,0.03126670894925752,0.03491700291069536,0.03841186364876683,0.032398148813947356,0.03234376193558506,0.030721731465376767,0.02973476557656184,0.03515593182035371,0.03058933707541057,0.03515040354741371,0.03860347447444554,0.03059984348546839,0.04390330844485219,0.02871925615206683,0.026778615316239172,0.03425430375570206,0.03666817455849277,0.03830021136919425,0.029559763240358552,0.03002786508005853,0.03298314229338392,0.037146687590530504,0.03680882011047267,0.032958339019416666,0.034179673699568563,0.03485030362436103,0.04576316805779107,0.030316234990416528,0.03225831358433278,0.029273079244568918,0.034004477468216304,0.030650601368300716,0.030534867501850763,0.03387209235715772,0.04626500288294555,0.028761191592562022,0.02918818163959104,0.03138498773616788,0.030769852192865047,0.03798431853954094
2025-09-01,0.03671265543399319,0.03671265543399319,0.03671265543399319,0.03671265543399319,0.03671265543399319,0.03671265543399319,0.03671265543399319,0.03671265543399319,0.03671265543399319,0.03671265543399319,0.03671265543399319,0.03671265543399319,0.03671265543399319,0.03671265543399319,0.03671265543399319,0.03671265543399319,0.03671265543399319,0.03671265543399319,0.03671265543399319,0.03671265543399319,0.03671265543399319,0.03671265543399319,0.03671265543399319,0.03671265543399319,0.03671265543399319,0.03671265543399319,0.03671265543399319,0.03671265543399319,0.03671265543399319,0.03671265543399319,0.03671265543399319,0.03671265543399319,0.03671265543399319,0.03671265543399319,0.03671265543399319,0.03671265543399319,0.03671265543399319,0.03671265543399319,0.03671265543399319,0.03671265543399319,0.03671265543399319,0.03671265543399319,0.03671265543399319,0.03671265543399319,0.03671265543399319,0.03671265543399319,0.03671265543399319,0.03671265543399319,0.03671265543399319,0.03671265543399319,0.03671265543399319,0.03671265543399319,0.03671265543399319,0.03671265543399319,0.03671265543399319,0.03671265543399319,0.03671265543399319,0.03671265543399319,0.03671265543399319,0.03671265543399319,0.03671265543399319,0.03671265543399319,0.03671265543399319,0.03671265543399319,0.03671265543399319,0.03671265543399319,0.03671265543399319,0.03671265543399319
